{"cameraMode":{"drawMode":0,"name":"Shaded","section":"Shading Mode"},"sceneLighting":true,"audioPlay":false,"sceneViewState":{"m_AlwaysRefresh":false,"showFog":true,"showSkybox":true,"showFlares":true,"showImageEffects":true,"showParticleSystems":true,"showVisualEffectGraphs":true,"m_FxEnabled":true},"in2DMode":false,"pivot":{"x":8.304510116577149,"y":-2.1101131439208986,"z":-19.243864059448243},"rotation":{"x":-0.013322013430297375,"y":-0.9744433760643005,"z":0.06031985580921173,"w":-0.2162342220544815},"size":11.945961952209473,"orthographic":false}