{"cameraMode":{"drawMode":0,"name":"Shaded","section":"Shading Mode"},"sceneLighting":true,"audioPlay":false,"sceneViewState":{"m_AlwaysRefresh":false,"showFog":true,"showSkybox":true,"showFlares":true,"showImageEffects":true,"showParticleSystems":true,"showVisualEffectGraphs":true,"m_FxEnabled":true},"in2DMode":false,"pivot":{"x":35.00814437866211,"y":1.051322340965271,"z":12.414860725402832},"rotation":{"x":0.004897786304354668,"y":-0.5755072236061096,"z":-0.003449664218351245,"w":-0.8178083896636963},"size":19.84749984741211,"orthographic":false}