{"cameraMode":{"drawMode":0,"name":"Shaded","section":"Shading Mode"},"sceneLighting":true,"audioPlay":false,"sceneViewState":{"m_AlwaysRefresh":false,"showFog":true,"showSkybox":true,"showFlares":true,"showImageEffects":true,"showParticleSystems":true,"showVisualEffectGraphs":true,"m_FxEnabled":true},"in2DMode":false,"pivot":{"x":-21.89673614501953,"y":-13.556832313537598,"z":-87.72147369384766},"rotation":{"x":0.009329293854534626,"y":-0.9896995425224304,"z":0.07616743445396424,"w":0.12116748094558716},"size":49.08480453491211,"orthographic":false}