{"cameraMode":{"drawMode":0,"name":"Shaded","section":"Shading Mode"},"sceneLighting":true,"audioPlay":false,"sceneViewState":{"m_AlwaysRefresh":false,"showFog":true,"showSkybox":true,"showFlares":true,"showImageEffects":true,"showParticleSystems":true,"showVisualEffectGraphs":true,"m_FxEnabled":true},"in2DMode":false,"pivot":{"x":0.3544900417327881,"y":-5.262699127197266,"z":-67.95446014404297},"rotation":{"x":0.0011825175024569035,"y":0.9983945488929749,"z":-0.0518617257475853,"w":0.022763587534427644},"size":40.79384994506836,"orthographic":false}