{"cameraMode":{"drawMode":0,"name":"Shaded","section":"Shading Mode"},"sceneLighting":true,"audioPlay":false,"sceneViewState":{"m_AlwaysRefresh":false,"showFog":true,"showSkybox":true,"showFlares":true,"showImageEffects":true,"showParticleSystems":true,"showVisualEffectGraphs":true,"m_FxEnabled":true},"in2DMode":false,"pivot":{"x":-4.690583229064941,"y":2.8256893157958986,"z":-55.7096061706543},"rotation":{"x":-0.00027001675334759057,"y":-0.9990058541297913,"z":-0.0059847780503332619,"w":0.04500802978873253},"size":29.08820152282715,"orthographic":false}