{"cameraMode":{"drawMode":0,"name":"Shaded","section":"Shading Mode"},"sceneLighting":true,"audioPlay":false,"sceneViewState":{"m_AlwaysRefresh":false,"showFog":true,"showSkybox":true,"showFlares":true,"showImageEffects":true,"showParticleSystems":true,"showVisualEffectGraphs":true,"m_FxEnabled":true},"in2DMode":false,"pivot":{"x":-0.3912305235862732,"y":0.3175058364868164,"z":-12.212776184082032},"rotation":{"x":-0.00024532832321710885,"y":0.9983254671096802,"z":-0.057866085320711139,"w":-0.00419636582955718},"size":7.337689399719238,"orthographic":false}