Using pre-set license
Built from '2022.3/staging' branch; Version is '2022.3.62f1 (4af31df58517) revision 4911901'; Using compiler version '192829333'; Build Type 'Release'
OS: 'Windows 11  (10.0.26100) 64bit Core' Language: 'ja' Physical Memory: 32387 MB
BatchMode: 1, IsHumanControllingUs: 0, StartBugReporterOnCrash: 0, Is64bit: 1, IsPro: 1

COMMAND LINE ARGUMENTS:
C:\Program Files\Unity\Hub\Editor\2022.3.62f1\Editor\Unity.exe
-adb2
-batchMode
-noUpm
-name
AssetImportWorker0
-projectPath
E:/卒業研究/graduation_research_unity/websocket_test
-logFile
Logs/AssetImportWorker0.log
-srvPort
59627
Successfully changed project path to: E:/卒業研究/graduation_research_unity/websocket_test
E:/卒業研究/graduation_research_unity/websocket_test
[UnityMemory] Configuration Parameters - Can be set up in boot.config
    "memorysetup-bucket-allocator-granularity=16"
    "memorysetup-bucket-allocator-bucket-count=8"
    "memorysetup-bucket-allocator-block-size=33554432"
    "memorysetup-bucket-allocator-block-count=8"
    "memorysetup-main-allocator-block-size=16777216"
    "memorysetup-thread-allocator-block-size=16777216"
    "memorysetup-gfx-main-allocator-block-size=16777216"
    "memorysetup-gfx-thread-allocator-block-size=16777216"
    "memorysetup-cache-allocator-block-size=4194304"
    "memorysetup-typetree-allocator-block-size=2097152"
    "memorysetup-profiler-bucket-allocator-granularity=16"
    "memorysetup-profiler-bucket-allocator-bucket-count=8"
    "memorysetup-profiler-bucket-allocator-block-size=33554432"
    "memorysetup-profiler-bucket-allocator-block-count=8"
    "memorysetup-profiler-allocator-block-size=16777216"
    "memorysetup-profiler-editor-allocator-block-size=1048576"
    "memorysetup-temp-allocator-size-main=16777216"
    "memorysetup-job-temp-allocator-block-size=2097152"
    "memorysetup-job-temp-allocator-block-size-background=1048576"
    "memorysetup-job-temp-allocator-reduction-small-platforms=262144"
    "memorysetup-allocator-temp-initial-block-size-main=262144"
    "memorysetup-allocator-temp-initial-block-size-worker=262144"
    "memorysetup-temp-allocator-size-background-worker=32768"
    "memorysetup-temp-allocator-size-job-worker=262144"
    "memorysetup-temp-allocator-size-preload-manager=33554432"
    "memorysetup-temp-allocator-size-nav-mesh-worker=65536"
    "memorysetup-temp-allocator-size-audio-worker=65536"
    "memorysetup-temp-allocator-size-cloud-worker=32768"
    "memorysetup-temp-allocator-size-gi-baking-worker=262144"
    "memorysetup-temp-allocator-size-gfx=262144"
Player connection [28660]  Target information:

Player connection [28660]  * "[IP] 10.33.68.179 [Port] 0 [Flags] 2 [Guid] 1264629284 [EditorId] 1264629284 [Version] 1048832 [Id] WindowsEditor(7,keiichi) [Debug] 1 [PackageName] WindowsEditor [ProjectName] Editor" 

Player connection [28660] Host joined multi-casting on [225.0.0.222:54997]...
Player connection [28660] Host joined alternative multi-casting on [225.0.0.222:34997]...
Input System module state changed to: Initialized.
[PhysX] Initialized MultithreadedTaskDispatcher with 20 workers.
Refreshing native plugins compatible for Editor in 17.21 ms, found 3 plugins.
Preloading 0 native plugins for Editor in 0.00 ms.
Initialize engine version: 2022.3.62f1 (4af31df58517)
[Subsystems] Discovering subsystems at path C:/Program Files/Unity/Hub/Editor/2022.3.62f1/Editor/Data/Resources/UnitySubsystems
[Subsystems] Discovering subsystems at path E:/卒業研究/graduation_research_unity/websocket_test/Assets
GfxDevice: creating device client; threaded=0; jobified=0
Direct3D:
    Version:  Direct3D 11.0 [level 11.1]
    Renderer: NVIDIA GeForce RTX 4060 Laptop GPU (ID=0x28e0)
    Vendor:   NVIDIA
    VRAM:     7957 MB
    Driver:   32.0.15.6607
Initialize mono
Mono path[0] = 'C:/Program Files/Unity/Hub/Editor/2022.3.62f1/Editor/Data/Managed'
Mono path[1] = 'C:/Program Files/Unity/Hub/Editor/2022.3.62f1/Editor/Data/MonoBleedingEdge/lib/mono/unityjit-win32'
Mono config path = 'C:/Program Files/Unity/Hub/Editor/2022.3.62f1/Editor/Data/MonoBleedingEdge/etc'
Using monoOptions --debugger-agent=transport=dt_socket,embedding=1,server=y,suspend=n,address=127.0.0.1:56284
Begin MonoManager ReloadAssembly
Registering precompiled unity dll's ...
Register platform support module: C:/Program Files/Unity/Hub/Editor/2022.3.62f1/Editor/Data/PlaybackEngines/AndroidPlayer/UnityEditor.Android.Extensions.dll
Register platform support module: C:/Program Files/Unity/Hub/Editor/2022.3.62f1/Editor/Data/PlaybackEngines/WindowsStandaloneSupport/UnityEditor.WindowsStandalone.Extensions.dll
Registered in 0.013720 seconds.
- Loaded All Assemblies, in  0.535 seconds
Native extension for WindowsStandalone target not found
Native extension for Android target not found
Mono: successfully reloaded assembly
- Finished resetting the current domain, in  0.631 seconds
Domain Reload Profiling: 1165ms
	BeginReloadAssembly (142ms)
		ExecutionOrderSort (0ms)
		DisableScriptedObjects (0ms)
		BackupInstance (0ms)
		ReleaseScriptingObjects (0ms)
		CreateAndSetChildDomain (1ms)
	RebuildCommonClasses (42ms)
	RebuildNativeTypeToScriptingClass (13ms)
	initialDomainReloadingComplete (89ms)
	LoadAllAssembliesAndSetupDomain (247ms)
		LoadAssemblies (141ms)
		RebuildTransferFunctionScriptingTraits (0ms)
		AnalyzeDomain (241ms)
			TypeCache.Refresh (239ms)
				TypeCache.ScanAssembly (215ms)
			ScanForSourceGeneratedMonoScriptInfo (1ms)
			ResolveRequiredComponents (1ms)
	FinalizeReload (632ms)
		ReleaseScriptCaches (0ms)
		RebuildScriptCaches (0ms)
		SetupLoadedEditorAssemblies (529ms)
			LogAssemblyErrors (0ms)
			InitializePlatformSupportModulesInManaged (104ms)
			SetLoadedEditorAssemblies (12ms)
			RefreshPlugins (0ms)
			BeforeProcessingInitializeOnLoad (5ms)
			ProcessInitializeOnLoadAttributes (305ms)
			ProcessInitializeOnLoadMethodAttributes (103ms)
			AfterProcessingInitializeOnLoad (0ms)
			EditorAssembliesLoaded (0ms)
		ExecutionOrderSort2 (0ms)
		AwakeInstancesAfterBackupRestoration (0ms)
========================================================================
Worker process is ready to serve import requests
Caller must complete domain reload
Begin MonoManager ReloadAssembly
Symbol file LoadedFromMemory is not a mono symbol file
- Loaded All Assemblies, in  1.120 seconds
Native extension for WindowsStandalone target not found
Native extension for Android target not found
Mono: successfully reloaded assembly
- Finished resetting the current domain, in  1.320 seconds
Domain Reload Profiling: 2436ms
	BeginReloadAssembly (248ms)
		ExecutionOrderSort (0ms)
		DisableScriptedObjects (10ms)
		BackupInstance (0ms)
		ReleaseScriptingObjects (0ms)
		CreateAndSetChildDomain (31ms)
	RebuildCommonClasses (52ms)
	RebuildNativeTypeToScriptingClass (17ms)
	initialDomainReloadingComplete (69ms)
	LoadAllAssembliesAndSetupDomain (729ms)
		LoadAssemblies (485ms)
		RebuildTransferFunctionScriptingTraits (0ms)
		AnalyzeDomain (389ms)
			TypeCache.Refresh (339ms)
				TypeCache.ScanAssembly (302ms)
			ScanForSourceGeneratedMonoScriptInfo (32ms)
			ResolveRequiredComponents (12ms)
	FinalizeReload (1321ms)
		ReleaseScriptCaches (0ms)
		RebuildScriptCaches (0ms)
		SetupLoadedEditorAssemblies (1008ms)
			LogAssemblyErrors (0ms)
			InitializePlatformSupportModulesInManaged (52ms)
			SetLoadedEditorAssemblies (11ms)
			RefreshPlugins (0ms)
			BeforeProcessingInitializeOnLoad (155ms)
			ProcessInitializeOnLoadAttributes (706ms)
			ProcessInitializeOnLoadMethodAttributes (67ms)
			AfterProcessingInitializeOnLoad (17ms)
			EditorAssembliesLoaded (0ms)
		ExecutionOrderSort2 (0ms)
		AwakeInstancesAfterBackupRestoration (18ms)
Launched and connected shader compiler UnityShaderCompiler.exe after 0.15 seconds
Refreshing native plugins compatible for Editor in 10.72 ms, found 3 plugins.
Preloading 0 native plugins for Editor in 0.00 ms.
Unloading 3304 Unused Serialized files (Serialized files now loaded: 0)
Unloading 20 unused Assets / (55.5 KB). Loaded Objects now: 3772.
Memory consumption went from 124.6 MB to 124.6 MB.
Total: 6.199200 ms (FindLiveObjects: 0.326000 ms CreateObjectMapping: 0.410200 ms MarkObjects: 5.282600 ms  DeleteObjects: 0.178700 ms)

AssetImportParameters requested are different than current active one (requested -> active):
  custom:container-demuxer-ogg: 62fdf1f143b41e24485cea50d1cbac27 -> 
  custom:video-codec-MediaFoundation-h265: 746d11721c4dcdbdad8f713fa42b33f4 -> 
  custom:video-decoder-ogg-theora: a1e56fd34408186e4bbccfd4996cb3dc -> 
  custom:framework-win-MediaFoundation: 216162199b28c13a410421893ffa2e32 -> 
  custom:CustomObjectIndexerAttribute: 9a22284fe3817be447336de3de66b15e -> 
  custom:container-demuxer-webm: 4f35f7cbe854078d1ac9338744f61a02 -> 
  custom:container-muxer-webm: aa71ff27fc2769a1b78a27578f13a17b -> 
  custom:video-decoder-webm-vp8: 9c59270c3fd7afecdb556c50c9e8de78 -> 
  custom:SearchIndexIgnoredProperties: e643bd26f0fe6173181afceb89e7c659 -> 
  custom:AudioImporter_EditorPlatform: d09bf68614088b80899f8185d706f6e7 -> 
  custom:video-encoder-webm-vp8: eb34c28f22e8b96e1ab97ce403110664 -> 
  custom:audio-decoder-ogg-vorbis: bf7c407c2cedff20999df2af8eb42d56 -> 
  custom:audio-encoder-webm-vorbis: bf7c407c2cedff20999df2af8eb42d56 -> 
========================================================================
Received Import Request.
  Time since last request: 52800.795806 seconds.
  path: Assets/hand_recording.json
  artifactKey: Guid(1648982fab729f64ba373628dce343c1) Importer(815301076,1909f56bfc062723c751e8b465ee728b)
Start importing Assets/hand_recording.json using Guid(1648982fab729f64ba373628dce343c1) Importer(815301076,1909f56bfc062723c751e8b465ee728b) [PhysX] Initialized MultithreadedTaskDispatcher with 20 workers.
 -> (artifact id: '97d742037a25eaf370e9904e9cd2a300') in 0.024701 seconds
Number of updated asset objects reloaded before import = 0
Number of asset objects unloaded after import = 1
========================================================================
Received Import Request.
  Time since last request: 0.000050 seconds.
  path: Assets/latency_log.csv
  artifactKey: Guid(c287aee21e7014b44862a86f06873de3) Importer(815301076,1909f56bfc062723c751e8b465ee728b)
Start importing Assets/latency_log.csv using Guid(c287aee21e7014b44862a86f06873de3) Importer(815301076,1909f56bfc062723c751e8b465ee728b) [PhysX] Initialized MultithreadedTaskDispatcher with 20 workers.
 -> (artifact id: '00000000000000000000000000000000') in 0.001682 seconds
Import Error Code:(4)
Message: Build asset version error: assets/latency_log.csv in SourceAssetDB has modification time of '2026-01-22T02:35:46.9423308Z' while content on disk has modification time of '2026-01-22T02:39:57.2471527Z'
  ERROR: Build asset version error: assets/latency_log.csv in SourceAssetDB has modification time of '2026-01-22T02:35:46.9423308Z' while content on disk has modification time of '2026-01-22T02:39:57.2471527Z'
Number of updated asset objects reloaded before import = 0
Number of asset objects unloaded after import = 0
========================================================================
Received Import Request.
  Time since last request: 0.046505 seconds.
  path: Assets/latency_log.csv
  artifactKey: Guid(c287aee21e7014b44862a86f06873de3) Importer(815301076,1909f56bfc062723c751e8b465ee728b)
Start importing Assets/latency_log.csv using Guid(c287aee21e7014b44862a86f06873de3) Importer(815301076,1909f56bfc062723c751e8b465ee728b) [PhysX] Initialized MultithreadedTaskDispatcher with 20 workers.
 -> (artifact id: '00000000000000000000000000000000') in 0.002125 seconds
Import Error Code:(4)
Message: Build asset version error: assets/latency_log.csv in SourceAssetDB has modification time of '2026-01-22T02:35:46.9423308Z' while content on disk has modification time of '2026-01-22T02:39:57.2471527Z'
  ERROR: Build asset version error: assets/latency_log.csv in SourceAssetDB has modification time of '2026-01-22T02:35:46.9423308Z' while content on disk has modification time of '2026-01-22T02:39:57.2471527Z'
Number of updated asset objects reloaded before import = 0
Number of asset objects unloaded after import = 0
========================================================================
Received Import Request.
  Time since last request: 0.055895 seconds.
  path: Assets/latency_log.csv
  artifactKey: Guid(c287aee21e7014b44862a86f06873de3) Importer(815301076,1909f56bfc062723c751e8b465ee728b)
Start importing Assets/latency_log.csv using Guid(c287aee21e7014b44862a86f06873de3) Importer(815301076,1909f56bfc062723c751e8b465ee728b) [PhysX] Initialized MultithreadedTaskDispatcher with 20 workers.
 -> (artifact id: '00000000000000000000000000000000') in 0.002175 seconds
Import Error Code:(4)
Message: Build asset version error: assets/latency_log.csv in SourceAssetDB has modification time of '2026-01-22T02:35:46.9423308Z' while content on disk has modification time of '2026-01-22T02:39:57.2471527Z'
  ERROR: Build asset version error: assets/latency_log.csv in SourceAssetDB has modification time of '2026-01-22T02:35:46.9423308Z' while content on disk has modification time of '2026-01-22T02:39:57.2471527Z'
Number of updated asset objects reloaded before import = 0
Number of asset objects unloaded after import = 0
========================================================================
Received Import Request.
  Time since last request: 0.056090 seconds.
  path: Assets/latency_log.csv
  artifactKey: Guid(c287aee21e7014b44862a86f06873de3) Importer(815301076,1909f56bfc062723c751e8b465ee728b)
Start importing Assets/latency_log.csv using Guid(c287aee21e7014b44862a86f06873de3) Importer(815301076,1909f56bfc062723c751e8b465ee728b) [PhysX] Initialized MultithreadedTaskDispatcher with 20 workers.
 -> (artifact id: '00000000000000000000000000000000') in 0.002290 seconds
Import Error Code:(4)
Message: Build asset version error: assets/latency_log.csv in SourceAssetDB has modification time of '2026-01-22T02:35:46.9423308Z' while content on disk has modification time of '2026-01-22T02:39:57.2471527Z'
  ERROR: Build asset version error: assets/latency_log.csv in SourceAssetDB has modification time of '2026-01-22T02:35:46.9423308Z' while content on disk has modification time of '2026-01-22T02:39:57.2471527Z'
Number of updated asset objects reloaded before import = 0
Number of asset objects unloaded after import = 0
========================================================================
Received Import Request.
  Time since last request: 0.054911 seconds.
  path: Assets/latency_log.csv
  artifactKey: Guid(c287aee21e7014b44862a86f06873de3) Importer(815301076,1909f56bfc062723c751e8b465ee728b)
Start importing Assets/latency_log.csv using Guid(c287aee21e7014b44862a86f06873de3) Importer(815301076,1909f56bfc062723c751e8b465ee728b) [PhysX] Initialized MultithreadedTaskDispatcher with 20 workers.
 -> (artifact id: '00000000000000000000000000000000') in 0.002037 seconds
Import Error Code:(4)
Message: Build asset version error: assets/latency_log.csv in SourceAssetDB has modification time of '2026-01-22T02:35:46.9423308Z' while content on disk has modification time of '2026-01-22T02:39:57.2471527Z'
  ERROR: Build asset version error: assets/latency_log.csv in SourceAssetDB has modification time of '2026-01-22T02:35:46.9423308Z' while content on disk has modification time of '2026-01-22T02:39:57.2471527Z'
Number of updated asset objects reloaded before import = 0
Number of asset objects unloaded after import = 0
========================================================================
Received Import Request.
  Time since last request: 0.055324 seconds.
  path: Assets/latency_log.csv
  artifactKey: Guid(c287aee21e7014b44862a86f06873de3) Importer(815301076,1909f56bfc062723c751e8b465ee728b)
Start importing Assets/latency_log.csv using Guid(c287aee21e7014b44862a86f06873de3) Importer(815301076,1909f56bfc062723c751e8b465ee728b) [PhysX] Initialized MultithreadedTaskDispatcher with 20 workers.
 -> (artifact id: '00000000000000000000000000000000') in 0.001844 seconds
Import Error Code:(4)
Message: Build asset version error: assets/latency_log.csv in SourceAssetDB has modification time of '2026-01-22T02:35:46.9423308Z' while content on disk has modification time of '2026-01-22T02:39:57.2471527Z'
  ERROR: Build asset version error: assets/latency_log.csv in SourceAssetDB has modification time of '2026-01-22T02:35:46.9423308Z' while content on disk has modification time of '2026-01-22T02:39:57.2471527Z'
Number of updated asset objects reloaded before import = 0
Number of asset objects unloaded after import = 0
========================================================================
Received Import Request.
  Time since last request: 0.055710 seconds.
  path: Assets/latency_log.csv
  artifactKey: Guid(c287aee21e7014b44862a86f06873de3) Importer(815301076,1909f56bfc062723c751e8b465ee728b)
Start importing Assets/latency_log.csv using Guid(c287aee21e7014b44862a86f06873de3) Importer(815301076,1909f56bfc062723c751e8b465ee728b) [PhysX] Initialized MultithreadedTaskDispatcher with 20 workers.
 -> (artifact id: '00000000000000000000000000000000') in 0.002444 seconds
Import Error Code:(4)
Message: Build asset version error: assets/latency_log.csv in SourceAssetDB has modification time of '2026-01-22T02:35:46.9423308Z' while content on disk has modification time of '2026-01-22T02:39:57.2471527Z'
  ERROR: Build asset version error: assets/latency_log.csv in SourceAssetDB has modification time of '2026-01-22T02:35:46.9423308Z' while content on disk has modification time of '2026-01-22T02:39:57.2471527Z'
Number of updated asset objects reloaded before import = 0
Number of asset objects unloaded after import = 0
========================================================================
Received Import Request.
  Time since last request: 0.054713 seconds.
  path: Assets/latency_log.csv
  artifactKey: Guid(c287aee21e7014b44862a86f06873de3) Importer(815301076,1909f56bfc062723c751e8b465ee728b)
Start importing Assets/latency_log.csv using Guid(c287aee21e7014b44862a86f06873de3) Importer(815301076,1909f56bfc062723c751e8b465ee728b) [PhysX] Initialized MultithreadedTaskDispatcher with 20 workers.
 -> (artifact id: '00000000000000000000000000000000') in 0.002352 seconds
Import Error Code:(4)
Message: Build asset version error: assets/latency_log.csv in SourceAssetDB has modification time of '2026-01-22T02:35:46.9423308Z' while content on disk has modification time of '2026-01-22T02:39:57.2471527Z'
  ERROR: Build asset version error: assets/latency_log.csv in SourceAssetDB has modification time of '2026-01-22T02:35:46.9423308Z' while content on disk has modification time of '2026-01-22T02:39:57.2471527Z'
Number of updated asset objects reloaded before import = 0
Number of asset objects unloaded after import = 0
========================================================================
Received Import Request.
  Time since last request: 0.055258 seconds.
  path: Assets/latency_log.csv
  artifactKey: Guid(c287aee21e7014b44862a86f06873de3) Importer(815301076,1909f56bfc062723c751e8b465ee728b)
Start importing Assets/latency_log.csv using Guid(c287aee21e7014b44862a86f06873de3) Importer(815301076,1909f56bfc062723c751e8b465ee728b) [PhysX] Initialized MultithreadedTaskDispatcher with 20 workers.
 -> (artifact id: '00000000000000000000000000000000') in 0.002214 seconds
Import Error Code:(4)
Message: Build asset version error: assets/latency_log.csv in SourceAssetDB has modification time of '2026-01-22T02:35:46.9423308Z' while content on disk has modification time of '2026-01-22T02:39:57.2471527Z'
  ERROR: Build asset version error: assets/latency_log.csv in SourceAssetDB has modification time of '2026-01-22T02:35:46.9423308Z' while content on disk has modification time of '2026-01-22T02:39:57.2471527Z'
Number of updated asset objects reloaded before import = 0
Number of asset objects unloaded after import = 0
========================================================================
Received Import Request.
  Time since last request: 0.110312 seconds.
  path: Assets/latency_log.csv
  artifactKey: Guid(c287aee21e7014b44862a86f06873de3) Importer(815301076,1909f56bfc062723c751e8b465ee728b)
Start importing Assets/latency_log.csv using Guid(c287aee21e7014b44862a86f06873de3) Importer(815301076,1909f56bfc062723c751e8b465ee728b) [PhysX] Initialized MultithreadedTaskDispatcher with 20 workers.
 -> (artifact id: '00000000000000000000000000000000') in 0.002426 seconds
Import Error Code:(4)
Message: Build asset version error: assets/latency_log.csv in SourceAssetDB has modification time of '2026-01-22T02:35:46.9423308Z' while content on disk has modification time of '2026-01-22T02:39:57.2471527Z'
  ERROR: Build asset version error: assets/latency_log.csv in SourceAssetDB has modification time of '2026-01-22T02:35:46.9423308Z' while content on disk has modification time of '2026-01-22T02:39:57.2471527Z'
Number of updated asset objects reloaded before import = 0
Number of asset objects unloaded after import = 0
========================================================================
Received Import Request.
  Time since last request: 0.055083 seconds.
  path: Assets/latency_log.csv
  artifactKey: Guid(c287aee21e7014b44862a86f06873de3) Importer(815301076,1909f56bfc062723c751e8b465ee728b)
Start importing Assets/latency_log.csv using Guid(c287aee21e7014b44862a86f06873de3) Importer(815301076,1909f56bfc062723c751e8b465ee728b) [PhysX] Initialized MultithreadedTaskDispatcher with 20 workers.
 -> (artifact id: '00000000000000000000000000000000') in 0.001883 seconds
Import Error Code:(4)
Message: Build asset version error: assets/latency_log.csv in SourceAssetDB has modification time of '2026-01-22T02:35:46.9423308Z' while content on disk has modification time of '2026-01-22T02:39:57.2471527Z'
  ERROR: Build asset version error: assets/latency_log.csv in SourceAssetDB has modification time of '2026-01-22T02:35:46.9423308Z' while content on disk has modification time of '2026-01-22T02:39:57.2471527Z'
Number of updated asset objects reloaded before import = 0
Number of asset objects unloaded after import = 0
========================================================================
Received Import Request.
  Time since last request: 0.055300 seconds.
  path: Assets/latency_log.csv
  artifactKey: Guid(c287aee21e7014b44862a86f06873de3) Importer(815301076,1909f56bfc062723c751e8b465ee728b)
Start importing Assets/latency_log.csv using Guid(c287aee21e7014b44862a86f06873de3) Importer(815301076,1909f56bfc062723c751e8b465ee728b) [PhysX] Initialized MultithreadedTaskDispatcher with 20 workers.
 -> (artifact id: '00000000000000000000000000000000') in 0.002300 seconds
Import Error Code:(4)
Message: Build asset version error: assets/latency_log.csv in SourceAssetDB has modification time of '2026-01-22T02:35:46.9423308Z' while content on disk has modification time of '2026-01-22T02:39:57.2471527Z'
  ERROR: Build asset version error: assets/latency_log.csv in SourceAssetDB has modification time of '2026-01-22T02:35:46.9423308Z' while content on disk has modification time of '2026-01-22T02:39:57.2471527Z'
Number of updated asset objects reloaded before import = 0
Number of asset objects unloaded after import = 0
========================================================================
Received Import Request.
  Time since last request: 0.058813 seconds.
  path: Assets/latency_log.csv
  artifactKey: Guid(c287aee21e7014b44862a86f06873de3) Importer(815301076,1909f56bfc062723c751e8b465ee728b)
Start importing Assets/latency_log.csv using Guid(c287aee21e7014b44862a86f06873de3) Importer(815301076,1909f56bfc062723c751e8b465ee728b) [PhysX] Initialized MultithreadedTaskDispatcher with 20 workers.
 -> (artifact id: '00000000000000000000000000000000') in 0.002082 seconds
Import Error Code:(4)
Message: Build asset version error: assets/latency_log.csv in SourceAssetDB has modification time of '2026-01-22T02:35:46.9423308Z' while content on disk has modification time of '2026-01-22T02:39:57.2471527Z'
  ERROR: Build asset version error: assets/latency_log.csv in SourceAssetDB has modification time of '2026-01-22T02:35:46.9423308Z' while content on disk has modification time of '2026-01-22T02:39:57.2471527Z'
Number of updated asset objects reloaded before import = 0
Number of asset objects unloaded after import = 0
========================================================================
Received Import Request.
  Time since last request: 0.055929 seconds.
  path: Assets/latency_log.csv
  artifactKey: Guid(c287aee21e7014b44862a86f06873de3) Importer(815301076,1909f56bfc062723c751e8b465ee728b)
Start importing Assets/latency_log.csv using Guid(c287aee21e7014b44862a86f06873de3) Importer(815301076,1909f56bfc062723c751e8b465ee728b) [PhysX] Initialized MultithreadedTaskDispatcher with 20 workers.
 -> (artifact id: '00000000000000000000000000000000') in 0.001941 seconds
Import Error Code:(4)
Message: Build asset version error: assets/latency_log.csv in SourceAssetDB has modification time of '2026-01-22T02:35:46.9423308Z' while content on disk has modification time of '2026-01-22T02:39:57.2471527Z'
  ERROR: Build asset version error: assets/latency_log.csv in SourceAssetDB has modification time of '2026-01-22T02:35:46.9423308Z' while content on disk has modification time of '2026-01-22T02:39:57.2471527Z'
Number of updated asset objects reloaded before import = 0
Number of asset objects unloaded after import = 0
========================================================================
Received Import Request.
  Time since last request: 0.055372 seconds.
  path: Assets/latency_log.csv
  artifactKey: Guid(c287aee21e7014b44862a86f06873de3) Importer(815301076,1909f56bfc062723c751e8b465ee728b)
Start importing Assets/latency_log.csv using Guid(c287aee21e7014b44862a86f06873de3) Importer(815301076,1909f56bfc062723c751e8b465ee728b) [PhysX] Initialized MultithreadedTaskDispatcher with 20 workers.
 -> (artifact id: '00000000000000000000000000000000') in 0.001936 seconds
Import Error Code:(4)
Message: Build asset version error: assets/latency_log.csv in SourceAssetDB has modification time of '2026-01-22T02:35:46.9423308Z' while content on disk has modification time of '2026-01-22T02:39:57.2471527Z'
  ERROR: Build asset version error: assets/latency_log.csv in SourceAssetDB has modification time of '2026-01-22T02:35:46.9423308Z' while content on disk has modification time of '2026-01-22T02:39:57.2471527Z'
Number of updated asset objects reloaded before import = 0
Number of asset objects unloaded after import = 0
========================================================================
Received Import Request.
  Time since last request: 0.055591 seconds.
  path: Assets/latency_log.csv
  artifactKey: Guid(c287aee21e7014b44862a86f06873de3) Importer(815301076,1909f56bfc062723c751e8b465ee728b)
Start importing Assets/latency_log.csv using Guid(c287aee21e7014b44862a86f06873de3) Importer(815301076,1909f56bfc062723c751e8b465ee728b) [PhysX] Initialized MultithreadedTaskDispatcher with 20 workers.
 -> (artifact id: '00000000000000000000000000000000') in 0.001959 seconds
Import Error Code:(4)
Message: Build asset version error: assets/latency_log.csv in SourceAssetDB has modification time of '2026-01-22T02:35:46.9423308Z' while content on disk has modification time of '2026-01-22T02:39:57.2471527Z'
  ERROR: Build asset version error: assets/latency_log.csv in SourceAssetDB has modification time of '2026-01-22T02:35:46.9423308Z' while content on disk has modification time of '2026-01-22T02:39:57.2471527Z'
Number of updated asset objects reloaded before import = 0
Number of asset objects unloaded after import = 0
========================================================================
Received Import Request.
  Time since last request: 0.000839 seconds.
  path: Assets/latency_log.csv
  artifactKey: Guid(c287aee21e7014b44862a86f06873de3) Importer(815301076,1909f56bfc062723c751e8b465ee728b)
Start importing Assets/latency_log.csv using Guid(c287aee21e7014b44862a86f06873de3) Importer(815301076,1909f56bfc062723c751e8b465ee728b) [PhysX] Initialized MultithreadedTaskDispatcher with 20 workers.
 -> (artifact id: '00000000000000000000000000000000') in 0.001623 seconds
Import Error Code:(4)
Message: Build asset version error: assets/latency_log.csv in SourceAssetDB has modification time of '2026-01-22T02:35:46.9423308Z' while content on disk has modification time of '2026-01-22T02:39:57.2471527Z'
  ERROR: Build asset version error: assets/latency_log.csv in SourceAssetDB has modification time of '2026-01-22T02:35:46.9423308Z' while content on disk has modification time of '2026-01-22T02:39:57.2471527Z'
Number of updated asset objects reloaded before import = 0
Number of asset objects unloaded after import = 0
========================================================================
Received Import Request.
  Time since last request: 0.052533 seconds.
  path: Assets/latency_log.csv
  artifactKey: Guid(c287aee21e7014b44862a86f06873de3) Importer(815301076,1909f56bfc062723c751e8b465ee728b)
Start importing Assets/latency_log.csv using Guid(c287aee21e7014b44862a86f06873de3) Importer(815301076,1909f56bfc062723c751e8b465ee728b) [PhysX] Initialized MultithreadedTaskDispatcher with 20 workers.
 -> (artifact id: '00000000000000000000000000000000') in 0.002014 seconds
Import Error Code:(4)
Message: Build asset version error: assets/latency_log.csv in SourceAssetDB has modification time of '2026-01-22T02:35:46.9423308Z' while content on disk has modification time of '2026-01-22T02:39:57.2471527Z'
  ERROR: Build asset version error: assets/latency_log.csv in SourceAssetDB has modification time of '2026-01-22T02:35:46.9423308Z' while content on disk has modification time of '2026-01-22T02:39:57.2471527Z'
Number of updated asset objects reloaded before import = 0
Number of asset objects unloaded after import = 0
========================================================================
Received Import Request.
  Time since last request: 0.055379 seconds.
  path: Assets/latency_log.csv
  artifactKey: Guid(c287aee21e7014b44862a86f06873de3) Importer(815301076,1909f56bfc062723c751e8b465ee728b)
Start importing Assets/latency_log.csv using Guid(c287aee21e7014b44862a86f06873de3) Importer(815301076,1909f56bfc062723c751e8b465ee728b) [PhysX] Initialized MultithreadedTaskDispatcher with 20 workers.
 -> (artifact id: '00000000000000000000000000000000') in 0.002011 seconds
Import Error Code:(4)
Message: Build asset version error: assets/latency_log.csv in SourceAssetDB has modification time of '2026-01-22T02:35:46.9423308Z' while content on disk has modification time of '2026-01-22T02:39:57.2471527Z'
  ERROR: Build asset version error: assets/latency_log.csv in SourceAssetDB has modification time of '2026-01-22T02:35:46.9423308Z' while content on disk has modification time of '2026-01-22T02:39:57.2471527Z'
Number of updated asset objects reloaded before import = 0
Number of asset objects unloaded after import = 0
========================================================================
Received Import Request.
  Time since last request: 0.055530 seconds.
  path: Assets/latency_log.csv
  artifactKey: Guid(c287aee21e7014b44862a86f06873de3) Importer(815301076,1909f56bfc062723c751e8b465ee728b)
Start importing Assets/latency_log.csv using Guid(c287aee21e7014b44862a86f06873de3) Importer(815301076,1909f56bfc062723c751e8b465ee728b) [PhysX] Initialized MultithreadedTaskDispatcher with 20 workers.
 -> (artifact id: '00000000000000000000000000000000') in 0.001892 seconds
Import Error Code:(4)
Message: Build asset version error: assets/latency_log.csv in SourceAssetDB has modification time of '2026-01-22T02:35:46.9423308Z' while content on disk has modification time of '2026-01-22T02:39:57.2471527Z'
  ERROR: Build asset version error: assets/latency_log.csv in SourceAssetDB has modification time of '2026-01-22T02:35:46.9423308Z' while content on disk has modification time of '2026-01-22T02:39:57.2471527Z'
Number of updated asset objects reloaded before import = 0
Number of asset objects unloaded after import = 0
========================================================================
Received Import Request.
  Time since last request: 0.055862 seconds.
  path: Assets/latency_log.csv
  artifactKey: Guid(c287aee21e7014b44862a86f06873de3) Importer(815301076,1909f56bfc062723c751e8b465ee728b)
Start importing Assets/latency_log.csv using Guid(c287aee21e7014b44862a86f06873de3) Importer(815301076,1909f56bfc062723c751e8b465ee728b) [PhysX] Initialized MultithreadedTaskDispatcher with 20 workers.
 -> (artifact id: '00000000000000000000000000000000') in 0.002077 seconds
Import Error Code:(4)
Message: Build asset version error: assets/latency_log.csv in SourceAssetDB has modification time of '2026-01-22T02:35:46.9423308Z' while content on disk has modification time of '2026-01-22T02:39:57.2471527Z'
  ERROR: Build asset version error: assets/latency_log.csv in SourceAssetDB has modification time of '2026-01-22T02:35:46.9423308Z' while content on disk has modification time of '2026-01-22T02:39:57.2471527Z'
Number of updated asset objects reloaded before import = 0
Number of asset objects unloaded after import = 0
========================================================================
Received Import Request.
  Time since last request: 0.055189 seconds.
  path: Assets/latency_log.csv
  artifactKey: Guid(c287aee21e7014b44862a86f06873de3) Importer(815301076,1909f56bfc062723c751e8b465ee728b)
Start importing Assets/latency_log.csv using Guid(c287aee21e7014b44862a86f06873de3) Importer(815301076,1909f56bfc062723c751e8b465ee728b) [PhysX] Initialized MultithreadedTaskDispatcher with 20 workers.
 -> (artifact id: '00000000000000000000000000000000') in 0.002150 seconds
Import Error Code:(4)
Message: Build asset version error: assets/latency_log.csv in SourceAssetDB has modification time of '2026-01-22T02:35:46.9423308Z' while content on disk has modification time of '2026-01-22T02:39:57.2471527Z'
  ERROR: Build asset version error: assets/latency_log.csv in SourceAssetDB has modification time of '2026-01-22T02:35:46.9423308Z' while content on disk has modification time of '2026-01-22T02:39:57.2471527Z'
Number of updated asset objects reloaded before import = 0
Number of asset objects unloaded after import = 0
========================================================================
Received Import Request.
  Time since last request: 0.055172 seconds.
  path: Assets/latency_log.csv
  artifactKey: Guid(c287aee21e7014b44862a86f06873de3) Importer(815301076,1909f56bfc062723c751e8b465ee728b)
Start importing Assets/latency_log.csv using Guid(c287aee21e7014b44862a86f06873de3) Importer(815301076,1909f56bfc062723c751e8b465ee728b) [PhysX] Initialized MultithreadedTaskDispatcher with 20 workers.
 -> (artifact id: '00000000000000000000000000000000') in 0.001913 seconds
Import Error Code:(4)
Message: Build asset version error: assets/latency_log.csv in SourceAssetDB has modification time of '2026-01-22T02:35:46.9423308Z' while content on disk has modification time of '2026-01-22T02:39:57.2471527Z'
  ERROR: Build asset version error: assets/latency_log.csv in SourceAssetDB has modification time of '2026-01-22T02:35:46.9423308Z' while content on disk has modification time of '2026-01-22T02:39:57.2471527Z'
Number of updated asset objects reloaded before import = 0
Number of asset objects unloaded after import = 0
========================================================================
Received Import Request.
  Time since last request: 0.056353 seconds.
  path: Assets/latency_log.csv
  artifactKey: Guid(c287aee21e7014b44862a86f06873de3) Importer(815301076,1909f56bfc062723c751e8b465ee728b)
Start importing Assets/latency_log.csv using Guid(c287aee21e7014b44862a86f06873de3) Importer(815301076,1909f56bfc062723c751e8b465ee728b) [PhysX] Initialized MultithreadedTaskDispatcher with 20 workers.
 -> (artifact id: '00000000000000000000000000000000') in 0.002277 seconds
Import Error Code:(4)
Message: Build asset version error: assets/latency_log.csv in SourceAssetDB has modification time of '2026-01-22T02:35:46.9423308Z' while content on disk has modification time of '2026-01-22T02:39:57.2471527Z'
  ERROR: Build asset version error: assets/latency_log.csv in SourceAssetDB has modification time of '2026-01-22T02:35:46.9423308Z' while content on disk has modification time of '2026-01-22T02:39:57.2471527Z'
Number of updated asset objects reloaded before import = 0
Number of asset objects unloaded after import = 0
========================================================================
Received Import Request.
  Time since last request: 0.001069 seconds.
  path: Assets/latency_log.csv
  artifactKey: Guid(c287aee21e7014b44862a86f06873de3) Importer(815301076,1909f56bfc062723c751e8b465ee728b)
Start importing Assets/latency_log.csv using Guid(c287aee21e7014b44862a86f06873de3) Importer(815301076,1909f56bfc062723c751e8b465ee728b) [PhysX] Initialized MultithreadedTaskDispatcher with 20 workers.
 -> (artifact id: '00000000000000000000000000000000') in 0.001732 seconds
Import Error Code:(4)
Message: Build asset version error: assets/latency_log.csv in SourceAssetDB has modification time of '2026-01-22T02:35:46.9423308Z' while content on disk has modification time of '2026-01-22T02:39:57.2471527Z'
  ERROR: Build asset version error: assets/latency_log.csv in SourceAssetDB has modification time of '2026-01-22T02:35:46.9423308Z' while content on disk has modification time of '2026-01-22T02:39:57.2471527Z'
Number of updated asset objects reloaded before import = 0
Number of asset objects unloaded after import = 0
========================================================================
Received Import Request.
  Time since last request: 0.053560 seconds.
  path: Assets/latency_log.csv
  artifactKey: Guid(c287aee21e7014b44862a86f06873de3) Importer(815301076,1909f56bfc062723c751e8b465ee728b)
Start importing Assets/latency_log.csv using Guid(c287aee21e7014b44862a86f06873de3) Importer(815301076,1909f56bfc062723c751e8b465ee728b) [PhysX] Initialized MultithreadedTaskDispatcher with 20 workers.
 -> (artifact id: '00000000000000000000000000000000') in 0.002205 seconds
Import Error Code:(4)
Message: Build asset version error: assets/latency_log.csv in SourceAssetDB has modification time of '2026-01-22T02:35:46.9423308Z' while content on disk has modification time of '2026-01-22T02:39:57.2471527Z'
  ERROR: Build asset version error: assets/latency_log.csv in SourceAssetDB has modification time of '2026-01-22T02:35:46.9423308Z' while content on disk has modification time of '2026-01-22T02:39:57.2471527Z'
Number of updated asset objects reloaded before import = 0
Number of asset objects unloaded after import = 0
========================================================================
Received Import Request.
  Time since last request: 0.054183 seconds.
  path: Assets/latency_log.csv
  artifactKey: Guid(c287aee21e7014b44862a86f06873de3) Importer(815301076,1909f56bfc062723c751e8b465ee728b)
Start importing Assets/latency_log.csv using Guid(c287aee21e7014b44862a86f06873de3) Importer(815301076,1909f56bfc062723c751e8b465ee728b) [PhysX] Initialized MultithreadedTaskDispatcher with 20 workers.
 -> (artifact id: '00000000000000000000000000000000') in 0.001984 seconds
Import Error Code:(4)
Message: Build asset version error: assets/latency_log.csv in SourceAssetDB has modification time of '2026-01-22T02:35:46.9423308Z' while content on disk has modification time of '2026-01-22T02:39:57.2471527Z'
  ERROR: Build asset version error: assets/latency_log.csv in SourceAssetDB has modification time of '2026-01-22T02:35:46.9423308Z' while content on disk has modification time of '2026-01-22T02:39:57.2471527Z'
Number of updated asset objects reloaded before import = 0
Number of asset objects unloaded after import = 0
========================================================================
Received Import Request.
  Time since last request: 0.055587 seconds.
  path: Assets/latency_log.csv
  artifactKey: Guid(c287aee21e7014b44862a86f06873de3) Importer(815301076,1909f56bfc062723c751e8b465ee728b)
Start importing Assets/latency_log.csv using Guid(c287aee21e7014b44862a86f06873de3) Importer(815301076,1909f56bfc062723c751e8b465ee728b) [PhysX] Initialized MultithreadedTaskDispatcher with 20 workers.
 -> (artifact id: '00000000000000000000000000000000') in 0.001813 seconds
Import Error Code:(4)
Message: Build asset version error: assets/latency_log.csv in SourceAssetDB has modification time of '2026-01-22T02:35:46.9423308Z' while content on disk has modification time of '2026-01-22T02:39:57.2471527Z'
  ERROR: Build asset version error: assets/latency_log.csv in SourceAssetDB has modification time of '2026-01-22T02:35:46.9423308Z' while content on disk has modification time of '2026-01-22T02:39:57.2471527Z'
Number of updated asset objects reloaded before import = 0
Number of asset objects unloaded after import = 0
========================================================================
Received Import Request.
  Time since last request: 0.056068 seconds.
  path: Assets/latency_log.csv
  artifactKey: Guid(c287aee21e7014b44862a86f06873de3) Importer(815301076,1909f56bfc062723c751e8b465ee728b)
Start importing Assets/latency_log.csv using Guid(c287aee21e7014b44862a86f06873de3) Importer(815301076,1909f56bfc062723c751e8b465ee728b) [PhysX] Initialized MultithreadedTaskDispatcher with 20 workers.
 -> (artifact id: '00000000000000000000000000000000') in 0.001871 seconds
Import Error Code:(4)
Message: Build asset version error: assets/latency_log.csv in SourceAssetDB has modification time of '2026-01-22T02:35:46.9423308Z' while content on disk has modification time of '2026-01-22T02:39:57.2471527Z'
  ERROR: Build asset version error: assets/latency_log.csv in SourceAssetDB has modification time of '2026-01-22T02:35:46.9423308Z' while content on disk has modification time of '2026-01-22T02:39:57.2471527Z'
Number of updated asset objects reloaded before import = 0
Number of asset objects unloaded after import = 0
========================================================================
Received Import Request.
  Time since last request: 0.055496 seconds.
  path: Assets/latency_log.csv
  artifactKey: Guid(c287aee21e7014b44862a86f06873de3) Importer(815301076,1909f56bfc062723c751e8b465ee728b)
Start importing Assets/latency_log.csv using Guid(c287aee21e7014b44862a86f06873de3) Importer(815301076,1909f56bfc062723c751e8b465ee728b) [PhysX] Initialized MultithreadedTaskDispatcher with 20 workers.
 -> (artifact id: '00000000000000000000000000000000') in 0.002229 seconds
Import Error Code:(4)
Message: Build asset version error: assets/latency_log.csv in SourceAssetDB has modification time of '2026-01-22T02:35:46.9423308Z' while content on disk has modification time of '2026-01-22T02:39:57.2471527Z'
  ERROR: Build asset version error: assets/latency_log.csv in SourceAssetDB has modification time of '2026-01-22T02:35:46.9423308Z' while content on disk has modification time of '2026-01-22T02:39:57.2471527Z'
Number of updated asset objects reloaded before import = 0
Number of asset objects unloaded after import = 0
========================================================================
Received Import Request.
  Time since last request: 0.056446 seconds.
  path: Assets/latency_log.csv
  artifactKey: Guid(c287aee21e7014b44862a86f06873de3) Importer(815301076,1909f56bfc062723c751e8b465ee728b)
Start importing Assets/latency_log.csv using Guid(c287aee21e7014b44862a86f06873de3) Importer(815301076,1909f56bfc062723c751e8b465ee728b) [PhysX] Initialized MultithreadedTaskDispatcher with 20 workers.
 -> (artifact id: '00000000000000000000000000000000') in 0.001813 seconds
Import Error Code:(4)
Message: Build asset version error: assets/latency_log.csv in SourceAssetDB has modification time of '2026-01-22T02:35:46.9423308Z' while content on disk has modification time of '2026-01-22T02:39:57.2471527Z'
  ERROR: Build asset version error: assets/latency_log.csv in SourceAssetDB has modification time of '2026-01-22T02:35:46.9423308Z' while content on disk has modification time of '2026-01-22T02:39:57.2471527Z'
Number of updated asset objects reloaded before import = 0
Number of asset objects unloaded after import = 0
========================================================================
Received Import Request.
  Time since last request: 0.077051 seconds.
  path: Assets/latency_log.csv
  artifactKey: Guid(c287aee21e7014b44862a86f06873de3) Importer(815301076,1909f56bfc062723c751e8b465ee728b)
Start importing Assets/latency_log.csv using Guid(c287aee21e7014b44862a86f06873de3) Importer(815301076,1909f56bfc062723c751e8b465ee728b) [PhysX] Initialized MultithreadedTaskDispatcher with 20 workers.
 -> (artifact id: '00000000000000000000000000000000') in 0.002577 seconds
Import Error Code:(4)
Message: Build asset version error: assets/latency_log.csv in SourceAssetDB has modification time of '2026-01-22T02:35:46.9423308Z' while content on disk has modification time of '2026-01-22T02:39:57.2471527Z'
  ERROR: Build asset version error: assets/latency_log.csv in SourceAssetDB has modification time of '2026-01-22T02:35:46.9423308Z' while content on disk has modification time of '2026-01-22T02:39:57.2471527Z'
Number of updated asset objects reloaded before import = 0
Number of asset objects unloaded after import = 0
========================================================================
Received Import Request.
  Time since last request: 0.002074 seconds.
  path: Assets/latency_log.csv
  artifactKey: Guid(c287aee21e7014b44862a86f06873de3) Importer(815301076,1909f56bfc062723c751e8b465ee728b)
Start importing Assets/latency_log.csv using Guid(c287aee21e7014b44862a86f06873de3) Importer(815301076,1909f56bfc062723c751e8b465ee728b) [PhysX] Initialized MultithreadedTaskDispatcher with 20 workers.
 -> (artifact id: '00000000000000000000000000000000') in 0.002392 seconds
Import Error Code:(4)
Message: Build asset version error: assets/latency_log.csv in SourceAssetDB has modification time of '2026-01-22T02:35:46.9423308Z' while content on disk has modification time of '2026-01-22T02:39:57.2471527Z'
  ERROR: Build asset version error: assets/latency_log.csv in SourceAssetDB has modification time of '2026-01-22T02:35:46.9423308Z' while content on disk has modification time of '2026-01-22T02:39:57.2471527Z'
Number of updated asset objects reloaded before import = 0
Number of asset objects unloaded after import = 0
========================================================================
Received Import Request.
  Time since last request: 0.091628 seconds.
  path: Assets/latency_log.csv
  artifactKey: Guid(c287aee21e7014b44862a86f06873de3) Importer(815301076,1909f56bfc062723c751e8b465ee728b)
Start importing Assets/latency_log.csv using Guid(c287aee21e7014b44862a86f06873de3) Importer(815301076,1909f56bfc062723c751e8b465ee728b) [PhysX] Initialized MultithreadedTaskDispatcher with 20 workers.
 -> (artifact id: '00000000000000000000000000000000') in 0.001779 seconds
Import Error Code:(4)
Message: Build asset version error: assets/latency_log.csv in SourceAssetDB has modification time of '2026-01-22T02:35:46.9423308Z' while content on disk has modification time of '2026-01-22T02:39:57.2471527Z'
  ERROR: Build asset version error: assets/latency_log.csv in SourceAssetDB has modification time of '2026-01-22T02:35:46.9423308Z' while content on disk has modification time of '2026-01-22T02:39:57.2471527Z'
Number of updated asset objects reloaded before import = 0
Number of asset objects unloaded after import = 0
========================================================================
Received Import Request.
  Time since last request: 0.001330 seconds.
  path: Assets/latency_log.csv
  artifactKey: Guid(c287aee21e7014b44862a86f06873de3) Importer(815301076,1909f56bfc062723c751e8b465ee728b)
Start importing Assets/latency_log.csv using Guid(c287aee21e7014b44862a86f06873de3) Importer(815301076,1909f56bfc062723c751e8b465ee728b) [PhysX] Initialized MultithreadedTaskDispatcher with 20 workers.
 -> (artifact id: '00000000000000000000000000000000') in 0.001573 seconds
Import Error Code:(4)
Message: Build asset version error: assets/latency_log.csv in SourceAssetDB has modification time of '2026-01-22T02:35:46.9423308Z' while content on disk has modification time of '2026-01-22T02:39:57.2471527Z'
  ERROR: Build asset version error: assets/latency_log.csv in SourceAssetDB has modification time of '2026-01-22T02:35:46.9423308Z' while content on disk has modification time of '2026-01-22T02:39:57.2471527Z'
Number of updated asset objects reloaded before import = 0
Number of asset objects unloaded after import = 0
========================================================================
Received Import Request.
  Time since last request: 0.001765 seconds.
  path: Assets/latency_log.csv
  artifactKey: Guid(c287aee21e7014b44862a86f06873de3) Importer(815301076,1909f56bfc062723c751e8b465ee728b)
Start importing Assets/latency_log.csv using Guid(c287aee21e7014b44862a86f06873de3) Importer(815301076,1909f56bfc062723c751e8b465ee728b) [PhysX] Initialized MultithreadedTaskDispatcher with 20 workers.
 -> (artifact id: '00000000000000000000000000000000') in 0.001673 seconds
Import Error Code:(4)
Message: Build asset version error: assets/latency_log.csv in SourceAssetDB has modification time of '2026-01-22T02:35:46.9423308Z' while content on disk has modification time of '2026-01-22T02:39:57.2471527Z'
  ERROR: Build asset version error: assets/latency_log.csv in SourceAssetDB has modification time of '2026-01-22T02:35:46.9423308Z' while content on disk has modification time of '2026-01-22T02:39:57.2471527Z'
Number of updated asset objects reloaded before import = 0
Number of asset objects unloaded after import = 0
========================================================================
Received Import Request.
  Time since last request: 0.091151 seconds.
  path: Assets/latency_log.csv
  artifactKey: Guid(c287aee21e7014b44862a86f06873de3) Importer(815301076,1909f56bfc062723c751e8b465ee728b)
Start importing Assets/latency_log.csv using Guid(c287aee21e7014b44862a86f06873de3) Importer(815301076,1909f56bfc062723c751e8b465ee728b) [PhysX] Initialized MultithreadedTaskDispatcher with 20 workers.
 -> (artifact id: '00000000000000000000000000000000') in 0.002544 seconds
Import Error Code:(4)
Message: Build asset version error: assets/latency_log.csv in SourceAssetDB has modification time of '2026-01-22T02:35:46.9423308Z' while content on disk has modification time of '2026-01-22T02:39:57.2471527Z'
  ERROR: Build asset version error: assets/latency_log.csv in SourceAssetDB has modification time of '2026-01-22T02:35:46.9423308Z' while content on disk has modification time of '2026-01-22T02:39:57.2471527Z'
Number of updated asset objects reloaded before import = 0
Number of asset objects unloaded after import = 0
========================================================================
Received Import Request.
  Time since last request: 0.001827 seconds.
  path: Assets/latency_log.csv
  artifactKey: Guid(c287aee21e7014b44862a86f06873de3) Importer(815301076,1909f56bfc062723c751e8b465ee728b)
Start importing Assets/latency_log.csv using Guid(c287aee21e7014b44862a86f06873de3) Importer(815301076,1909f56bfc062723c751e8b465ee728b) [PhysX] Initialized MultithreadedTaskDispatcher with 20 workers.
 -> (artifact id: '00000000000000000000000000000000') in 0.001801 seconds
Import Error Code:(4)
Message: Build asset version error: assets/latency_log.csv in SourceAssetDB has modification time of '2026-01-22T02:35:46.9423308Z' while content on disk has modification time of '2026-01-22T02:39:57.2471527Z'
  ERROR: Build asset version error: assets/latency_log.csv in SourceAssetDB has modification time of '2026-01-22T02:35:46.9423308Z' while content on disk has modification time of '2026-01-22T02:39:57.2471527Z'
Number of updated asset objects reloaded before import = 0
Number of asset objects unloaded after import = 0
========================================================================
Received Import Request.
  Time since last request: 0.001165 seconds.
  path: Assets/latency_log.csv
  artifactKey: Guid(c287aee21e7014b44862a86f06873de3) Importer(815301076,1909f56bfc062723c751e8b465ee728b)
Start importing Assets/latency_log.csv using Guid(c287aee21e7014b44862a86f06873de3) Importer(815301076,1909f56bfc062723c751e8b465ee728b) [PhysX] Initialized MultithreadedTaskDispatcher with 20 workers.
 -> (artifact id: '00000000000000000000000000000000') in 0.001450 seconds
Import Error Code:(4)
Message: Build asset version error: assets/latency_log.csv in SourceAssetDB has modification time of '2026-01-22T02:35:46.9423308Z' while content on disk has modification time of '2026-01-22T02:39:57.2471527Z'
  ERROR: Build asset version error: assets/latency_log.csv in SourceAssetDB has modification time of '2026-01-22T02:35:46.9423308Z' while content on disk has modification time of '2026-01-22T02:39:57.2471527Z'
Number of updated asset objects reloaded before import = 0
Number of asset objects unloaded after import = 0
========================================================================
Received Import Request.
  Time since last request: 0.068142 seconds.
  path: Assets/latency_log.csv
  artifactKey: Guid(c287aee21e7014b44862a86f06873de3) Importer(815301076,1909f56bfc062723c751e8b465ee728b)
Start importing Assets/latency_log.csv using Guid(c287aee21e7014b44862a86f06873de3) Importer(815301076,1909f56bfc062723c751e8b465ee728b) [PhysX] Initialized MultithreadedTaskDispatcher with 20 workers.
 -> (artifact id: '00000000000000000000000000000000') in 0.001721 seconds
Import Error Code:(4)
Message: Build asset version error: assets/latency_log.csv in SourceAssetDB has modification time of '2026-01-22T02:35:46.9423308Z' while content on disk has modification time of '2026-01-22T02:39:57.2471527Z'
  ERROR: Build asset version error: assets/latency_log.csv in SourceAssetDB has modification time of '2026-01-22T02:35:46.9423308Z' while content on disk has modification time of '2026-01-22T02:39:57.2471527Z'
Number of updated asset objects reloaded before import = 0
Number of asset objects unloaded after import = 0
========================================================================
Received Import Request.
  Time since last request: 0.001272 seconds.
  path: Assets/latency_log.csv
  artifactKey: Guid(c287aee21e7014b44862a86f06873de3) Importer(815301076,1909f56bfc062723c751e8b465ee728b)
Start importing Assets/latency_log.csv using Guid(c287aee21e7014b44862a86f06873de3) Importer(815301076,1909f56bfc062723c751e8b465ee728b) [PhysX] Initialized MultithreadedTaskDispatcher with 20 workers.
 -> (artifact id: '00000000000000000000000000000000') in 0.002141 seconds
Import Error Code:(4)
Message: Build asset version error: assets/latency_log.csv in SourceAssetDB has modification time of '2026-01-22T02:35:46.9423308Z' while content on disk has modification time of '2026-01-22T02:39:57.2471527Z'
  ERROR: Build asset version error: assets/latency_log.csv in SourceAssetDB has modification time of '2026-01-22T02:35:46.9423308Z' while content on disk has modification time of '2026-01-22T02:39:57.2471527Z'
Number of updated asset objects reloaded before import = 0
Number of asset objects unloaded after import = 0
========================================================================
Received Import Request.
  Time since last request: 0.058699 seconds.
  path: Assets/latency_log.csv
  artifactKey: Guid(c287aee21e7014b44862a86f06873de3) Importer(815301076,1909f56bfc062723c751e8b465ee728b)
Start importing Assets/latency_log.csv using Guid(c287aee21e7014b44862a86f06873de3) Importer(815301076,1909f56bfc062723c751e8b465ee728b) [PhysX] Initialized MultithreadedTaskDispatcher with 20 workers.
 -> (artifact id: '00000000000000000000000000000000') in 0.001884 seconds
Import Error Code:(4)
Message: Build asset version error: assets/latency_log.csv in SourceAssetDB has modification time of '2026-01-22T02:35:46.9423308Z' while content on disk has modification time of '2026-01-22T02:39:57.2471527Z'
  ERROR: Build asset version error: assets/latency_log.csv in SourceAssetDB has modification time of '2026-01-22T02:35:46.9423308Z' while content on disk has modification time of '2026-01-22T02:39:57.2471527Z'
Number of updated asset objects reloaded before import = 0
Number of asset objects unloaded after import = 0
========================================================================
Received Import Request.
  Time since last request: 0.056927 seconds.
  path: Assets/latency_log.csv
  artifactKey: Guid(c287aee21e7014b44862a86f06873de3) Importer(815301076,1909f56bfc062723c751e8b465ee728b)
Start importing Assets/latency_log.csv using Guid(c287aee21e7014b44862a86f06873de3) Importer(815301076,1909f56bfc062723c751e8b465ee728b) [PhysX] Initialized MultithreadedTaskDispatcher with 20 workers.
 -> (artifact id: '00000000000000000000000000000000') in 0.002137 seconds
Import Error Code:(4)
Message: Build asset version error: assets/latency_log.csv in SourceAssetDB has modification time of '2026-01-22T02:35:46.9423308Z' while content on disk has modification time of '2026-01-22T02:39:57.2471527Z'
  ERROR: Build asset version error: assets/latency_log.csv in SourceAssetDB has modification time of '2026-01-22T02:35:46.9423308Z' while content on disk has modification time of '2026-01-22T02:39:57.2471527Z'
Number of updated asset objects reloaded before import = 0
Number of asset objects unloaded after import = 0
========================================================================
Received Import Request.
  Time since last request: 0.055384 seconds.
  path: Assets/latency_log.csv
  artifactKey: Guid(c287aee21e7014b44862a86f06873de3) Importer(815301076,1909f56bfc062723c751e8b465ee728b)
Start importing Assets/latency_log.csv using Guid(c287aee21e7014b44862a86f06873de3) Importer(815301076,1909f56bfc062723c751e8b465ee728b) [PhysX] Initialized MultithreadedTaskDispatcher with 20 workers.
 -> (artifact id: '00000000000000000000000000000000') in 0.001683 seconds
Import Error Code:(4)
Message: Build asset version error: assets/latency_log.csv in SourceAssetDB has modification time of '2026-01-22T02:35:46.9423308Z' while content on disk has modification time of '2026-01-22T02:39:57.2471527Z'
  ERROR: Build asset version error: assets/latency_log.csv in SourceAssetDB has modification time of '2026-01-22T02:35:46.9423308Z' while content on disk has modification time of '2026-01-22T02:39:57.2471527Z'
Number of updated asset objects reloaded before import = 0
Number of asset objects unloaded after import = 0
========================================================================
Received Import Request.
  Time since last request: 0.061696 seconds.
  path: Assets/latency_log.csv
  artifactKey: Guid(c287aee21e7014b44862a86f06873de3) Importer(815301076,1909f56bfc062723c751e8b465ee728b)
Start importing Assets/latency_log.csv using Guid(c287aee21e7014b44862a86f06873de3) Importer(815301076,1909f56bfc062723c751e8b465ee728b) [PhysX] Initialized MultithreadedTaskDispatcher with 20 workers.
 -> (artifact id: '00000000000000000000000000000000') in 0.001888 seconds
Import Error Code:(4)
Message: Build asset version error: assets/latency_log.csv in SourceAssetDB has modification time of '2026-01-22T02:35:46.9423308Z' while content on disk has modification time of '2026-01-22T02:39:57.2471527Z'
  ERROR: Build asset version error: assets/latency_log.csv in SourceAssetDB has modification time of '2026-01-22T02:35:46.9423308Z' while content on disk has modification time of '2026-01-22T02:39:57.2471527Z'
Number of updated asset objects reloaded before import = 0
Number of asset objects unloaded after import = 0
========================================================================
Received Import Request.
  Time since last request: 0.053652 seconds.
  path: Assets/latency_log.csv
  artifactKey: Guid(c287aee21e7014b44862a86f06873de3) Importer(815301076,1909f56bfc062723c751e8b465ee728b)
Start importing Assets/latency_log.csv using Guid(c287aee21e7014b44862a86f06873de3) Importer(815301076,1909f56bfc062723c751e8b465ee728b) [PhysX] Initialized MultithreadedTaskDispatcher with 20 workers.
 -> (artifact id: '00000000000000000000000000000000') in 0.001986 seconds
Import Error Code:(4)
Message: Build asset version error: assets/latency_log.csv in SourceAssetDB has modification time of '2026-01-22T02:35:46.9423308Z' while content on disk has modification time of '2026-01-22T02:39:57.2471527Z'
  ERROR: Build asset version error: assets/latency_log.csv in SourceAssetDB has modification time of '2026-01-22T02:35:46.9423308Z' while content on disk has modification time of '2026-01-22T02:39:57.2471527Z'
Number of updated asset objects reloaded before import = 0
Number of asset objects unloaded after import = 0
========================================================================
Received Import Request.
  Time since last request: 0.056063 seconds.
  path: Assets/latency_log.csv
  artifactKey: Guid(c287aee21e7014b44862a86f06873de3) Importer(815301076,1909f56bfc062723c751e8b465ee728b)
Start importing Assets/latency_log.csv using Guid(c287aee21e7014b44862a86f06873de3) Importer(815301076,1909f56bfc062723c751e8b465ee728b) [PhysX] Initialized MultithreadedTaskDispatcher with 20 workers.
 -> (artifact id: '00000000000000000000000000000000') in 0.001944 seconds
Import Error Code:(4)
Message: Build asset version error: assets/latency_log.csv in SourceAssetDB has modification time of '2026-01-22T02:35:46.9423308Z' while content on disk has modification time of '2026-01-22T02:39:57.2471527Z'
  ERROR: Build asset version error: assets/latency_log.csv in SourceAssetDB has modification time of '2026-01-22T02:35:46.9423308Z' while content on disk has modification time of '2026-01-22T02:39:57.2471527Z'
Number of updated asset objects reloaded before import = 0
Number of asset objects unloaded after import = 0
========================================================================
Received Import Request.
  Time since last request: 0.055878 seconds.
  path: Assets/latency_log.csv
  artifactKey: Guid(c287aee21e7014b44862a86f06873de3) Importer(815301076,1909f56bfc062723c751e8b465ee728b)
Start importing Assets/latency_log.csv using Guid(c287aee21e7014b44862a86f06873de3) Importer(815301076,1909f56bfc062723c751e8b465ee728b) [PhysX] Initialized MultithreadedTaskDispatcher with 20 workers.
 -> (artifact id: '00000000000000000000000000000000') in 0.002514 seconds
Import Error Code:(4)
Message: Build asset version error: assets/latency_log.csv in SourceAssetDB has modification time of '2026-01-22T02:35:46.9423308Z' while content on disk has modification time of '2026-01-22T02:39:57.2471527Z'
  ERROR: Build asset version error: assets/latency_log.csv in SourceAssetDB has modification time of '2026-01-22T02:35:46.9423308Z' while content on disk has modification time of '2026-01-22T02:39:57.2471527Z'
Number of updated asset objects reloaded before import = 0
Number of asset objects unloaded after import = 0
========================================================================
Received Import Request.
  Time since last request: 0.055136 seconds.
  path: Assets/latency_log.csv
  artifactKey: Guid(c287aee21e7014b44862a86f06873de3) Importer(815301076,1909f56bfc062723c751e8b465ee728b)
Start importing Assets/latency_log.csv using Guid(c287aee21e7014b44862a86f06873de3) Importer(815301076,1909f56bfc062723c751e8b465ee728b) [PhysX] Initialized MultithreadedTaskDispatcher with 20 workers.
 -> (artifact id: '00000000000000000000000000000000') in 0.001972 seconds
Import Error Code:(4)
Message: Build asset version error: assets/latency_log.csv in SourceAssetDB has modification time of '2026-01-22T02:35:46.9423308Z' while content on disk has modification time of '2026-01-22T02:39:57.2471527Z'
  ERROR: Build asset version error: assets/latency_log.csv in SourceAssetDB has modification time of '2026-01-22T02:35:46.9423308Z' while content on disk has modification time of '2026-01-22T02:39:57.2471527Z'
Number of updated asset objects reloaded before import = 0
Number of asset objects unloaded after import = 0
========================================================================
Received Import Request.
  Time since last request: 0.055163 seconds.
  path: Assets/latency_log.csv
  artifactKey: Guid(c287aee21e7014b44862a86f06873de3) Importer(815301076,1909f56bfc062723c751e8b465ee728b)
Start importing Assets/latency_log.csv using Guid(c287aee21e7014b44862a86f06873de3) Importer(815301076,1909f56bfc062723c751e8b465ee728b) [PhysX] Initialized MultithreadedTaskDispatcher with 20 workers.
 -> (artifact id: '00000000000000000000000000000000') in 0.002179 seconds
Import Error Code:(4)
Message: Build asset version error: assets/latency_log.csv in SourceAssetDB has modification time of '2026-01-22T02:35:46.9423308Z' while content on disk has modification time of '2026-01-22T02:39:57.2471527Z'
  ERROR: Build asset version error: assets/latency_log.csv in SourceAssetDB has modification time of '2026-01-22T02:35:46.9423308Z' while content on disk has modification time of '2026-01-22T02:39:57.2471527Z'
Number of updated asset objects reloaded before import = 0
Number of asset objects unloaded after import = 0
========================================================================
Received Import Request.
  Time since last request: 0.054877 seconds.
  path: Assets/latency_log.csv
  artifactKey: Guid(c287aee21e7014b44862a86f06873de3) Importer(815301076,1909f56bfc062723c751e8b465ee728b)
Start importing Assets/latency_log.csv using Guid(c287aee21e7014b44862a86f06873de3) Importer(815301076,1909f56bfc062723c751e8b465ee728b) [PhysX] Initialized MultithreadedTaskDispatcher with 20 workers.
 -> (artifact id: '00000000000000000000000000000000') in 0.001892 seconds
Import Error Code:(4)
Message: Build asset version error: assets/latency_log.csv in SourceAssetDB has modification time of '2026-01-22T02:35:46.9423308Z' while content on disk has modification time of '2026-01-22T02:39:57.2471527Z'
  ERROR: Build asset version error: assets/latency_log.csv in SourceAssetDB has modification time of '2026-01-22T02:35:46.9423308Z' while content on disk has modification time of '2026-01-22T02:39:57.2471527Z'
Number of updated asset objects reloaded before import = 0
Number of asset objects unloaded after import = 0
========================================================================
Received Import Request.
  Time since last request: 0.055622 seconds.
  path: Assets/latency_log.csv
  artifactKey: Guid(c287aee21e7014b44862a86f06873de3) Importer(815301076,1909f56bfc062723c751e8b465ee728b)
Start importing Assets/latency_log.csv using Guid(c287aee21e7014b44862a86f06873de3) Importer(815301076,1909f56bfc062723c751e8b465ee728b) [PhysX] Initialized MultithreadedTaskDispatcher with 20 workers.
 -> (artifact id: '00000000000000000000000000000000') in 0.002315 seconds
Import Error Code:(4)
Message: Build asset version error: assets/latency_log.csv in SourceAssetDB has modification time of '2026-01-22T02:35:46.9423308Z' while content on disk has modification time of '2026-01-22T02:39:57.2471527Z'
  ERROR: Build asset version error: assets/latency_log.csv in SourceAssetDB has modification time of '2026-01-22T02:35:46.9423308Z' while content on disk has modification time of '2026-01-22T02:39:57.2471527Z'
Number of updated asset objects reloaded before import = 0
Number of asset objects unloaded after import = 0
========================================================================
Received Import Request.
  Time since last request: 0.056783 seconds.
  path: Assets/latency_log.csv
  artifactKey: Guid(c287aee21e7014b44862a86f06873de3) Importer(815301076,1909f56bfc062723c751e8b465ee728b)
Start importing Assets/latency_log.csv using Guid(c287aee21e7014b44862a86f06873de3) Importer(815301076,1909f56bfc062723c751e8b465ee728b) [PhysX] Initialized MultithreadedTaskDispatcher with 20 workers.
 -> (artifact id: '00000000000000000000000000000000') in 0.001950 seconds
Import Error Code:(4)
Message: Build asset version error: assets/latency_log.csv in SourceAssetDB has modification time of '2026-01-22T02:35:46.9423308Z' while content on disk has modification time of '2026-01-22T02:39:57.2471527Z'
  ERROR: Build asset version error: assets/latency_log.csv in SourceAssetDB has modification time of '2026-01-22T02:35:46.9423308Z' while content on disk has modification time of '2026-01-22T02:39:57.2471527Z'
Number of updated asset objects reloaded before import = 0
Number of asset objects unloaded after import = 0
========================================================================
Received Import Request.
  Time since last request: 0.054663 seconds.
  path: Assets/latency_log.csv
  artifactKey: Guid(c287aee21e7014b44862a86f06873de3) Importer(815301076,1909f56bfc062723c751e8b465ee728b)
Start importing Assets/latency_log.csv using Guid(c287aee21e7014b44862a86f06873de3) Importer(815301076,1909f56bfc062723c751e8b465ee728b) [PhysX] Initialized MultithreadedTaskDispatcher with 20 workers.
 -> (artifact id: '00000000000000000000000000000000') in 0.001788 seconds
Import Error Code:(4)
Message: Build asset version error: assets/latency_log.csv in SourceAssetDB has modification time of '2026-01-22T02:35:46.9423308Z' while content on disk has modification time of '2026-01-22T02:39:57.2471527Z'
  ERROR: Build asset version error: assets/latency_log.csv in SourceAssetDB has modification time of '2026-01-22T02:35:46.9423308Z' while content on disk has modification time of '2026-01-22T02:39:57.2471527Z'
Number of updated asset objects reloaded before import = 0
Number of asset objects unloaded after import = 0
========================================================================
Received Import Request.
  Time since last request: 0.055887 seconds.
  path: Assets/latency_log.csv
  artifactKey: Guid(c287aee21e7014b44862a86f06873de3) Importer(815301076,1909f56bfc062723c751e8b465ee728b)
Start importing Assets/latency_log.csv using Guid(c287aee21e7014b44862a86f06873de3) Importer(815301076,1909f56bfc062723c751e8b465ee728b) [PhysX] Initialized MultithreadedTaskDispatcher with 20 workers.
 -> (artifact id: '00000000000000000000000000000000') in 0.001816 seconds
Import Error Code:(4)
Message: Build asset version error: assets/latency_log.csv in SourceAssetDB has modification time of '2026-01-22T02:35:46.9423308Z' while content on disk has modification time of '2026-01-22T02:39:57.2471527Z'
  ERROR: Build asset version error: assets/latency_log.csv in SourceAssetDB has modification time of '2026-01-22T02:35:46.9423308Z' while content on disk has modification time of '2026-01-22T02:39:57.2471527Z'
Number of updated asset objects reloaded before import = 0
Number of asset objects unloaded after import = 0
========================================================================
Received Import Request.
  Time since last request: 0.000792 seconds.
  path: Assets/latency_log.csv
  artifactKey: Guid(c287aee21e7014b44862a86f06873de3) Importer(815301076,1909f56bfc062723c751e8b465ee728b)
Start importing Assets/latency_log.csv using Guid(c287aee21e7014b44862a86f06873de3) Importer(815301076,1909f56bfc062723c751e8b465ee728b) [PhysX] Initialized MultithreadedTaskDispatcher with 20 workers.
 -> (artifact id: '00000000000000000000000000000000') in 0.001486 seconds
Import Error Code:(4)
Message: Build asset version error: assets/latency_log.csv in SourceAssetDB has modification time of '2026-01-22T02:35:46.9423308Z' while content on disk has modification time of '2026-01-22T02:39:57.2471527Z'
  ERROR: Build asset version error: assets/latency_log.csv in SourceAssetDB has modification time of '2026-01-22T02:35:46.9423308Z' while content on disk has modification time of '2026-01-22T02:39:57.2471527Z'
Number of updated asset objects reloaded before import = 0
Number of asset objects unloaded after import = 0
========================================================================
Received Prepare
Caller must complete domain reload
Begin MonoManager ReloadAssembly
Symbol file LoadedFromMemory is not a mono symbol file
- Loaded All Assemblies, in  0.345 seconds
Native extension for WindowsStandalone target not found
Native extension for Android target not found
Mono: successfully reloaded assembly
- Finished resetting the current domain, in  0.757 seconds
Domain Reload Profiling: 1101ms
	BeginReloadAssembly (126ms)
		ExecutionOrderSort (0ms)
		DisableScriptedObjects (4ms)
		BackupInstance (0ms)
		ReleaseScriptingObjects (0ms)
		CreateAndSetChildDomain (33ms)
	RebuildCommonClasses (25ms)
	RebuildNativeTypeToScriptingClass (7ms)
	initialDomainReloadingComplete (25ms)
	LoadAllAssembliesAndSetupDomain (161ms)
		LoadAssemblies (211ms)
		RebuildTransferFunctionScriptingTraits (0ms)
		AnalyzeDomain (12ms)
			TypeCache.Refresh (5ms)
				TypeCache.ScanAssembly (0ms)
			ScanForSourceGeneratedMonoScriptInfo (0ms)
			ResolveRequiredComponents (4ms)
	FinalizeReload (758ms)
		ReleaseScriptCaches (0ms)
		RebuildScriptCaches (0ms)
		SetupLoadedEditorAssemblies (328ms)
			LogAssemblyErrors (0ms)
			InitializePlatformSupportModulesInManaged (16ms)
			SetLoadedEditorAssemblies (4ms)
			RefreshPlugins (0ms)
			BeforeProcessingInitializeOnLoad (54ms)
			ProcessInitializeOnLoadAttributes (222ms)
			ProcessInitializeOnLoadMethodAttributes (25ms)
			AfterProcessingInitializeOnLoad (6ms)
			EditorAssembliesLoaded (0ms)
		ExecutionOrderSort2 (0ms)
		AwakeInstancesAfterBackupRestoration (7ms)
Refreshing native plugins compatible for Editor in 4.07 ms, found 3 plugins.
Preloading 0 native plugins for Editor in 0.00 ms.
Unloading 3295 Unused Serialized files (Serialized files now loaded: 0)
Unloading 15 unused Assets / (29.0 KB). Loaded Objects now: 3776.
Memory consumption went from 123.4 MB to 123.3 MB.
Total: 3.092800 ms (FindLiveObjects: 0.157100 ms CreateObjectMapping: 0.058500 ms MarkObjects: 2.842800 ms  DeleteObjects: 0.033500 ms)

Prepare: number of updated asset objects reloaded= 0
AssetImportParameters requested are different than current active one (requested -> active):
  custom:container-demuxer-ogg: 62fdf1f143b41e24485cea50d1cbac27 -> 
  custom:video-codec-MediaFoundation-h265: 746d11721c4dcdbdad8f713fa42b33f4 -> 
  custom:video-decoder-ogg-theora: a1e56fd34408186e4bbccfd4996cb3dc -> 
  custom:framework-win-MediaFoundation: 216162199b28c13a410421893ffa2e32 -> 
  custom:CustomObjectIndexerAttribute: 9a22284fe3817be447336de3de66b15e -> 
  custom:container-demuxer-webm: 4f35f7cbe854078d1ac9338744f61a02 -> 
  custom:container-muxer-webm: aa71ff27fc2769a1b78a27578f13a17b -> 
  custom:video-decoder-webm-vp8: 9c59270c3fd7afecdb556c50c9e8de78 -> 
  custom:SearchIndexIgnoredProperties: e643bd26f0fe6173181afceb89e7c659 -> 
  custom:AudioImporter_EditorPlatform: d09bf68614088b80899f8185d706f6e7 -> 
  custom:video-encoder-webm-vp8: eb34c28f22e8b96e1ab97ce403110664 -> 
  custom:audio-decoder-ogg-vorbis: bf7c407c2cedff20999df2af8eb42d56 -> 
  custom:audio-encoder-webm-vorbis: bf7c407c2cedff20999df2af8eb42d56 -> 
========================================================================
Received Import Request.
  Time since last request: 913.006845 seconds.
  path: Assets/latency_log.csv
  artifactKey: Guid(c287aee21e7014b44862a86f06873de3) Importer(815301076,1909f56bfc062723c751e8b465ee728b)
Start importing Assets/latency_log.csv using Guid(c287aee21e7014b44862a86f06873de3) Importer(815301076,1909f56bfc062723c751e8b465ee728b) [PhysX] Initialized MultithreadedTaskDispatcher with 20 workers.
 -> (artifact id: '00000000000000000000000000000000') in 0.025029 seconds
Import Error Code:(4)
Message: Build asset version error: assets/latency_log.csv in SourceAssetDB has modification time of '2026-01-22T02:53:59.5605705Z' while content on disk has modification time of '2026-01-22T02:56:27.6322738Z'
  ERROR: Build asset version error: assets/latency_log.csv in SourceAssetDB has modification time of '2026-01-22T02:53:59.5605705Z' while content on disk has modification time of '2026-01-22T02:56:27.6322738Z'
Number of updated asset objects reloaded before import = 0
Number of asset objects unloaded after import = 0
========================================================================
Received Import Request.
  Time since last request: 0.010850 seconds.
  path: Assets/latency_log.csv
  artifactKey: Guid(c287aee21e7014b44862a86f06873de3) Importer(815301076,1909f56bfc062723c751e8b465ee728b)
Start importing Assets/latency_log.csv using Guid(c287aee21e7014b44862a86f06873de3) Importer(815301076,1909f56bfc062723c751e8b465ee728b) [PhysX] Initialized MultithreadedTaskDispatcher with 20 workers.
 -> (artifact id: '00000000000000000000000000000000') in 0.001946 seconds
Import Error Code:(4)
Message: Build asset version error: assets/latency_log.csv in SourceAssetDB has modification time of '2026-01-22T02:53:59.5605705Z' while content on disk has modification time of '2026-01-22T02:56:27.6322738Z'
  ERROR: Build asset version error: assets/latency_log.csv in SourceAssetDB has modification time of '2026-01-22T02:53:59.5605705Z' while content on disk has modification time of '2026-01-22T02:56:27.6322738Z'
Number of updated asset objects reloaded before import = 0
Number of asset objects unloaded after import = 0
========================================================================
Received Import Request.
  Time since last request: 0.046961 seconds.
  path: Assets/latency_log.csv
  artifactKey: Guid(c287aee21e7014b44862a86f06873de3) Importer(815301076,1909f56bfc062723c751e8b465ee728b)
Start importing Assets/latency_log.csv using Guid(c287aee21e7014b44862a86f06873de3) Importer(815301076,1909f56bfc062723c751e8b465ee728b) [PhysX] Initialized MultithreadedTaskDispatcher with 20 workers.
 -> (artifact id: '00000000000000000000000000000000') in 0.001780 seconds
Import Error Code:(4)
Message: Build asset version error: assets/latency_log.csv in SourceAssetDB has modification time of '2026-01-22T02:53:59.5605705Z' while content on disk has modification time of '2026-01-22T02:56:27.6322738Z'
  ERROR: Build asset version error: assets/latency_log.csv in SourceAssetDB has modification time of '2026-01-22T02:53:59.5605705Z' while content on disk has modification time of '2026-01-22T02:56:27.6322738Z'
Number of updated asset objects reloaded before import = 0
Number of asset objects unloaded after import = 0
========================================================================
Received Import Request.
  Time since last request: 0.006843 seconds.
  path: Assets/latency_log.csv
  artifactKey: Guid(c287aee21e7014b44862a86f06873de3) Importer(815301076,1909f56bfc062723c751e8b465ee728b)
Start importing Assets/latency_log.csv using Guid(c287aee21e7014b44862a86f06873de3) Importer(815301076,1909f56bfc062723c751e8b465ee728b) [PhysX] Initialized MultithreadedTaskDispatcher with 20 workers.
 -> (artifact id: '00000000000000000000000000000000') in 0.002104 seconds
Import Error Code:(4)
Message: Build asset version error: assets/latency_log.csv in SourceAssetDB has modification time of '2026-01-22T02:53:59.5605705Z' while content on disk has modification time of '2026-01-22T02:56:27.6322738Z'
  ERROR: Build asset version error: assets/latency_log.csv in SourceAssetDB has modification time of '2026-01-22T02:53:59.5605705Z' while content on disk has modification time of '2026-01-22T02:56:27.6322738Z'
Number of updated asset objects reloaded before import = 0
Number of asset objects unloaded after import = 0
========================================================================
Received Import Request.
  Time since last request: 0.053096 seconds.
  path: Assets/latency_log.csv
  artifactKey: Guid(c287aee21e7014b44862a86f06873de3) Importer(815301076,1909f56bfc062723c751e8b465ee728b)
Start importing Assets/latency_log.csv using Guid(c287aee21e7014b44862a86f06873de3) Importer(815301076,1909f56bfc062723c751e8b465ee728b) [PhysX] Initialized MultithreadedTaskDispatcher with 20 workers.
 -> (artifact id: '00000000000000000000000000000000') in 0.001900 seconds
Import Error Code:(4)
Message: Build asset version error: assets/latency_log.csv in SourceAssetDB has modification time of '2026-01-22T02:53:59.5605705Z' while content on disk has modification time of '2026-01-22T02:56:27.6322738Z'
  ERROR: Build asset version error: assets/latency_log.csv in SourceAssetDB has modification time of '2026-01-22T02:53:59.5605705Z' while content on disk has modification time of '2026-01-22T02:56:27.6322738Z'
Number of updated asset objects reloaded before import = 0
Number of asset objects unloaded after import = 0
========================================================================
Received Import Request.
  Time since last request: 0.055305 seconds.
  path: Assets/latency_log.csv
  artifactKey: Guid(c287aee21e7014b44862a86f06873de3) Importer(815301076,1909f56bfc062723c751e8b465ee728b)
Start importing Assets/latency_log.csv using Guid(c287aee21e7014b44862a86f06873de3) Importer(815301076,1909f56bfc062723c751e8b465ee728b) [PhysX] Initialized MultithreadedTaskDispatcher with 20 workers.
 -> (artifact id: '00000000000000000000000000000000') in 0.001970 seconds
Import Error Code:(4)
Message: Build asset version error: assets/latency_log.csv in SourceAssetDB has modification time of '2026-01-22T02:53:59.5605705Z' while content on disk has modification time of '2026-01-22T02:56:27.6322738Z'
  ERROR: Build asset version error: assets/latency_log.csv in SourceAssetDB has modification time of '2026-01-22T02:53:59.5605705Z' while content on disk has modification time of '2026-01-22T02:56:27.6322738Z'
Number of updated asset objects reloaded before import = 0
Number of asset objects unloaded after import = 0
========================================================================
Received Import Request.
  Time since last request: 0.055849 seconds.
  path: Assets/latency_log.csv
  artifactKey: Guid(c287aee21e7014b44862a86f06873de3) Importer(815301076,1909f56bfc062723c751e8b465ee728b)
Start importing Assets/latency_log.csv using Guid(c287aee21e7014b44862a86f06873de3) Importer(815301076,1909f56bfc062723c751e8b465ee728b) [PhysX] Initialized MultithreadedTaskDispatcher with 20 workers.
 -> (artifact id: '00000000000000000000000000000000') in 0.002044 seconds
Import Error Code:(4)
Message: Build asset version error: assets/latency_log.csv in SourceAssetDB has modification time of '2026-01-22T02:53:59.5605705Z' while content on disk has modification time of '2026-01-22T02:56:27.6322738Z'
  ERROR: Build asset version error: assets/latency_log.csv in SourceAssetDB has modification time of '2026-01-22T02:53:59.5605705Z' while content on disk has modification time of '2026-01-22T02:56:27.6322738Z'
Number of updated asset objects reloaded before import = 0
Number of asset objects unloaded after import = 0
========================================================================
Received Import Request.
  Time since last request: 0.055318 seconds.
  path: Assets/latency_log.csv
  artifactKey: Guid(c287aee21e7014b44862a86f06873de3) Importer(815301076,1909f56bfc062723c751e8b465ee728b)
Start importing Assets/latency_log.csv using Guid(c287aee21e7014b44862a86f06873de3) Importer(815301076,1909f56bfc062723c751e8b465ee728b) [PhysX] Initialized MultithreadedTaskDispatcher with 20 workers.
 -> (artifact id: '00000000000000000000000000000000') in 0.003144 seconds
Import Error Code:(4)
Message: Build asset version error: assets/latency_log.csv in SourceAssetDB has modification time of '2026-01-22T02:53:59.5605705Z' while content on disk has modification time of '2026-01-22T02:56:27.6322738Z'
  ERROR: Build asset version error: assets/latency_log.csv in SourceAssetDB has modification time of '2026-01-22T02:53:59.5605705Z' while content on disk has modification time of '2026-01-22T02:56:27.6322738Z'
Number of updated asset objects reloaded before import = 0
Number of asset objects unloaded after import = 0
========================================================================
Received Import Request.
  Time since last request: 0.054574 seconds.
  path: Assets/latency_log.csv
  artifactKey: Guid(c287aee21e7014b44862a86f06873de3) Importer(815301076,1909f56bfc062723c751e8b465ee728b)
Start importing Assets/latency_log.csv using Guid(c287aee21e7014b44862a86f06873de3) Importer(815301076,1909f56bfc062723c751e8b465ee728b) [PhysX] Initialized MultithreadedTaskDispatcher with 20 workers.
 -> (artifact id: '00000000000000000000000000000000') in 0.002215 seconds
Import Error Code:(4)
Message: Build asset version error: assets/latency_log.csv in SourceAssetDB has modification time of '2026-01-22T02:53:59.5605705Z' while content on disk has modification time of '2026-01-22T02:56:27.6322738Z'
  ERROR: Build asset version error: assets/latency_log.csv in SourceAssetDB has modification time of '2026-01-22T02:53:59.5605705Z' while content on disk has modification time of '2026-01-22T02:56:27.6322738Z'
Number of updated asset objects reloaded before import = 0
Number of asset objects unloaded after import = 0
========================================================================
Received Import Request.
  Time since last request: 0.055301 seconds.
  path: Assets/latency_log.csv
  artifactKey: Guid(c287aee21e7014b44862a86f06873de3) Importer(815301076,1909f56bfc062723c751e8b465ee728b)
Start importing Assets/latency_log.csv using Guid(c287aee21e7014b44862a86f06873de3) Importer(815301076,1909f56bfc062723c751e8b465ee728b) [PhysX] Initialized MultithreadedTaskDispatcher with 20 workers.
 -> (artifact id: '00000000000000000000000000000000') in 0.002807 seconds
Import Error Code:(4)
Message: Build asset version error: assets/latency_log.csv in SourceAssetDB has modification time of '2026-01-22T02:53:59.5605705Z' while content on disk has modification time of '2026-01-22T02:56:27.6322738Z'
  ERROR: Build asset version error: assets/latency_log.csv in SourceAssetDB has modification time of '2026-01-22T02:53:59.5605705Z' while content on disk has modification time of '2026-01-22T02:56:27.6322738Z'
Number of updated asset objects reloaded before import = 0
Number of asset objects unloaded after import = 0
========================================================================
Received Import Request.
  Time since last request: 0.053408 seconds.
  path: Assets/latency_log.csv
  artifactKey: Guid(c287aee21e7014b44862a86f06873de3) Importer(815301076,1909f56bfc062723c751e8b465ee728b)
Start importing Assets/latency_log.csv using Guid(c287aee21e7014b44862a86f06873de3) Importer(815301076,1909f56bfc062723c751e8b465ee728b) [PhysX] Initialized MultithreadedTaskDispatcher with 20 workers.
 -> (artifact id: '00000000000000000000000000000000') in 0.001830 seconds
Import Error Code:(4)
Message: Build asset version error: assets/latency_log.csv in SourceAssetDB has modification time of '2026-01-22T02:53:59.5605705Z' while content on disk has modification time of '2026-01-22T02:56:27.6322738Z'
  ERROR: Build asset version error: assets/latency_log.csv in SourceAssetDB has modification time of '2026-01-22T02:53:59.5605705Z' while content on disk has modification time of '2026-01-22T02:56:27.6322738Z'
Number of updated asset objects reloaded before import = 0
Number of asset objects unloaded after import = 0
========================================================================
Received Import Request.
  Time since last request: 0.055734 seconds.
  path: Assets/latency_log.csv
  artifactKey: Guid(c287aee21e7014b44862a86f06873de3) Importer(815301076,1909f56bfc062723c751e8b465ee728b)
Start importing Assets/latency_log.csv using Guid(c287aee21e7014b44862a86f06873de3) Importer(815301076,1909f56bfc062723c751e8b465ee728b) [PhysX] Initialized MultithreadedTaskDispatcher with 20 workers.
 -> (artifact id: '00000000000000000000000000000000') in 0.002171 seconds
Import Error Code:(4)
Message: Build asset version error: assets/latency_log.csv in SourceAssetDB has modification time of '2026-01-22T02:53:59.5605705Z' while content on disk has modification time of '2026-01-22T02:56:27.6322738Z'
  ERROR: Build asset version error: assets/latency_log.csv in SourceAssetDB has modification time of '2026-01-22T02:53:59.5605705Z' while content on disk has modification time of '2026-01-22T02:56:27.6322738Z'
Number of updated asset objects reloaded before import = 0
Number of asset objects unloaded after import = 0
========================================================================
Received Import Request.
  Time since last request: 0.056030 seconds.
  path: Assets/latency_log.csv
  artifactKey: Guid(c287aee21e7014b44862a86f06873de3) Importer(815301076,1909f56bfc062723c751e8b465ee728b)
Start importing Assets/latency_log.csv using Guid(c287aee21e7014b44862a86f06873de3) Importer(815301076,1909f56bfc062723c751e8b465ee728b) [PhysX] Initialized MultithreadedTaskDispatcher with 20 workers.
 -> (artifact id: '00000000000000000000000000000000') in 0.002641 seconds
Import Error Code:(4)
Message: Build asset version error: assets/latency_log.csv in SourceAssetDB has modification time of '2026-01-22T02:53:59.5605705Z' while content on disk has modification time of '2026-01-22T02:56:27.6322738Z'
  ERROR: Build asset version error: assets/latency_log.csv in SourceAssetDB has modification time of '2026-01-22T02:53:59.5605705Z' while content on disk has modification time of '2026-01-22T02:56:27.6322738Z'
Number of updated asset objects reloaded before import = 0
Number of asset objects unloaded after import = 0
========================================================================
Received Import Request.
  Time since last request: 0.054232 seconds.
  path: Assets/latency_log.csv
  artifactKey: Guid(c287aee21e7014b44862a86f06873de3) Importer(815301076,1909f56bfc062723c751e8b465ee728b)
Start importing Assets/latency_log.csv using Guid(c287aee21e7014b44862a86f06873de3) Importer(815301076,1909f56bfc062723c751e8b465ee728b) [PhysX] Initialized MultithreadedTaskDispatcher with 20 workers.
 -> (artifact id: '00000000000000000000000000000000') in 0.002073 seconds
Import Error Code:(4)
Message: Build asset version error: assets/latency_log.csv in SourceAssetDB has modification time of '2026-01-22T02:53:59.5605705Z' while content on disk has modification time of '2026-01-22T02:56:27.6322738Z'
  ERROR: Build asset version error: assets/latency_log.csv in SourceAssetDB has modification time of '2026-01-22T02:53:59.5605705Z' while content on disk has modification time of '2026-01-22T02:56:27.6322738Z'
Number of updated asset objects reloaded before import = 0
Number of asset objects unloaded after import = 0
========================================================================
Received Import Request.
  Time since last request: 0.055462 seconds.
  path: Assets/latency_log.csv
  artifactKey: Guid(c287aee21e7014b44862a86f06873de3) Importer(815301076,1909f56bfc062723c751e8b465ee728b)
Start importing Assets/latency_log.csv using Guid(c287aee21e7014b44862a86f06873de3) Importer(815301076,1909f56bfc062723c751e8b465ee728b) [PhysX] Initialized MultithreadedTaskDispatcher with 20 workers.
 -> (artifact id: '00000000000000000000000000000000') in 0.002393 seconds
Import Error Code:(4)
Message: Build asset version error: assets/latency_log.csv in SourceAssetDB has modification time of '2026-01-22T02:53:59.5605705Z' while content on disk has modification time of '2026-01-22T02:56:27.6322738Z'
  ERROR: Build asset version error: assets/latency_log.csv in SourceAssetDB has modification time of '2026-01-22T02:53:59.5605705Z' while content on disk has modification time of '2026-01-22T02:56:27.6322738Z'
Number of updated asset objects reloaded before import = 0
Number of asset objects unloaded after import = 0
========================================================================
Received Import Request.
  Time since last request: 0.054939 seconds.
  path: Assets/latency_log.csv
  artifactKey: Guid(c287aee21e7014b44862a86f06873de3) Importer(815301076,1909f56bfc062723c751e8b465ee728b)
Start importing Assets/latency_log.csv using Guid(c287aee21e7014b44862a86f06873de3) Importer(815301076,1909f56bfc062723c751e8b465ee728b) [PhysX] Initialized MultithreadedTaskDispatcher with 20 workers.
 -> (artifact id: '00000000000000000000000000000000') in 0.002029 seconds
Import Error Code:(4)
Message: Build asset version error: assets/latency_log.csv in SourceAssetDB has modification time of '2026-01-22T02:53:59.5605705Z' while content on disk has modification time of '2026-01-22T02:56:27.6322738Z'
  ERROR: Build asset version error: assets/latency_log.csv in SourceAssetDB has modification time of '2026-01-22T02:53:59.5605705Z' while content on disk has modification time of '2026-01-22T02:56:27.6322738Z'
Number of updated asset objects reloaded before import = 0
Number of asset objects unloaded after import = 0
========================================================================
Received Import Request.
  Time since last request: 0.055491 seconds.
  path: Assets/latency_log.csv
  artifactKey: Guid(c287aee21e7014b44862a86f06873de3) Importer(815301076,1909f56bfc062723c751e8b465ee728b)
Start importing Assets/latency_log.csv using Guid(c287aee21e7014b44862a86f06873de3) Importer(815301076,1909f56bfc062723c751e8b465ee728b) [PhysX] Initialized MultithreadedTaskDispatcher with 20 workers.
 -> (artifact id: '00000000000000000000000000000000') in 0.002334 seconds
Import Error Code:(4)
Message: Build asset version error: assets/latency_log.csv in SourceAssetDB has modification time of '2026-01-22T02:53:59.5605705Z' while content on disk has modification time of '2026-01-22T02:56:27.6322738Z'
  ERROR: Build asset version error: assets/latency_log.csv in SourceAssetDB has modification time of '2026-01-22T02:53:59.5605705Z' while content on disk has modification time of '2026-01-22T02:56:27.6322738Z'
Number of updated asset objects reloaded before import = 0
Number of asset objects unloaded after import = 0
========================================================================
Received Import Request.
  Time since last request: 0.054485 seconds.
  path: Assets/latency_log.csv
  artifactKey: Guid(c287aee21e7014b44862a86f06873de3) Importer(815301076,1909f56bfc062723c751e8b465ee728b)
Start importing Assets/latency_log.csv using Guid(c287aee21e7014b44862a86f06873de3) Importer(815301076,1909f56bfc062723c751e8b465ee728b) [PhysX] Initialized MultithreadedTaskDispatcher with 20 workers.
 -> (artifact id: '00000000000000000000000000000000') in 0.002090 seconds
Import Error Code:(4)
Message: Build asset version error: assets/latency_log.csv in SourceAssetDB has modification time of '2026-01-22T02:53:59.5605705Z' while content on disk has modification time of '2026-01-22T02:56:27.6322738Z'
  ERROR: Build asset version error: assets/latency_log.csv in SourceAssetDB has modification time of '2026-01-22T02:53:59.5605705Z' while content on disk has modification time of '2026-01-22T02:56:27.6322738Z'
Number of updated asset objects reloaded before import = 0
Number of asset objects unloaded after import = 0
========================================================================
Received Import Request.
  Time since last request: 0.060746 seconds.
  path: Assets/latency_log.csv
  artifactKey: Guid(c287aee21e7014b44862a86f06873de3) Importer(815301076,1909f56bfc062723c751e8b465ee728b)
Start importing Assets/latency_log.csv using Guid(c287aee21e7014b44862a86f06873de3) Importer(815301076,1909f56bfc062723c751e8b465ee728b) [PhysX] Initialized MultithreadedTaskDispatcher with 20 workers.
 -> (artifact id: '00000000000000000000000000000000') in 0.002309 seconds
Import Error Code:(4)
Message: Build asset version error: assets/latency_log.csv in SourceAssetDB has modification time of '2026-01-22T02:53:59.5605705Z' while content on disk has modification time of '2026-01-22T02:56:27.6322738Z'
  ERROR: Build asset version error: assets/latency_log.csv in SourceAssetDB has modification time of '2026-01-22T02:53:59.5605705Z' while content on disk has modification time of '2026-01-22T02:56:27.6322738Z'
Number of updated asset objects reloaded before import = 0
Number of asset objects unloaded after import = 0
========================================================================
Received Import Request.
  Time since last request: 0.055338 seconds.
  path: Assets/latency_log.csv
  artifactKey: Guid(c287aee21e7014b44862a86f06873de3) Importer(815301076,1909f56bfc062723c751e8b465ee728b)
Start importing Assets/latency_log.csv using Guid(c287aee21e7014b44862a86f06873de3) Importer(815301076,1909f56bfc062723c751e8b465ee728b) [PhysX] Initialized MultithreadedTaskDispatcher with 20 workers.
 -> (artifact id: '00000000000000000000000000000000') in 0.002546 seconds
Import Error Code:(4)
Message: Build asset version error: assets/latency_log.csv in SourceAssetDB has modification time of '2026-01-22T02:53:59.5605705Z' while content on disk has modification time of '2026-01-22T02:56:27.6322738Z'
  ERROR: Build asset version error: assets/latency_log.csv in SourceAssetDB has modification time of '2026-01-22T02:53:59.5605705Z' while content on disk has modification time of '2026-01-22T02:56:27.6322738Z'
Number of updated asset objects reloaded before import = 0
Number of asset objects unloaded after import = 0
========================================================================
Received Import Request.
  Time since last request: 0.056853 seconds.
  path: Assets/latency_log.csv
  artifactKey: Guid(c287aee21e7014b44862a86f06873de3) Importer(815301076,1909f56bfc062723c751e8b465ee728b)
Start importing Assets/latency_log.csv using Guid(c287aee21e7014b44862a86f06873de3) Importer(815301076,1909f56bfc062723c751e8b465ee728b) [PhysX] Initialized MultithreadedTaskDispatcher with 20 workers.
 -> (artifact id: '00000000000000000000000000000000') in 0.001929 seconds
Import Error Code:(4)
Message: Build asset version error: assets/latency_log.csv in SourceAssetDB has modification time of '2026-01-22T02:53:59.5605705Z' while content on disk has modification time of '2026-01-22T02:56:27.6322738Z'
  ERROR: Build asset version error: assets/latency_log.csv in SourceAssetDB has modification time of '2026-01-22T02:53:59.5605705Z' while content on disk has modification time of '2026-01-22T02:56:27.6322738Z'
Number of updated asset objects reloaded before import = 0
Number of asset objects unloaded after import = 0
========================================================================
Received Import Request.
  Time since last request: 0.055281 seconds.
  path: Assets/latency_log.csv
  artifactKey: Guid(c287aee21e7014b44862a86f06873de3) Importer(815301076,1909f56bfc062723c751e8b465ee728b)
Start importing Assets/latency_log.csv using Guid(c287aee21e7014b44862a86f06873de3) Importer(815301076,1909f56bfc062723c751e8b465ee728b) [PhysX] Initialized MultithreadedTaskDispatcher with 20 workers.
 -> (artifact id: '00000000000000000000000000000000') in 0.001851 seconds
Import Error Code:(4)
Message: Build asset version error: assets/latency_log.csv in SourceAssetDB has modification time of '2026-01-22T02:53:59.5605705Z' while content on disk has modification time of '2026-01-22T02:56:27.6322738Z'
  ERROR: Build asset version error: assets/latency_log.csv in SourceAssetDB has modification time of '2026-01-22T02:53:59.5605705Z' while content on disk has modification time of '2026-01-22T02:56:27.6322738Z'
Number of updated asset objects reloaded before import = 0
Number of asset objects unloaded after import = 0
========================================================================
Received Import Request.
  Time since last request: 0.056060 seconds.
  path: Assets/latency_log.csv
  artifactKey: Guid(c287aee21e7014b44862a86f06873de3) Importer(815301076,1909f56bfc062723c751e8b465ee728b)
Start importing Assets/latency_log.csv using Guid(c287aee21e7014b44862a86f06873de3) Importer(815301076,1909f56bfc062723c751e8b465ee728b) [PhysX] Initialized MultithreadedTaskDispatcher with 20 workers.
 -> (artifact id: '00000000000000000000000000000000') in 0.001811 seconds
Import Error Code:(4)
Message: Build asset version error: assets/latency_log.csv in SourceAssetDB has modification time of '2026-01-22T02:53:59.5605705Z' while content on disk has modification time of '2026-01-22T02:56:27.6322738Z'
  ERROR: Build asset version error: assets/latency_log.csv in SourceAssetDB has modification time of '2026-01-22T02:53:59.5605705Z' while content on disk has modification time of '2026-01-22T02:56:27.6322738Z'
Number of updated asset objects reloaded before import = 0
Number of asset objects unloaded after import = 0
========================================================================
Received Import Request.
  Time since last request: 0.055445 seconds.
  path: Assets/latency_log.csv
  artifactKey: Guid(c287aee21e7014b44862a86f06873de3) Importer(815301076,1909f56bfc062723c751e8b465ee728b)
Start importing Assets/latency_log.csv using Guid(c287aee21e7014b44862a86f06873de3) Importer(815301076,1909f56bfc062723c751e8b465ee728b) [PhysX] Initialized MultithreadedTaskDispatcher with 20 workers.
 -> (artifact id: '00000000000000000000000000000000') in 0.001909 seconds
Import Error Code:(4)
Message: Build asset version error: assets/latency_log.csv in SourceAssetDB has modification time of '2026-01-22T02:53:59.5605705Z' while content on disk has modification time of '2026-01-22T02:56:27.6322738Z'
  ERROR: Build asset version error: assets/latency_log.csv in SourceAssetDB has modification time of '2026-01-22T02:53:59.5605705Z' while content on disk has modification time of '2026-01-22T02:56:27.6322738Z'
Number of updated asset objects reloaded before import = 0
Number of asset objects unloaded after import = 0
========================================================================
Received Import Request.
  Time since last request: 0.055626 seconds.
  path: Assets/latency_log.csv
  artifactKey: Guid(c287aee21e7014b44862a86f06873de3) Importer(815301076,1909f56bfc062723c751e8b465ee728b)
Start importing Assets/latency_log.csv using Guid(c287aee21e7014b44862a86f06873de3) Importer(815301076,1909f56bfc062723c751e8b465ee728b) [PhysX] Initialized MultithreadedTaskDispatcher with 20 workers.
 -> (artifact id: '00000000000000000000000000000000') in 0.001876 seconds
Import Error Code:(4)
Message: Build asset version error: assets/latency_log.csv in SourceAssetDB has modification time of '2026-01-22T02:53:59.5605705Z' while content on disk has modification time of '2026-01-22T02:56:27.6322738Z'
  ERROR: Build asset version error: assets/latency_log.csv in SourceAssetDB has modification time of '2026-01-22T02:53:59.5605705Z' while content on disk has modification time of '2026-01-22T02:56:27.6322738Z'
Number of updated asset objects reloaded before import = 0
Number of asset objects unloaded after import = 0
========================================================================
Received Import Request.
  Time since last request: 0.055710 seconds.
  path: Assets/latency_log.csv
  artifactKey: Guid(c287aee21e7014b44862a86f06873de3) Importer(815301076,1909f56bfc062723c751e8b465ee728b)
Start importing Assets/latency_log.csv using Guid(c287aee21e7014b44862a86f06873de3) Importer(815301076,1909f56bfc062723c751e8b465ee728b) [PhysX] Initialized MultithreadedTaskDispatcher with 20 workers.
 -> (artifact id: '00000000000000000000000000000000') in 0.001926 seconds
Import Error Code:(4)
Message: Build asset version error: assets/latency_log.csv in SourceAssetDB has modification time of '2026-01-22T02:53:59.5605705Z' while content on disk has modification time of '2026-01-22T02:56:27.6322738Z'
  ERROR: Build asset version error: assets/latency_log.csv in SourceAssetDB has modification time of '2026-01-22T02:53:59.5605705Z' while content on disk has modification time of '2026-01-22T02:56:27.6322738Z'
Number of updated asset objects reloaded before import = 0
Number of asset objects unloaded after import = 0
========================================================================
Received Import Request.
  Time since last request: 0.056325 seconds.
  path: Assets/latency_log.csv
  artifactKey: Guid(c287aee21e7014b44862a86f06873de3) Importer(815301076,1909f56bfc062723c751e8b465ee728b)
Start importing Assets/latency_log.csv using Guid(c287aee21e7014b44862a86f06873de3) Importer(815301076,1909f56bfc062723c751e8b465ee728b) [PhysX] Initialized MultithreadedTaskDispatcher with 20 workers.
 -> (artifact id: '00000000000000000000000000000000') in 0.002738 seconds
Import Error Code:(4)
Message: Build asset version error: assets/latency_log.csv in SourceAssetDB has modification time of '2026-01-22T02:53:59.5605705Z' while content on disk has modification time of '2026-01-22T02:56:27.6322738Z'
  ERROR: Build asset version error: assets/latency_log.csv in SourceAssetDB has modification time of '2026-01-22T02:53:59.5605705Z' while content on disk has modification time of '2026-01-22T02:56:27.6322738Z'
Number of updated asset objects reloaded before import = 0
Number of asset objects unloaded after import = 0
========================================================================
Received Import Request.
  Time since last request: 0.053514 seconds.
  path: Assets/latency_log.csv
  artifactKey: Guid(c287aee21e7014b44862a86f06873de3) Importer(815301076,1909f56bfc062723c751e8b465ee728b)
Start importing Assets/latency_log.csv using Guid(c287aee21e7014b44862a86f06873de3) Importer(815301076,1909f56bfc062723c751e8b465ee728b) [PhysX] Initialized MultithreadedTaskDispatcher with 20 workers.
 -> (artifact id: '00000000000000000000000000000000') in 0.001817 seconds
Import Error Code:(4)
Message: Build asset version error: assets/latency_log.csv in SourceAssetDB has modification time of '2026-01-22T02:53:59.5605705Z' while content on disk has modification time of '2026-01-22T02:56:27.6322738Z'
  ERROR: Build asset version error: assets/latency_log.csv in SourceAssetDB has modification time of '2026-01-22T02:53:59.5605705Z' while content on disk has modification time of '2026-01-22T02:56:27.6322738Z'
Number of updated asset objects reloaded before import = 0
Number of asset objects unloaded after import = 0
========================================================================
Received Import Request.
  Time since last request: 0.056795 seconds.
  path: Assets/latency_log.csv
  artifactKey: Guid(c287aee21e7014b44862a86f06873de3) Importer(815301076,1909f56bfc062723c751e8b465ee728b)
Start importing Assets/latency_log.csv using Guid(c287aee21e7014b44862a86f06873de3) Importer(815301076,1909f56bfc062723c751e8b465ee728b) [PhysX] Initialized MultithreadedTaskDispatcher with 20 workers.
 -> (artifact id: '00000000000000000000000000000000') in 0.002422 seconds
Import Error Code:(4)
Message: Build asset version error: assets/latency_log.csv in SourceAssetDB has modification time of '2026-01-22T02:53:59.5605705Z' while content on disk has modification time of '2026-01-22T02:56:27.6322738Z'
  ERROR: Build asset version error: assets/latency_log.csv in SourceAssetDB has modification time of '2026-01-22T02:53:59.5605705Z' while content on disk has modification time of '2026-01-22T02:56:27.6322738Z'
Number of updated asset objects reloaded before import = 0
Number of asset objects unloaded after import = 0
========================================================================
Received Import Request.
  Time since last request: 0.055101 seconds.
  path: Assets/latency_log.csv
  artifactKey: Guid(c287aee21e7014b44862a86f06873de3) Importer(815301076,1909f56bfc062723c751e8b465ee728b)
Start importing Assets/latency_log.csv using Guid(c287aee21e7014b44862a86f06873de3) Importer(815301076,1909f56bfc062723c751e8b465ee728b) [PhysX] Initialized MultithreadedTaskDispatcher with 20 workers.
 -> (artifact id: '00000000000000000000000000000000') in 0.001819 seconds
Import Error Code:(4)
Message: Build asset version error: assets/latency_log.csv in SourceAssetDB has modification time of '2026-01-22T02:53:59.5605705Z' while content on disk has modification time of '2026-01-22T02:56:27.6322738Z'
  ERROR: Build asset version error: assets/latency_log.csv in SourceAssetDB has modification time of '2026-01-22T02:53:59.5605705Z' while content on disk has modification time of '2026-01-22T02:56:27.6322738Z'
Number of updated asset objects reloaded before import = 0
Number of asset objects unloaded after import = 0
========================================================================
Received Import Request.
  Time since last request: 0.056120 seconds.
  path: Assets/latency_log.csv
  artifactKey: Guid(c287aee21e7014b44862a86f06873de3) Importer(815301076,1909f56bfc062723c751e8b465ee728b)
Start importing Assets/latency_log.csv using Guid(c287aee21e7014b44862a86f06873de3) Importer(815301076,1909f56bfc062723c751e8b465ee728b) [PhysX] Initialized MultithreadedTaskDispatcher with 20 workers.
 -> (artifact id: '00000000000000000000000000000000') in 0.002660 seconds
Import Error Code:(4)
Message: Build asset version error: assets/latency_log.csv in SourceAssetDB has modification time of '2026-01-22T02:53:59.5605705Z' while content on disk has modification time of '2026-01-22T02:56:27.6322738Z'
  ERROR: Build asset version error: assets/latency_log.csv in SourceAssetDB has modification time of '2026-01-22T02:53:59.5605705Z' while content on disk has modification time of '2026-01-22T02:56:27.6322738Z'
Number of updated asset objects reloaded before import = 0
Number of asset objects unloaded after import = 0
========================================================================
Received Import Request.
  Time since last request: 0.054307 seconds.
  path: Assets/latency_log.csv
  artifactKey: Guid(c287aee21e7014b44862a86f06873de3) Importer(815301076,1909f56bfc062723c751e8b465ee728b)
Start importing Assets/latency_log.csv using Guid(c287aee21e7014b44862a86f06873de3) Importer(815301076,1909f56bfc062723c751e8b465ee728b) [PhysX] Initialized MultithreadedTaskDispatcher with 20 workers.
 -> (artifact id: '00000000000000000000000000000000') in 0.001935 seconds
Import Error Code:(4)
Message: Build asset version error: assets/latency_log.csv in SourceAssetDB has modification time of '2026-01-22T02:53:59.5605705Z' while content on disk has modification time of '2026-01-22T02:56:27.6322738Z'
  ERROR: Build asset version error: assets/latency_log.csv in SourceAssetDB has modification time of '2026-01-22T02:53:59.5605705Z' while content on disk has modification time of '2026-01-22T02:56:27.6322738Z'
Number of updated asset objects reloaded before import = 0
Number of asset objects unloaded after import = 0
========================================================================
Received Import Request.
  Time since last request: 0.057799 seconds.
  path: Assets/latency_log.csv
  artifactKey: Guid(c287aee21e7014b44862a86f06873de3) Importer(815301076,1909f56bfc062723c751e8b465ee728b)
Start importing Assets/latency_log.csv using Guid(c287aee21e7014b44862a86f06873de3) Importer(815301076,1909f56bfc062723c751e8b465ee728b) [PhysX] Initialized MultithreadedTaskDispatcher with 20 workers.
 -> (artifact id: '00000000000000000000000000000000') in 0.002081 seconds
Import Error Code:(4)
Message: Build asset version error: assets/latency_log.csv in SourceAssetDB has modification time of '2026-01-22T02:53:59.5605705Z' while content on disk has modification time of '2026-01-22T02:56:27.6322738Z'
  ERROR: Build asset version error: assets/latency_log.csv in SourceAssetDB has modification time of '2026-01-22T02:53:59.5605705Z' while content on disk has modification time of '2026-01-22T02:56:27.6322738Z'
Number of updated asset objects reloaded before import = 0
Number of asset objects unloaded after import = 0
========================================================================
Received Import Request.
  Time since last request: 0.055834 seconds.
  path: Assets/latency_log.csv
  artifactKey: Guid(c287aee21e7014b44862a86f06873de3) Importer(815301076,1909f56bfc062723c751e8b465ee728b)
Start importing Assets/latency_log.csv using Guid(c287aee21e7014b44862a86f06873de3) Importer(815301076,1909f56bfc062723c751e8b465ee728b) [PhysX] Initialized MultithreadedTaskDispatcher with 20 workers.
 -> (artifact id: '00000000000000000000000000000000') in 0.002661 seconds
Import Error Code:(4)
Message: Build asset version error: assets/latency_log.csv in SourceAssetDB has modification time of '2026-01-22T02:53:59.5605705Z' while content on disk has modification time of '2026-01-22T02:56:27.6322738Z'
  ERROR: Build asset version error: assets/latency_log.csv in SourceAssetDB has modification time of '2026-01-22T02:53:59.5605705Z' while content on disk has modification time of '2026-01-22T02:56:27.6322738Z'
Number of updated asset objects reloaded before import = 0
Number of asset objects unloaded after import = 0
========================================================================
Received Import Request.
  Time since last request: 0.054462 seconds.
  path: Assets/latency_log.csv
  artifactKey: Guid(c287aee21e7014b44862a86f06873de3) Importer(815301076,1909f56bfc062723c751e8b465ee728b)
Start importing Assets/latency_log.csv using Guid(c287aee21e7014b44862a86f06873de3) Importer(815301076,1909f56bfc062723c751e8b465ee728b) [PhysX] Initialized MultithreadedTaskDispatcher with 20 workers.
 -> (artifact id: '00000000000000000000000000000000') in 0.002280 seconds
Import Error Code:(4)
Message: Build asset version error: assets/latency_log.csv in SourceAssetDB has modification time of '2026-01-22T02:53:59.5605705Z' while content on disk has modification time of '2026-01-22T02:56:27.6322738Z'
  ERROR: Build asset version error: assets/latency_log.csv in SourceAssetDB has modification time of '2026-01-22T02:53:59.5605705Z' while content on disk has modification time of '2026-01-22T02:56:27.6322738Z'
Number of updated asset objects reloaded before import = 0
Number of asset objects unloaded after import = 0
========================================================================
Received Import Request.
  Time since last request: 0.055135 seconds.
  path: Assets/latency_log.csv
  artifactKey: Guid(c287aee21e7014b44862a86f06873de3) Importer(815301076,1909f56bfc062723c751e8b465ee728b)
Start importing Assets/latency_log.csv using Guid(c287aee21e7014b44862a86f06873de3) Importer(815301076,1909f56bfc062723c751e8b465ee728b) [PhysX] Initialized MultithreadedTaskDispatcher with 20 workers.
 -> (artifact id: '00000000000000000000000000000000') in 0.002020 seconds
Import Error Code:(4)
Message: Build asset version error: assets/latency_log.csv in SourceAssetDB has modification time of '2026-01-22T02:53:59.5605705Z' while content on disk has modification time of '2026-01-22T02:56:27.6322738Z'
  ERROR: Build asset version error: assets/latency_log.csv in SourceAssetDB has modification time of '2026-01-22T02:53:59.5605705Z' while content on disk has modification time of '2026-01-22T02:56:27.6322738Z'
Number of updated asset objects reloaded before import = 0
Number of asset objects unloaded after import = 0
========================================================================
Received Import Request.
  Time since last request: 0.054939 seconds.
  path: Assets/latency_log.csv
  artifactKey: Guid(c287aee21e7014b44862a86f06873de3) Importer(815301076,1909f56bfc062723c751e8b465ee728b)
Start importing Assets/latency_log.csv using Guid(c287aee21e7014b44862a86f06873de3) Importer(815301076,1909f56bfc062723c751e8b465ee728b) [PhysX] Initialized MultithreadedTaskDispatcher with 20 workers.
 -> (artifact id: '00000000000000000000000000000000') in 0.002525 seconds
Import Error Code:(4)
Message: Build asset version error: assets/latency_log.csv in SourceAssetDB has modification time of '2026-01-22T02:53:59.5605705Z' while content on disk has modification time of '2026-01-22T02:56:27.6322738Z'
  ERROR: Build asset version error: assets/latency_log.csv in SourceAssetDB has modification time of '2026-01-22T02:53:59.5605705Z' while content on disk has modification time of '2026-01-22T02:56:27.6322738Z'
Number of updated asset objects reloaded before import = 0
Number of asset objects unloaded after import = 0
========================================================================
Received Import Request.
  Time since last request: 0.054518 seconds.
  path: Assets/latency_log.csv
  artifactKey: Guid(c287aee21e7014b44862a86f06873de3) Importer(815301076,1909f56bfc062723c751e8b465ee728b)
Start importing Assets/latency_log.csv using Guid(c287aee21e7014b44862a86f06873de3) Importer(815301076,1909f56bfc062723c751e8b465ee728b) [PhysX] Initialized MultithreadedTaskDispatcher with 20 workers.
 -> (artifact id: '00000000000000000000000000000000') in 0.001872 seconds
Import Error Code:(4)
Message: Build asset version error: assets/latency_log.csv in SourceAssetDB has modification time of '2026-01-22T02:53:59.5605705Z' while content on disk has modification time of '2026-01-22T02:56:27.6322738Z'
  ERROR: Build asset version error: assets/latency_log.csv in SourceAssetDB has modification time of '2026-01-22T02:53:59.5605705Z' while content on disk has modification time of '2026-01-22T02:56:27.6322738Z'
Number of updated asset objects reloaded before import = 0
Number of asset objects unloaded after import = 0
========================================================================
Received Import Request.
  Time since last request: 13.580556 seconds.
  path: Assets/hand_recording.json
  artifactKey: Guid(1648982fab729f64ba373628dce343c1) Importer(815301076,1909f56bfc062723c751e8b465ee728b)
Start importing Assets/hand_recording.json using Guid(1648982fab729f64ba373628dce343c1) Importer(815301076,1909f56bfc062723c751e8b465ee728b) [PhysX] Initialized MultithreadedTaskDispatcher with 20 workers.
 -> (artifact id: '4d84ef596c298617fb27d0969eb12a55') in 0.001557 seconds
Number of updated asset objects reloaded before import = 0
Number of asset objects unloaded after import = 1
========================================================================
Received Prepare
Caller must complete domain reload
Begin MonoManager ReloadAssembly
Symbol file LoadedFromMemory is not a mono symbol file
- Loaded All Assemblies, in  0.320 seconds
Native extension for WindowsStandalone target not found
Native extension for Android target not found
Mono: successfully reloaded assembly
- Finished resetting the current domain, in  0.744 seconds
Domain Reload Profiling: 1063ms
	BeginReloadAssembly (107ms)
		ExecutionOrderSort (0ms)
		DisableScriptedObjects (3ms)
		BackupInstance (0ms)
		ReleaseScriptingObjects (0ms)
		CreateAndSetChildDomain (23ms)
	RebuildCommonClasses (21ms)
	RebuildNativeTypeToScriptingClass (7ms)
	initialDomainReloadingComplete (22ms)
	LoadAllAssembliesAndSetupDomain (162ms)
		LoadAssemblies (210ms)
		RebuildTransferFunctionScriptingTraits (0ms)
		AnalyzeDomain (10ms)
			TypeCache.Refresh (4ms)
				TypeCache.ScanAssembly (0ms)
			ScanForSourceGeneratedMonoScriptInfo (0ms)
			ResolveRequiredComponents (4ms)
	FinalizeReload (744ms)
		ReleaseScriptCaches (0ms)
		RebuildScriptCaches (0ms)
		SetupLoadedEditorAssemblies (332ms)
			LogAssemblyErrors (0ms)
			InitializePlatformSupportModulesInManaged (15ms)
			SetLoadedEditorAssemblies (4ms)
			RefreshPlugins (0ms)
			BeforeProcessingInitializeOnLoad (51ms)
			ProcessInitializeOnLoadAttributes (229ms)
			ProcessInitializeOnLoadMethodAttributes (26ms)
			AfterProcessingInitializeOnLoad (6ms)
			EditorAssembliesLoaded (0ms)
		ExecutionOrderSort2 (0ms)
		AwakeInstancesAfterBackupRestoration (7ms)
Refreshing native plugins compatible for Editor in 6.12 ms, found 3 plugins.
Preloading 0 native plugins for Editor in 0.00 ms.
Unloading 3295 Unused Serialized files (Serialized files now loaded: 0)
Unloading 15 unused Assets / (29.0 KB). Loaded Objects now: 3779.
Memory consumption went from 123.4 MB to 123.3 MB.
Total: 4.439200 ms (FindLiveObjects: 0.252300 ms CreateObjectMapping: 0.099500 ms MarkObjects: 4.026700 ms  DeleteObjects: 0.059000 ms)

Prepare: number of updated asset objects reloaded= 0
AssetImportParameters requested are different than current active one (requested -> active):
  custom:container-demuxer-ogg: 62fdf1f143b41e24485cea50d1cbac27 -> 
  custom:video-codec-MediaFoundation-h265: 746d11721c4dcdbdad8f713fa42b33f4 -> 
  custom:video-decoder-ogg-theora: a1e56fd34408186e4bbccfd4996cb3dc -> 
  custom:framework-win-MediaFoundation: 216162199b28c13a410421893ffa2e32 -> 
  custom:CustomObjectIndexerAttribute: 9a22284fe3817be447336de3de66b15e -> 
  custom:container-demuxer-webm: 4f35f7cbe854078d1ac9338744f61a02 -> 
  custom:container-muxer-webm: aa71ff27fc2769a1b78a27578f13a17b -> 
  custom:video-decoder-webm-vp8: 9c59270c3fd7afecdb556c50c9e8de78 -> 
  custom:SearchIndexIgnoredProperties: e643bd26f0fe6173181afceb89e7c659 -> 
  custom:AudioImporter_EditorPlatform: d09bf68614088b80899f8185d706f6e7 -> 
  custom:video-encoder-webm-vp8: eb34c28f22e8b96e1ab97ce403110664 -> 
  custom:audio-decoder-ogg-vorbis: bf7c407c2cedff20999df2af8eb42d56 -> 
  custom:audio-encoder-webm-vorbis: bf7c407c2cedff20999df2af8eb42d56 -> 
========================================================================
Received Import Request.
  Time since last request: 73.300626 seconds.
  path: Assets/latency_log.csv
  artifactKey: Guid(c287aee21e7014b44862a86f06873de3) Importer(815301076,1909f56bfc062723c751e8b465ee728b)
Start importing Assets/latency_log.csv using Guid(c287aee21e7014b44862a86f06873de3) Importer(815301076,1909f56bfc062723c751e8b465ee728b) [PhysX] Initialized MultithreadedTaskDispatcher with 20 workers.
 -> (artifact id: '00000000000000000000000000000000') in 0.021317 seconds
Import Error Code:(4)
Message: Build asset version error: assets/latency_log.csv in SourceAssetDB has modification time of '2026-01-22T02:57:13.0160096Z' while content on disk has modification time of '2026-01-22T02:57:44.7552463Z'
  ERROR: Build asset version error: assets/latency_log.csv in SourceAssetDB has modification time of '2026-01-22T02:57:13.0160096Z' while content on disk has modification time of '2026-01-22T02:57:44.7552463Z'
Number of updated asset objects reloaded before import = 0
Number of asset objects unloaded after import = 0
========================================================================
Received Import Request.
  Time since last request: 0.011982 seconds.
  path: Assets/latency_log.csv
  artifactKey: Guid(c287aee21e7014b44862a86f06873de3) Importer(815301076,1909f56bfc062723c751e8b465ee728b)
Start importing Assets/latency_log.csv using Guid(c287aee21e7014b44862a86f06873de3) Importer(815301076,1909f56bfc062723c751e8b465ee728b) [PhysX] Initialized MultithreadedTaskDispatcher with 20 workers.
 -> (artifact id: '00000000000000000000000000000000') in 0.001871 seconds
Import Error Code:(4)
Message: Build asset version error: assets/latency_log.csv in SourceAssetDB has modification time of '2026-01-22T02:57:13.0160096Z' while content on disk has modification time of '2026-01-22T02:57:44.7552463Z'
  ERROR: Build asset version error: assets/latency_log.csv in SourceAssetDB has modification time of '2026-01-22T02:57:13.0160096Z' while content on disk has modification time of '2026-01-22T02:57:44.7552463Z'
Number of updated asset objects reloaded before import = 0
Number of asset objects unloaded after import = 0
========================================================================
Received Import Request.
  Time since last request: 0.033550 seconds.
  path: Assets/latency_log.csv
  artifactKey: Guid(c287aee21e7014b44862a86f06873de3) Importer(815301076,1909f56bfc062723c751e8b465ee728b)
Start importing Assets/latency_log.csv using Guid(c287aee21e7014b44862a86f06873de3) Importer(815301076,1909f56bfc062723c751e8b465ee728b) [PhysX] Initialized MultithreadedTaskDispatcher with 20 workers.
 -> (artifact id: '00000000000000000000000000000000') in 0.001644 seconds
Import Error Code:(4)
Message: Build asset version error: assets/latency_log.csv in SourceAssetDB has modification time of '2026-01-22T02:57:13.0160096Z' while content on disk has modification time of '2026-01-22T02:57:44.7552463Z'
  ERROR: Build asset version error: assets/latency_log.csv in SourceAssetDB has modification time of '2026-01-22T02:57:13.0160096Z' while content on disk has modification time of '2026-01-22T02:57:44.7552463Z'
Number of updated asset objects reloaded before import = 0
Number of asset objects unloaded after import = 0
========================================================================
Received Import Request.
  Time since last request: 0.055814 seconds.
  path: Assets/latency_log.csv
  artifactKey: Guid(c287aee21e7014b44862a86f06873de3) Importer(815301076,1909f56bfc062723c751e8b465ee728b)
Start importing Assets/latency_log.csv using Guid(c287aee21e7014b44862a86f06873de3) Importer(815301076,1909f56bfc062723c751e8b465ee728b) [PhysX] Initialized MultithreadedTaskDispatcher with 20 workers.
 -> (artifact id: '00000000000000000000000000000000') in 0.002125 seconds
Import Error Code:(4)
Message: Build asset version error: assets/latency_log.csv in SourceAssetDB has modification time of '2026-01-22T02:57:13.0160096Z' while content on disk has modification time of '2026-01-22T02:57:44.7552463Z'
  ERROR: Build asset version error: assets/latency_log.csv in SourceAssetDB has modification time of '2026-01-22T02:57:13.0160096Z' while content on disk has modification time of '2026-01-22T02:57:44.7552463Z'
Number of updated asset objects reloaded before import = 0
Number of asset objects unloaded after import = 0
========================================================================
Received Import Request.
  Time since last request: 0.054790 seconds.
  path: Assets/latency_log.csv
  artifactKey: Guid(c287aee21e7014b44862a86f06873de3) Importer(815301076,1909f56bfc062723c751e8b465ee728b)
Start importing Assets/latency_log.csv using Guid(c287aee21e7014b44862a86f06873de3) Importer(815301076,1909f56bfc062723c751e8b465ee728b) [PhysX] Initialized MultithreadedTaskDispatcher with 20 workers.
 -> (artifact id: '00000000000000000000000000000000') in 0.001955 seconds
Import Error Code:(4)
Message: Build asset version error: assets/latency_log.csv in SourceAssetDB has modification time of '2026-01-22T02:57:13.0160096Z' while content on disk has modification time of '2026-01-22T02:57:44.7552463Z'
  ERROR: Build asset version error: assets/latency_log.csv in SourceAssetDB has modification time of '2026-01-22T02:57:13.0160096Z' while content on disk has modification time of '2026-01-22T02:57:44.7552463Z'
Number of updated asset objects reloaded before import = 0
Number of asset objects unloaded after import = 0
========================================================================
Received Import Request.
  Time since last request: 0.055458 seconds.
  path: Assets/latency_log.csv
  artifactKey: Guid(c287aee21e7014b44862a86f06873de3) Importer(815301076,1909f56bfc062723c751e8b465ee728b)
Start importing Assets/latency_log.csv using Guid(c287aee21e7014b44862a86f06873de3) Importer(815301076,1909f56bfc062723c751e8b465ee728b) [PhysX] Initialized MultithreadedTaskDispatcher with 20 workers.
 -> (artifact id: '00000000000000000000000000000000') in 0.002538 seconds
Import Error Code:(4)
Message: Build asset version error: assets/latency_log.csv in SourceAssetDB has modification time of '2026-01-22T02:57:13.0160096Z' while content on disk has modification time of '2026-01-22T02:57:44.7552463Z'
  ERROR: Build asset version error: assets/latency_log.csv in SourceAssetDB has modification time of '2026-01-22T02:57:13.0160096Z' while content on disk has modification time of '2026-01-22T02:57:44.7552463Z'
Number of updated asset objects reloaded before import = 0
Number of asset objects unloaded after import = 0
========================================================================
Received Import Request.
  Time since last request: 0.054226 seconds.
  path: Assets/latency_log.csv
  artifactKey: Guid(c287aee21e7014b44862a86f06873de3) Importer(815301076,1909f56bfc062723c751e8b465ee728b)
Start importing Assets/latency_log.csv using Guid(c287aee21e7014b44862a86f06873de3) Importer(815301076,1909f56bfc062723c751e8b465ee728b) [PhysX] Initialized MultithreadedTaskDispatcher with 20 workers.
 -> (artifact id: '00000000000000000000000000000000') in 0.001596 seconds
Import Error Code:(4)
Message: Build asset version error: assets/latency_log.csv in SourceAssetDB has modification time of '2026-01-22T02:57:13.0160096Z' while content on disk has modification time of '2026-01-22T02:57:44.7552463Z'
  ERROR: Build asset version error: assets/latency_log.csv in SourceAssetDB has modification time of '2026-01-22T02:57:13.0160096Z' while content on disk has modification time of '2026-01-22T02:57:44.7552463Z'
Number of updated asset objects reloaded before import = 0
Number of asset objects unloaded after import = 0
========================================================================
Received Import Request.
  Time since last request: 0.056221 seconds.
  path: Assets/latency_log.csv
  artifactKey: Guid(c287aee21e7014b44862a86f06873de3) Importer(815301076,1909f56bfc062723c751e8b465ee728b)
Start importing Assets/latency_log.csv using Guid(c287aee21e7014b44862a86f06873de3) Importer(815301076,1909f56bfc062723c751e8b465ee728b) [PhysX] Initialized MultithreadedTaskDispatcher with 20 workers.
 -> (artifact id: '00000000000000000000000000000000') in 0.001561 seconds
Import Error Code:(4)
Message: Build asset version error: assets/latency_log.csv in SourceAssetDB has modification time of '2026-01-22T02:57:13.0160096Z' while content on disk has modification time of '2026-01-22T02:57:44.7552463Z'
  ERROR: Build asset version error: assets/latency_log.csv in SourceAssetDB has modification time of '2026-01-22T02:57:13.0160096Z' while content on disk has modification time of '2026-01-22T02:57:44.7552463Z'
Number of updated asset objects reloaded before import = 0
Number of asset objects unloaded after import = 0
========================================================================
Received Import Request.
  Time since last request: 0.056298 seconds.
  path: Assets/latency_log.csv
  artifactKey: Guid(c287aee21e7014b44862a86f06873de3) Importer(815301076,1909f56bfc062723c751e8b465ee728b)
Start importing Assets/latency_log.csv using Guid(c287aee21e7014b44862a86f06873de3) Importer(815301076,1909f56bfc062723c751e8b465ee728b) [PhysX] Initialized MultithreadedTaskDispatcher with 20 workers.
 -> (artifact id: '00000000000000000000000000000000') in 0.002665 seconds
Import Error Code:(4)
Message: Build asset version error: assets/latency_log.csv in SourceAssetDB has modification time of '2026-01-22T02:57:13.0160096Z' while content on disk has modification time of '2026-01-22T02:57:44.7552463Z'
  ERROR: Build asset version error: assets/latency_log.csv in SourceAssetDB has modification time of '2026-01-22T02:57:13.0160096Z' while content on disk has modification time of '2026-01-22T02:57:44.7552463Z'
Number of updated asset objects reloaded before import = 0
Number of asset objects unloaded after import = 0
========================================================================
Received Import Request.
  Time since last request: 0.055286 seconds.
  path: Assets/latency_log.csv
  artifactKey: Guid(c287aee21e7014b44862a86f06873de3) Importer(815301076,1909f56bfc062723c751e8b465ee728b)
Start importing Assets/latency_log.csv using Guid(c287aee21e7014b44862a86f06873de3) Importer(815301076,1909f56bfc062723c751e8b465ee728b) [PhysX] Initialized MultithreadedTaskDispatcher with 20 workers.
 -> (artifact id: '00000000000000000000000000000000') in 0.002759 seconds
Import Error Code:(4)
Message: Build asset version error: assets/latency_log.csv in SourceAssetDB has modification time of '2026-01-22T02:57:13.0160096Z' while content on disk has modification time of '2026-01-22T02:57:44.7552463Z'
  ERROR: Build asset version error: assets/latency_log.csv in SourceAssetDB has modification time of '2026-01-22T02:57:13.0160096Z' while content on disk has modification time of '2026-01-22T02:57:44.7552463Z'
Number of updated asset objects reloaded before import = 0
Number of asset objects unloaded after import = 0
========================================================================
Received Import Request.
  Time since last request: 0.053813 seconds.
  path: Assets/latency_log.csv
  artifactKey: Guid(c287aee21e7014b44862a86f06873de3) Importer(815301076,1909f56bfc062723c751e8b465ee728b)
Start importing Assets/latency_log.csv using Guid(c287aee21e7014b44862a86f06873de3) Importer(815301076,1909f56bfc062723c751e8b465ee728b) [PhysX] Initialized MultithreadedTaskDispatcher with 20 workers.
 -> (artifact id: '00000000000000000000000000000000') in 0.001809 seconds
Import Error Code:(4)
Message: Build asset version error: assets/latency_log.csv in SourceAssetDB has modification time of '2026-01-22T02:57:13.0160096Z' while content on disk has modification time of '2026-01-22T02:57:44.7552463Z'
  ERROR: Build asset version error: assets/latency_log.csv in SourceAssetDB has modification time of '2026-01-22T02:57:13.0160096Z' while content on disk has modification time of '2026-01-22T02:57:44.7552463Z'
Number of updated asset objects reloaded before import = 0
Number of asset objects unloaded after import = 0
========================================================================
Received Import Request.
  Time since last request: 0.056164 seconds.
  path: Assets/latency_log.csv
  artifactKey: Guid(c287aee21e7014b44862a86f06873de3) Importer(815301076,1909f56bfc062723c751e8b465ee728b)
Start importing Assets/latency_log.csv using Guid(c287aee21e7014b44862a86f06873de3) Importer(815301076,1909f56bfc062723c751e8b465ee728b) [PhysX] Initialized MultithreadedTaskDispatcher with 20 workers.
 -> (artifact id: '00000000000000000000000000000000') in 0.001795 seconds
Import Error Code:(4)
Message: Build asset version error: assets/latency_log.csv in SourceAssetDB has modification time of '2026-01-22T02:57:13.0160096Z' while content on disk has modification time of '2026-01-22T02:57:44.7552463Z'
  ERROR: Build asset version error: assets/latency_log.csv in SourceAssetDB has modification time of '2026-01-22T02:57:13.0160096Z' while content on disk has modification time of '2026-01-22T02:57:44.7552463Z'
Number of updated asset objects reloaded before import = 0
Number of asset objects unloaded after import = 0
========================================================================
Received Import Request.
  Time since last request: 0.078349 seconds.
  path: Assets/latency_log.csv
  artifactKey: Guid(c287aee21e7014b44862a86f06873de3) Importer(815301076,1909f56bfc062723c751e8b465ee728b)
Start importing Assets/latency_log.csv using Guid(c287aee21e7014b44862a86f06873de3) Importer(815301076,1909f56bfc062723c751e8b465ee728b) [PhysX] Initialized MultithreadedTaskDispatcher with 20 workers.
 -> (artifact id: '00000000000000000000000000000000') in 0.002074 seconds
Import Error Code:(4)
Message: Build asset version error: assets/latency_log.csv in SourceAssetDB has modification time of '2026-01-22T02:57:13.0160096Z' while content on disk has modification time of '2026-01-22T02:57:44.7552463Z'
  ERROR: Build asset version error: assets/latency_log.csv in SourceAssetDB has modification time of '2026-01-22T02:57:13.0160096Z' while content on disk has modification time of '2026-01-22T02:57:44.7552463Z'
Number of updated asset objects reloaded before import = 0
Number of asset objects unloaded after import = 0
========================================================================
Received Import Request.
  Time since last request: 0.055021 seconds.
  path: Assets/latency_log.csv
  artifactKey: Guid(c287aee21e7014b44862a86f06873de3) Importer(815301076,1909f56bfc062723c751e8b465ee728b)
Start importing Assets/latency_log.csv using Guid(c287aee21e7014b44862a86f06873de3) Importer(815301076,1909f56bfc062723c751e8b465ee728b) [PhysX] Initialized MultithreadedTaskDispatcher with 20 workers.
 -> (artifact id: '00000000000000000000000000000000') in 0.001944 seconds
Import Error Code:(4)
Message: Build asset version error: assets/latency_log.csv in SourceAssetDB has modification time of '2026-01-22T02:57:13.0160096Z' while content on disk has modification time of '2026-01-22T02:57:44.7552463Z'
  ERROR: Build asset version error: assets/latency_log.csv in SourceAssetDB has modification time of '2026-01-22T02:57:13.0160096Z' while content on disk has modification time of '2026-01-22T02:57:44.7552463Z'
Number of updated asset objects reloaded before import = 0
Number of asset objects unloaded after import = 0
========================================================================
Received Import Request.
  Time since last request: 0.055941 seconds.
  path: Assets/latency_log.csv
  artifactKey: Guid(c287aee21e7014b44862a86f06873de3) Importer(815301076,1909f56bfc062723c751e8b465ee728b)
Start importing Assets/latency_log.csv using Guid(c287aee21e7014b44862a86f06873de3) Importer(815301076,1909f56bfc062723c751e8b465ee728b) [PhysX] Initialized MultithreadedTaskDispatcher with 20 workers.
 -> (artifact id: '00000000000000000000000000000000') in 0.002924 seconds
Import Error Code:(4)
Message: Build asset version error: assets/latency_log.csv in SourceAssetDB has modification time of '2026-01-22T02:57:13.0160096Z' while content on disk has modification time of '2026-01-22T02:57:44.7552463Z'
  ERROR: Build asset version error: assets/latency_log.csv in SourceAssetDB has modification time of '2026-01-22T02:57:13.0160096Z' while content on disk has modification time of '2026-01-22T02:57:44.7552463Z'
Number of updated asset objects reloaded before import = 0
Number of asset objects unloaded after import = 0
========================================================================
Received Import Request.
  Time since last request: 0.053817 seconds.
  path: Assets/latency_log.csv
  artifactKey: Guid(c287aee21e7014b44862a86f06873de3) Importer(815301076,1909f56bfc062723c751e8b465ee728b)
Start importing Assets/latency_log.csv using Guid(c287aee21e7014b44862a86f06873de3) Importer(815301076,1909f56bfc062723c751e8b465ee728b) [PhysX] Initialized MultithreadedTaskDispatcher with 20 workers.
 -> (artifact id: '00000000000000000000000000000000') in 0.001946 seconds
Import Error Code:(4)
Message: Build asset version error: assets/latency_log.csv in SourceAssetDB has modification time of '2026-01-22T02:57:13.0160096Z' while content on disk has modification time of '2026-01-22T02:57:44.7552463Z'
  ERROR: Build asset version error: assets/latency_log.csv in SourceAssetDB has modification time of '2026-01-22T02:57:13.0160096Z' while content on disk has modification time of '2026-01-22T02:57:44.7552463Z'
Number of updated asset objects reloaded before import = 0
Number of asset objects unloaded after import = 0
========================================================================
Received Import Request.
  Time since last request: 0.055528 seconds.
  path: Assets/latency_log.csv
  artifactKey: Guid(c287aee21e7014b44862a86f06873de3) Importer(815301076,1909f56bfc062723c751e8b465ee728b)
Start importing Assets/latency_log.csv using Guid(c287aee21e7014b44862a86f06873de3) Importer(815301076,1909f56bfc062723c751e8b465ee728b) [PhysX] Initialized MultithreadedTaskDispatcher with 20 workers.
 -> (artifact id: '00000000000000000000000000000000') in 0.002524 seconds
Import Error Code:(4)
Message: Build asset version error: assets/latency_log.csv in SourceAssetDB has modification time of '2026-01-22T02:57:13.0160096Z' while content on disk has modification time of '2026-01-22T02:57:44.7552463Z'
  ERROR: Build asset version error: assets/latency_log.csv in SourceAssetDB has modification time of '2026-01-22T02:57:13.0160096Z' while content on disk has modification time of '2026-01-22T02:57:44.7552463Z'
Number of updated asset objects reloaded before import = 0
Number of asset objects unloaded after import = 0
========================================================================
Received Import Request.
  Time since last request: 0.056367 seconds.
  path: Assets/latency_log.csv
  artifactKey: Guid(c287aee21e7014b44862a86f06873de3) Importer(815301076,1909f56bfc062723c751e8b465ee728b)
Start importing Assets/latency_log.csv using Guid(c287aee21e7014b44862a86f06873de3) Importer(815301076,1909f56bfc062723c751e8b465ee728b) [PhysX] Initialized MultithreadedTaskDispatcher with 20 workers.
 -> (artifact id: '00000000000000000000000000000000') in 0.002727 seconds
Import Error Code:(4)
Message: Build asset version error: assets/latency_log.csv in SourceAssetDB has modification time of '2026-01-22T02:57:13.0160096Z' while content on disk has modification time of '2026-01-22T02:57:44.7552463Z'
  ERROR: Build asset version error: assets/latency_log.csv in SourceAssetDB has modification time of '2026-01-22T02:57:13.0160096Z' while content on disk has modification time of '2026-01-22T02:57:44.7552463Z'
Number of updated asset objects reloaded before import = 0
Number of asset objects unloaded after import = 0
========================================================================
Received Import Request.
  Time since last request: 0.054483 seconds.
  path: Assets/latency_log.csv
  artifactKey: Guid(c287aee21e7014b44862a86f06873de3) Importer(815301076,1909f56bfc062723c751e8b465ee728b)
Start importing Assets/latency_log.csv using Guid(c287aee21e7014b44862a86f06873de3) Importer(815301076,1909f56bfc062723c751e8b465ee728b) [PhysX] Initialized MultithreadedTaskDispatcher with 20 workers.
 -> (artifact id: '00000000000000000000000000000000') in 0.002449 seconds
Import Error Code:(4)
Message: Build asset version error: assets/latency_log.csv in SourceAssetDB has modification time of '2026-01-22T02:57:13.0160096Z' while content on disk has modification time of '2026-01-22T02:57:44.7552463Z'
  ERROR: Build asset version error: assets/latency_log.csv in SourceAssetDB has modification time of '2026-01-22T02:57:13.0160096Z' while content on disk has modification time of '2026-01-22T02:57:44.7552463Z'
Number of updated asset objects reloaded before import = 0
Number of asset objects unloaded after import = 0
========================================================================
Received Import Request.
  Time since last request: 0.054486 seconds.
  path: Assets/latency_log.csv
  artifactKey: Guid(c287aee21e7014b44862a86f06873de3) Importer(815301076,1909f56bfc062723c751e8b465ee728b)
Start importing Assets/latency_log.csv using Guid(c287aee21e7014b44862a86f06873de3) Importer(815301076,1909f56bfc062723c751e8b465ee728b) [PhysX] Initialized MultithreadedTaskDispatcher with 20 workers.
 -> (artifact id: '00000000000000000000000000000000') in 0.001958 seconds
Import Error Code:(4)
Message: Build asset version error: assets/latency_log.csv in SourceAssetDB has modification time of '2026-01-22T02:57:13.0160096Z' while content on disk has modification time of '2026-01-22T02:57:44.7552463Z'
  ERROR: Build asset version error: assets/latency_log.csv in SourceAssetDB has modification time of '2026-01-22T02:57:13.0160096Z' while content on disk has modification time of '2026-01-22T02:57:44.7552463Z'
Number of updated asset objects reloaded before import = 0
Number of asset objects unloaded after import = 0
========================================================================
Received Import Request.
  Time since last request: 0.055167 seconds.
  path: Assets/latency_log.csv
  artifactKey: Guid(c287aee21e7014b44862a86f06873de3) Importer(815301076,1909f56bfc062723c751e8b465ee728b)
Start importing Assets/latency_log.csv using Guid(c287aee21e7014b44862a86f06873de3) Importer(815301076,1909f56bfc062723c751e8b465ee728b) [PhysX] Initialized MultithreadedTaskDispatcher with 20 workers.
 -> (artifact id: '00000000000000000000000000000000') in 0.001967 seconds
Import Error Code:(4)
Message: Build asset version error: assets/latency_log.csv in SourceAssetDB has modification time of '2026-01-22T02:57:13.0160096Z' while content on disk has modification time of '2026-01-22T02:57:44.7552463Z'
  ERROR: Build asset version error: assets/latency_log.csv in SourceAssetDB has modification time of '2026-01-22T02:57:13.0160096Z' while content on disk has modification time of '2026-01-22T02:57:44.7552463Z'
Number of updated asset objects reloaded before import = 0
Number of asset objects unloaded after import = 0
========================================================================
Received Import Request.
  Time since last request: 0.056022 seconds.
  path: Assets/latency_log.csv
  artifactKey: Guid(c287aee21e7014b44862a86f06873de3) Importer(815301076,1909f56bfc062723c751e8b465ee728b)
Start importing Assets/latency_log.csv using Guid(c287aee21e7014b44862a86f06873de3) Importer(815301076,1909f56bfc062723c751e8b465ee728b) [PhysX] Initialized MultithreadedTaskDispatcher with 20 workers.
 -> (artifact id: '00000000000000000000000000000000') in 0.002331 seconds
Import Error Code:(4)
Message: Build asset version error: assets/latency_log.csv in SourceAssetDB has modification time of '2026-01-22T02:57:13.0160096Z' while content on disk has modification time of '2026-01-22T02:57:44.7552463Z'
  ERROR: Build asset version error: assets/latency_log.csv in SourceAssetDB has modification time of '2026-01-22T02:57:13.0160096Z' while content on disk has modification time of '2026-01-22T02:57:44.7552463Z'
Number of updated asset objects reloaded before import = 0
Number of asset objects unloaded after import = 0
========================================================================
Received Import Request.
  Time since last request: 0.054668 seconds.
  path: Assets/latency_log.csv
  artifactKey: Guid(c287aee21e7014b44862a86f06873de3) Importer(815301076,1909f56bfc062723c751e8b465ee728b)
Start importing Assets/latency_log.csv using Guid(c287aee21e7014b44862a86f06873de3) Importer(815301076,1909f56bfc062723c751e8b465ee728b) [PhysX] Initialized MultithreadedTaskDispatcher with 20 workers.
 -> (artifact id: '00000000000000000000000000000000') in 0.003674 seconds
Import Error Code:(4)
Message: Build asset version error: assets/latency_log.csv in SourceAssetDB has modification time of '2026-01-22T02:57:13.0160096Z' while content on disk has modification time of '2026-01-22T02:57:44.7552463Z'
  ERROR: Build asset version error: assets/latency_log.csv in SourceAssetDB has modification time of '2026-01-22T02:57:13.0160096Z' while content on disk has modification time of '2026-01-22T02:57:44.7552463Z'
Number of updated asset objects reloaded before import = 0
Number of asset objects unloaded after import = 0
========================================================================
Received Import Request.
  Time since last request: 0.053482 seconds.
  path: Assets/latency_log.csv
  artifactKey: Guid(c287aee21e7014b44862a86f06873de3) Importer(815301076,1909f56bfc062723c751e8b465ee728b)
Start importing Assets/latency_log.csv using Guid(c287aee21e7014b44862a86f06873de3) Importer(815301076,1909f56bfc062723c751e8b465ee728b) [PhysX] Initialized MultithreadedTaskDispatcher with 20 workers.
 -> (artifact id: '00000000000000000000000000000000') in 0.002221 seconds
Import Error Code:(4)
Message: Build asset version error: assets/latency_log.csv in SourceAssetDB has modification time of '2026-01-22T02:57:13.0160096Z' while content on disk has modification time of '2026-01-22T02:57:44.7552463Z'
  ERROR: Build asset version error: assets/latency_log.csv in SourceAssetDB has modification time of '2026-01-22T02:57:13.0160096Z' while content on disk has modification time of '2026-01-22T02:57:44.7552463Z'
Number of updated asset objects reloaded before import = 0
Number of asset objects unloaded after import = 0
========================================================================
Received Import Request.
  Time since last request: 0.055354 seconds.
  path: Assets/latency_log.csv
  artifactKey: Guid(c287aee21e7014b44862a86f06873de3) Importer(815301076,1909f56bfc062723c751e8b465ee728b)
Start importing Assets/latency_log.csv using Guid(c287aee21e7014b44862a86f06873de3) Importer(815301076,1909f56bfc062723c751e8b465ee728b) [PhysX] Initialized MultithreadedTaskDispatcher with 20 workers.
 -> (artifact id: '00000000000000000000000000000000') in 0.001946 seconds
Import Error Code:(4)
Message: Build asset version error: assets/latency_log.csv in SourceAssetDB has modification time of '2026-01-22T02:57:13.0160096Z' while content on disk has modification time of '2026-01-22T02:57:44.7552463Z'
  ERROR: Build asset version error: assets/latency_log.csv in SourceAssetDB has modification time of '2026-01-22T02:57:13.0160096Z' while content on disk has modification time of '2026-01-22T02:57:44.7552463Z'
Number of updated asset objects reloaded before import = 0
Number of asset objects unloaded after import = 0
========================================================================
Received Import Request.
  Time since last request: 0.002050 seconds.
  path: Assets/latency_log.csv
  artifactKey: Guid(c287aee21e7014b44862a86f06873de3) Importer(815301076,1909f56bfc062723c751e8b465ee728b)
Start importing Assets/latency_log.csv using Guid(c287aee21e7014b44862a86f06873de3) Importer(815301076,1909f56bfc062723c751e8b465ee728b) [PhysX] Initialized MultithreadedTaskDispatcher with 20 workers.
 -> (artifact id: '00000000000000000000000000000000') in 0.001674 seconds
Import Error Code:(4)
Message: Build asset version error: assets/latency_log.csv in SourceAssetDB has modification time of '2026-01-22T02:57:13.0160096Z' while content on disk has modification time of '2026-01-22T02:57:44.7552463Z'
  ERROR: Build asset version error: assets/latency_log.csv in SourceAssetDB has modification time of '2026-01-22T02:57:13.0160096Z' while content on disk has modification time of '2026-01-22T02:57:44.7552463Z'
Number of updated asset objects reloaded before import = 0
Number of asset objects unloaded after import = 0
========================================================================
Received Import Request.
  Time since last request: 0.055048 seconds.
  path: Assets/latency_log.csv
  artifactKey: Guid(c287aee21e7014b44862a86f06873de3) Importer(815301076,1909f56bfc062723c751e8b465ee728b)
Start importing Assets/latency_log.csv using Guid(c287aee21e7014b44862a86f06873de3) Importer(815301076,1909f56bfc062723c751e8b465ee728b) [PhysX] Initialized MultithreadedTaskDispatcher with 20 workers.
 -> (artifact id: '00000000000000000000000000000000') in 0.002148 seconds
Import Error Code:(4)
Message: Build asset version error: assets/latency_log.csv in SourceAssetDB has modification time of '2026-01-22T02:57:13.0160096Z' while content on disk has modification time of '2026-01-22T02:57:44.7552463Z'
  ERROR: Build asset version error: assets/latency_log.csv in SourceAssetDB has modification time of '2026-01-22T02:57:13.0160096Z' while content on disk has modification time of '2026-01-22T02:57:44.7552463Z'
Number of updated asset objects reloaded before import = 0
Number of asset objects unloaded after import = 0
========================================================================
Received Import Request.
  Time since last request: 0.054904 seconds.
  path: Assets/latency_log.csv
  artifactKey: Guid(c287aee21e7014b44862a86f06873de3) Importer(815301076,1909f56bfc062723c751e8b465ee728b)
Start importing Assets/latency_log.csv using Guid(c287aee21e7014b44862a86f06873de3) Importer(815301076,1909f56bfc062723c751e8b465ee728b) [PhysX] Initialized MultithreadedTaskDispatcher with 20 workers.
 -> (artifact id: '00000000000000000000000000000000') in 0.002315 seconds
Import Error Code:(4)
Message: Build asset version error: assets/latency_log.csv in SourceAssetDB has modification time of '2026-01-22T02:57:13.0160096Z' while content on disk has modification time of '2026-01-22T02:57:44.7552463Z'
  ERROR: Build asset version error: assets/latency_log.csv in SourceAssetDB has modification time of '2026-01-22T02:57:13.0160096Z' while content on disk has modification time of '2026-01-22T02:57:44.7552463Z'
Number of updated asset objects reloaded before import = 0
Number of asset objects unloaded after import = 0
========================================================================
Received Import Request.
  Time since last request: 0.054280 seconds.
  path: Assets/latency_log.csv
  artifactKey: Guid(c287aee21e7014b44862a86f06873de3) Importer(815301076,1909f56bfc062723c751e8b465ee728b)
Start importing Assets/latency_log.csv using Guid(c287aee21e7014b44862a86f06873de3) Importer(815301076,1909f56bfc062723c751e8b465ee728b) [PhysX] Initialized MultithreadedTaskDispatcher with 20 workers.
 -> (artifact id: '00000000000000000000000000000000') in 0.002364 seconds
Import Error Code:(4)
Message: Build asset version error: assets/latency_log.csv in SourceAssetDB has modification time of '2026-01-22T02:57:13.0160096Z' while content on disk has modification time of '2026-01-22T02:57:44.7552463Z'
  ERROR: Build asset version error: assets/latency_log.csv in SourceAssetDB has modification time of '2026-01-22T02:57:13.0160096Z' while content on disk has modification time of '2026-01-22T02:57:44.7552463Z'
Number of updated asset objects reloaded before import = 0
Number of asset objects unloaded after import = 0
========================================================================
Received Import Request.
  Time since last request: 1.311270 seconds.
  path: Assets/latency_log.csv
  artifactKey: Guid(c287aee21e7014b44862a86f06873de3) Importer(815301076,1909f56bfc062723c751e8b465ee728b)
Start importing Assets/latency_log.csv using Guid(c287aee21e7014b44862a86f06873de3) Importer(815301076,1909f56bfc062723c751e8b465ee728b) [PhysX] Initialized MultithreadedTaskDispatcher with 20 workers.
 -> (artifact id: '00000000000000000000000000000000') in 0.001872 seconds
Import Error Code:(4)
Message: Build asset version error: assets/latency_log.csv in SourceAssetDB has modification time of '2026-01-22T02:57:13.0160096Z' while content on disk has modification time of '2026-01-22T02:57:44.7552463Z'
  ERROR: Build asset version error: assets/latency_log.csv in SourceAssetDB has modification time of '2026-01-22T02:57:13.0160096Z' while content on disk has modification time of '2026-01-22T02:57:44.7552463Z'
Number of updated asset objects reloaded before import = 0
Number of asset objects unloaded after import = 0
========================================================================
Received Import Request.
  Time since last request: 0.005036 seconds.
  path: Assets/latency_log.csv
  artifactKey: Guid(c287aee21e7014b44862a86f06873de3) Importer(815301076,1909f56bfc062723c751e8b465ee728b)
Start importing Assets/latency_log.csv using Guid(c287aee21e7014b44862a86f06873de3) Importer(815301076,1909f56bfc062723c751e8b465ee728b) [PhysX] Initialized MultithreadedTaskDispatcher with 20 workers.
 -> (artifact id: '00000000000000000000000000000000') in 0.001637 seconds
Import Error Code:(4)
Message: Build asset version error: assets/latency_log.csv in SourceAssetDB has modification time of '2026-01-22T02:57:13.0160096Z' while content on disk has modification time of '2026-01-22T02:57:44.7552463Z'
  ERROR: Build asset version error: assets/latency_log.csv in SourceAssetDB has modification time of '2026-01-22T02:57:13.0160096Z' while content on disk has modification time of '2026-01-22T02:57:44.7552463Z'
Number of updated asset objects reloaded before import = 0
Number of asset objects unloaded after import = 0
========================================================================
Received Import Request.
  Time since last request: 0.016941 seconds.
  path: Assets/latency_log.csv
  artifactKey: Guid(c287aee21e7014b44862a86f06873de3) Importer(815301076,1909f56bfc062723c751e8b465ee728b)
Start importing Assets/latency_log.csv using Guid(c287aee21e7014b44862a86f06873de3) Importer(815301076,1909f56bfc062723c751e8b465ee728b) [PhysX] Initialized MultithreadedTaskDispatcher with 20 workers.
 -> (artifact id: '00000000000000000000000000000000') in 0.003071 seconds
Import Error Code:(4)
Message: Build asset version error: assets/latency_log.csv in SourceAssetDB has modification time of '2026-01-22T02:57:13.0160096Z' while content on disk has modification time of '2026-01-22T02:57:44.7552463Z'
  ERROR: Build asset version error: assets/latency_log.csv in SourceAssetDB has modification time of '2026-01-22T02:57:13.0160096Z' while content on disk has modification time of '2026-01-22T02:57:44.7552463Z'
Number of updated asset objects reloaded before import = 0
Number of asset objects unloaded after import = 0
========================================================================
Received Import Request.
  Time since last request: 0.031120 seconds.
  path: Assets/latency_log.csv
  artifactKey: Guid(c287aee21e7014b44862a86f06873de3) Importer(815301076,1909f56bfc062723c751e8b465ee728b)
Start importing Assets/latency_log.csv using Guid(c287aee21e7014b44862a86f06873de3) Importer(815301076,1909f56bfc062723c751e8b465ee728b) [PhysX] Initialized MultithreadedTaskDispatcher with 20 workers.
 -> (artifact id: '00000000000000000000000000000000') in 0.001915 seconds
Import Error Code:(4)
Message: Build asset version error: assets/latency_log.csv in SourceAssetDB has modification time of '2026-01-22T02:57:13.0160096Z' while content on disk has modification time of '2026-01-22T02:57:44.7552463Z'
  ERROR: Build asset version error: assets/latency_log.csv in SourceAssetDB has modification time of '2026-01-22T02:57:13.0160096Z' while content on disk has modification time of '2026-01-22T02:57:44.7552463Z'
Number of updated asset objects reloaded before import = 0
Number of asset objects unloaded after import = 0
========================================================================
Received Import Request.
  Time since last request: 0.055334 seconds.
  path: Assets/latency_log.csv
  artifactKey: Guid(c287aee21e7014b44862a86f06873de3) Importer(815301076,1909f56bfc062723c751e8b465ee728b)
Start importing Assets/latency_log.csv using Guid(c287aee21e7014b44862a86f06873de3) Importer(815301076,1909f56bfc062723c751e8b465ee728b) [PhysX] Initialized MultithreadedTaskDispatcher with 20 workers.
 -> (artifact id: '00000000000000000000000000000000') in 0.002435 seconds
Import Error Code:(4)
Message: Build asset version error: assets/latency_log.csv in SourceAssetDB has modification time of '2026-01-22T02:57:13.0160096Z' while content on disk has modification time of '2026-01-22T02:57:44.7552463Z'
  ERROR: Build asset version error: assets/latency_log.csv in SourceAssetDB has modification time of '2026-01-22T02:57:13.0160096Z' while content on disk has modification time of '2026-01-22T02:57:44.7552463Z'
Number of updated asset objects reloaded before import = 0
Number of asset objects unloaded after import = 0
========================================================================
Received Import Request.
  Time since last request: 0.054191 seconds.
  path: Assets/latency_log.csv
  artifactKey: Guid(c287aee21e7014b44862a86f06873de3) Importer(815301076,1909f56bfc062723c751e8b465ee728b)
Start importing Assets/latency_log.csv using Guid(c287aee21e7014b44862a86f06873de3) Importer(815301076,1909f56bfc062723c751e8b465ee728b) [PhysX] Initialized MultithreadedTaskDispatcher with 20 workers.
 -> (artifact id: '00000000000000000000000000000000') in 0.001889 seconds
Import Error Code:(4)
Message: Build asset version error: assets/latency_log.csv in SourceAssetDB has modification time of '2026-01-22T02:57:13.0160096Z' while content on disk has modification time of '2026-01-22T02:57:44.7552463Z'
  ERROR: Build asset version error: assets/latency_log.csv in SourceAssetDB has modification time of '2026-01-22T02:57:13.0160096Z' while content on disk has modification time of '2026-01-22T02:57:44.7552463Z'
Number of updated asset objects reloaded before import = 0
Number of asset objects unloaded after import = 0
========================================================================
Received Import Request.
  Time since last request: 0.055581 seconds.
  path: Assets/latency_log.csv
  artifactKey: Guid(c287aee21e7014b44862a86f06873de3) Importer(815301076,1909f56bfc062723c751e8b465ee728b)
Start importing Assets/latency_log.csv using Guid(c287aee21e7014b44862a86f06873de3) Importer(815301076,1909f56bfc062723c751e8b465ee728b) [PhysX] Initialized MultithreadedTaskDispatcher with 20 workers.
 -> (artifact id: '00000000000000000000000000000000') in 0.001945 seconds
Import Error Code:(4)
Message: Build asset version error: assets/latency_log.csv in SourceAssetDB has modification time of '2026-01-22T02:57:13.0160096Z' while content on disk has modification time of '2026-01-22T02:57:44.7552463Z'
  ERROR: Build asset version error: assets/latency_log.csv in SourceAssetDB has modification time of '2026-01-22T02:57:13.0160096Z' while content on disk has modification time of '2026-01-22T02:57:44.7552463Z'
Number of updated asset objects reloaded before import = 0
Number of asset objects unloaded after import = 0
========================================================================
Received Import Request.
  Time since last request: 0.055573 seconds.
  path: Assets/latency_log.csv
  artifactKey: Guid(c287aee21e7014b44862a86f06873de3) Importer(815301076,1909f56bfc062723c751e8b465ee728b)
Start importing Assets/latency_log.csv using Guid(c287aee21e7014b44862a86f06873de3) Importer(815301076,1909f56bfc062723c751e8b465ee728b) [PhysX] Initialized MultithreadedTaskDispatcher with 20 workers.
 -> (artifact id: '00000000000000000000000000000000') in 0.002666 seconds
Import Error Code:(4)
Message: Build asset version error: assets/latency_log.csv in SourceAssetDB has modification time of '2026-01-22T02:57:13.0160096Z' while content on disk has modification time of '2026-01-22T02:57:44.7552463Z'
  ERROR: Build asset version error: assets/latency_log.csv in SourceAssetDB has modification time of '2026-01-22T02:57:13.0160096Z' while content on disk has modification time of '2026-01-22T02:57:44.7552463Z'
Number of updated asset objects reloaded before import = 0
Number of asset objects unloaded after import = 0
========================================================================
Received Import Request.
  Time since last request: 0.054803 seconds.
  path: Assets/latency_log.csv
  artifactKey: Guid(c287aee21e7014b44862a86f06873de3) Importer(815301076,1909f56bfc062723c751e8b465ee728b)
Start importing Assets/latency_log.csv using Guid(c287aee21e7014b44862a86f06873de3) Importer(815301076,1909f56bfc062723c751e8b465ee728b) [PhysX] Initialized MultithreadedTaskDispatcher with 20 workers.
 -> (artifact id: '00000000000000000000000000000000') in 0.002250 seconds
Import Error Code:(4)
Message: Build asset version error: assets/latency_log.csv in SourceAssetDB has modification time of '2026-01-22T02:57:13.0160096Z' while content on disk has modification time of '2026-01-22T02:57:44.7552463Z'
  ERROR: Build asset version error: assets/latency_log.csv in SourceAssetDB has modification time of '2026-01-22T02:57:13.0160096Z' while content on disk has modification time of '2026-01-22T02:57:44.7552463Z'
Number of updated asset objects reloaded before import = 0
Number of asset objects unloaded after import = 0
========================================================================
Received Import Request.
  Time since last request: 0.054752 seconds.
  path: Assets/latency_log.csv
  artifactKey: Guid(c287aee21e7014b44862a86f06873de3) Importer(815301076,1909f56bfc062723c751e8b465ee728b)
Start importing Assets/latency_log.csv using Guid(c287aee21e7014b44862a86f06873de3) Importer(815301076,1909f56bfc062723c751e8b465ee728b) [PhysX] Initialized MultithreadedTaskDispatcher with 20 workers.
 -> (artifact id: '00000000000000000000000000000000') in 0.002048 seconds
Import Error Code:(4)
Message: Build asset version error: assets/latency_log.csv in SourceAssetDB has modification time of '2026-01-22T02:57:13.0160096Z' while content on disk has modification time of '2026-01-22T02:57:44.7552463Z'
  ERROR: Build asset version error: assets/latency_log.csv in SourceAssetDB has modification time of '2026-01-22T02:57:13.0160096Z' while content on disk has modification time of '2026-01-22T02:57:44.7552463Z'
Number of updated asset objects reloaded before import = 0
Number of asset objects unloaded after import = 0
========================================================================
Received Import Request.
  Time since last request: 0.055636 seconds.
  path: Assets/latency_log.csv
  artifactKey: Guid(c287aee21e7014b44862a86f06873de3) Importer(815301076,1909f56bfc062723c751e8b465ee728b)
Start importing Assets/latency_log.csv using Guid(c287aee21e7014b44862a86f06873de3) Importer(815301076,1909f56bfc062723c751e8b465ee728b) [PhysX] Initialized MultithreadedTaskDispatcher with 20 workers.
 -> (artifact id: '00000000000000000000000000000000') in 0.001837 seconds
Import Error Code:(4)
Message: Build asset version error: assets/latency_log.csv in SourceAssetDB has modification time of '2026-01-22T02:57:13.0160096Z' while content on disk has modification time of '2026-01-22T02:57:44.7552463Z'
  ERROR: Build asset version error: assets/latency_log.csv in SourceAssetDB has modification time of '2026-01-22T02:57:13.0160096Z' while content on disk has modification time of '2026-01-22T02:57:44.7552463Z'
Number of updated asset objects reloaded before import = 0
Number of asset objects unloaded after import = 0
========================================================================
Received Import Request.
  Time since last request: 0.055491 seconds.
  path: Assets/latency_log.csv
  artifactKey: Guid(c287aee21e7014b44862a86f06873de3) Importer(815301076,1909f56bfc062723c751e8b465ee728b)
Start importing Assets/latency_log.csv using Guid(c287aee21e7014b44862a86f06873de3) Importer(815301076,1909f56bfc062723c751e8b465ee728b) [PhysX] Initialized MultithreadedTaskDispatcher with 20 workers.
 -> (artifact id: '00000000000000000000000000000000') in 0.002853 seconds
Import Error Code:(4)
Message: Build asset version error: assets/latency_log.csv in SourceAssetDB has modification time of '2026-01-22T02:57:13.0160096Z' while content on disk has modification time of '2026-01-22T02:57:44.7552463Z'
  ERROR: Build asset version error: assets/latency_log.csv in SourceAssetDB has modification time of '2026-01-22T02:57:13.0160096Z' while content on disk has modification time of '2026-01-22T02:57:44.7552463Z'
Number of updated asset objects reloaded before import = 0
Number of asset objects unloaded after import = 0
========================================================================
Received Import Request.
  Time since last request: 0.053972 seconds.
  path: Assets/latency_log.csv
  artifactKey: Guid(c287aee21e7014b44862a86f06873de3) Importer(815301076,1909f56bfc062723c751e8b465ee728b)
Start importing Assets/latency_log.csv using Guid(c287aee21e7014b44862a86f06873de3) Importer(815301076,1909f56bfc062723c751e8b465ee728b) [PhysX] Initialized MultithreadedTaskDispatcher with 20 workers.
 -> (artifact id: '00000000000000000000000000000000') in 0.001858 seconds
Import Error Code:(4)
Message: Build asset version error: assets/latency_log.csv in SourceAssetDB has modification time of '2026-01-22T02:57:13.0160096Z' while content on disk has modification time of '2026-01-22T02:57:44.7552463Z'
  ERROR: Build asset version error: assets/latency_log.csv in SourceAssetDB has modification time of '2026-01-22T02:57:13.0160096Z' while content on disk has modification time of '2026-01-22T02:57:44.7552463Z'
Number of updated asset objects reloaded before import = 0
Number of asset objects unloaded after import = 0
========================================================================
Received Import Request.
  Time since last request: 0.056033 seconds.
  path: Assets/latency_log.csv
  artifactKey: Guid(c287aee21e7014b44862a86f06873de3) Importer(815301076,1909f56bfc062723c751e8b465ee728b)
Start importing Assets/latency_log.csv using Guid(c287aee21e7014b44862a86f06873de3) Importer(815301076,1909f56bfc062723c751e8b465ee728b) [PhysX] Initialized MultithreadedTaskDispatcher with 20 workers.
 -> (artifact id: '00000000000000000000000000000000') in 0.001845 seconds
Import Error Code:(4)
Message: Build asset version error: assets/latency_log.csv in SourceAssetDB has modification time of '2026-01-22T02:57:13.0160096Z' while content on disk has modification time of '2026-01-22T02:57:44.7552463Z'
  ERROR: Build asset version error: assets/latency_log.csv in SourceAssetDB has modification time of '2026-01-22T02:57:13.0160096Z' while content on disk has modification time of '2026-01-22T02:57:44.7552463Z'
Number of updated asset objects reloaded before import = 0
Number of asset objects unloaded after import = 0
========================================================================
Received Import Request.
  Time since last request: 0.055530 seconds.
  path: Assets/latency_log.csv
  artifactKey: Guid(c287aee21e7014b44862a86f06873de3) Importer(815301076,1909f56bfc062723c751e8b465ee728b)
Start importing Assets/latency_log.csv using Guid(c287aee21e7014b44862a86f06873de3) Importer(815301076,1909f56bfc062723c751e8b465ee728b) [PhysX] Initialized MultithreadedTaskDispatcher with 20 workers.
 -> (artifact id: '00000000000000000000000000000000') in 0.002198 seconds
Import Error Code:(4)
Message: Build asset version error: assets/latency_log.csv in SourceAssetDB has modification time of '2026-01-22T02:57:13.0160096Z' while content on disk has modification time of '2026-01-22T02:57:44.7552463Z'
  ERROR: Build asset version error: assets/latency_log.csv in SourceAssetDB has modification time of '2026-01-22T02:57:13.0160096Z' while content on disk has modification time of '2026-01-22T02:57:44.7552463Z'
Number of updated asset objects reloaded before import = 0
Number of asset objects unloaded after import = 0
========================================================================
Received Import Request.
  Time since last request: 0.056100 seconds.
  path: Assets/latency_log.csv
  artifactKey: Guid(c287aee21e7014b44862a86f06873de3) Importer(815301076,1909f56bfc062723c751e8b465ee728b)
Start importing Assets/latency_log.csv using Guid(c287aee21e7014b44862a86f06873de3) Importer(815301076,1909f56bfc062723c751e8b465ee728b) [PhysX] Initialized MultithreadedTaskDispatcher with 20 workers.
 -> (artifact id: '00000000000000000000000000000000') in 0.003059 seconds
Import Error Code:(4)
Message: Build asset version error: assets/latency_log.csv in SourceAssetDB has modification time of '2026-01-22T02:57:13.0160096Z' while content on disk has modification time of '2026-01-22T02:57:44.7552463Z'
  ERROR: Build asset version error: assets/latency_log.csv in SourceAssetDB has modification time of '2026-01-22T02:57:13.0160096Z' while content on disk has modification time of '2026-01-22T02:57:44.7552463Z'
Number of updated asset objects reloaded before import = 0
Number of asset objects unloaded after import = 0
========================================================================
Received Import Request.
  Time since last request: 0.053821 seconds.
  path: Assets/latency_log.csv
  artifactKey: Guid(c287aee21e7014b44862a86f06873de3) Importer(815301076,1909f56bfc062723c751e8b465ee728b)
Start importing Assets/latency_log.csv using Guid(c287aee21e7014b44862a86f06873de3) Importer(815301076,1909f56bfc062723c751e8b465ee728b) [PhysX] Initialized MultithreadedTaskDispatcher with 20 workers.
 -> (artifact id: '00000000000000000000000000000000') in 0.001846 seconds
Import Error Code:(4)
Message: Build asset version error: assets/latency_log.csv in SourceAssetDB has modification time of '2026-01-22T02:57:13.0160096Z' while content on disk has modification time of '2026-01-22T02:57:44.7552463Z'
  ERROR: Build asset version error: assets/latency_log.csv in SourceAssetDB has modification time of '2026-01-22T02:57:13.0160096Z' while content on disk has modification time of '2026-01-22T02:57:44.7552463Z'
Number of updated asset objects reloaded before import = 0
Number of asset objects unloaded after import = 0
========================================================================
Received Import Request.
  Time since last request: 0.061321 seconds.
  path: Assets/latency_log.csv
  artifactKey: Guid(c287aee21e7014b44862a86f06873de3) Importer(815301076,1909f56bfc062723c751e8b465ee728b)
Start importing Assets/latency_log.csv using Guid(c287aee21e7014b44862a86f06873de3) Importer(815301076,1909f56bfc062723c751e8b465ee728b) [PhysX] Initialized MultithreadedTaskDispatcher with 20 workers.
 -> (artifact id: '00000000000000000000000000000000') in 0.002002 seconds
Import Error Code:(4)
Message: Build asset version error: assets/latency_log.csv in SourceAssetDB has modification time of '2026-01-22T02:57:13.0160096Z' while content on disk has modification time of '2026-01-22T02:57:44.7552463Z'
  ERROR: Build asset version error: assets/latency_log.csv in SourceAssetDB has modification time of '2026-01-22T02:57:13.0160096Z' while content on disk has modification time of '2026-01-22T02:57:44.7552463Z'
Number of updated asset objects reloaded before import = 0
Number of asset objects unloaded after import = 0
========================================================================
Received Import Request.
  Time since last request: 0.055450 seconds.
  path: Assets/latency_log.csv
  artifactKey: Guid(c287aee21e7014b44862a86f06873de3) Importer(815301076,1909f56bfc062723c751e8b465ee728b)
Start importing Assets/latency_log.csv using Guid(c287aee21e7014b44862a86f06873de3) Importer(815301076,1909f56bfc062723c751e8b465ee728b) [PhysX] Initialized MultithreadedTaskDispatcher with 20 workers.
 -> (artifact id: '00000000000000000000000000000000') in 0.002467 seconds
Import Error Code:(4)
Message: Build asset version error: assets/latency_log.csv in SourceAssetDB has modification time of '2026-01-22T02:57:13.0160096Z' while content on disk has modification time of '2026-01-22T02:57:44.7552463Z'
  ERROR: Build asset version error: assets/latency_log.csv in SourceAssetDB has modification time of '2026-01-22T02:57:13.0160096Z' while content on disk has modification time of '2026-01-22T02:57:44.7552463Z'
Number of updated asset objects reloaded before import = 0
Number of asset objects unloaded after import = 0
========================================================================
Received Import Request.
  Time since last request: 0.055104 seconds.
  path: Assets/latency_log.csv
  artifactKey: Guid(c287aee21e7014b44862a86f06873de3) Importer(815301076,1909f56bfc062723c751e8b465ee728b)
Start importing Assets/latency_log.csv using Guid(c287aee21e7014b44862a86f06873de3) Importer(815301076,1909f56bfc062723c751e8b465ee728b) [PhysX] Initialized MultithreadedTaskDispatcher with 20 workers.
 -> (artifact id: '00000000000000000000000000000000') in 0.002084 seconds
Import Error Code:(4)
Message: Build asset version error: assets/latency_log.csv in SourceAssetDB has modification time of '2026-01-22T02:57:13.0160096Z' while content on disk has modification time of '2026-01-22T02:57:44.7552463Z'
  ERROR: Build asset version error: assets/latency_log.csv in SourceAssetDB has modification time of '2026-01-22T02:57:13.0160096Z' while content on disk has modification time of '2026-01-22T02:57:44.7552463Z'
Number of updated asset objects reloaded before import = 0
Number of asset objects unloaded after import = 0
========================================================================
Received Import Request.
  Time since last request: 0.056872 seconds.
  path: Assets/latency_log.csv
  artifactKey: Guid(c287aee21e7014b44862a86f06873de3) Importer(815301076,1909f56bfc062723c751e8b465ee728b)
Start importing Assets/latency_log.csv using Guid(c287aee21e7014b44862a86f06873de3) Importer(815301076,1909f56bfc062723c751e8b465ee728b) [PhysX] Initialized MultithreadedTaskDispatcher with 20 workers.
 -> (artifact id: '00000000000000000000000000000000') in 0.002626 seconds
Import Error Code:(4)
Message: Build asset version error: assets/latency_log.csv in SourceAssetDB has modification time of '2026-01-22T02:57:13.0160096Z' while content on disk has modification time of '2026-01-22T02:57:44.7552463Z'
  ERROR: Build asset version error: assets/latency_log.csv in SourceAssetDB has modification time of '2026-01-22T02:57:13.0160096Z' while content on disk has modification time of '2026-01-22T02:57:44.7552463Z'
Number of updated asset objects reloaded before import = 0
Number of asset objects unloaded after import = 0
========================================================================
Received Import Request.
  Time since last request: 0.052666 seconds.
  path: Assets/latency_log.csv
  artifactKey: Guid(c287aee21e7014b44862a86f06873de3) Importer(815301076,1909f56bfc062723c751e8b465ee728b)
Start importing Assets/latency_log.csv using Guid(c287aee21e7014b44862a86f06873de3) Importer(815301076,1909f56bfc062723c751e8b465ee728b) [PhysX] Initialized MultithreadedTaskDispatcher with 20 workers.
 -> (artifact id: '00000000000000000000000000000000') in 0.001805 seconds
Import Error Code:(4)
Message: Build asset version error: assets/latency_log.csv in SourceAssetDB has modification time of '2026-01-22T02:57:13.0160096Z' while content on disk has modification time of '2026-01-22T02:57:44.7552463Z'
  ERROR: Build asset version error: assets/latency_log.csv in SourceAssetDB has modification time of '2026-01-22T02:57:13.0160096Z' while content on disk has modification time of '2026-01-22T02:57:44.7552463Z'
Number of updated asset objects reloaded before import = 0
Number of asset objects unloaded after import = 0
========================================================================
Received Import Request.
  Time since last request: 0.056056 seconds.
  path: Assets/latency_log.csv
  artifactKey: Guid(c287aee21e7014b44862a86f06873de3) Importer(815301076,1909f56bfc062723c751e8b465ee728b)
Start importing Assets/latency_log.csv using Guid(c287aee21e7014b44862a86f06873de3) Importer(815301076,1909f56bfc062723c751e8b465ee728b) [PhysX] Initialized MultithreadedTaskDispatcher with 20 workers.
 -> (artifact id: '00000000000000000000000000000000') in 0.002268 seconds
Import Error Code:(4)
Message: Build asset version error: assets/latency_log.csv in SourceAssetDB has modification time of '2026-01-22T02:57:13.0160096Z' while content on disk has modification time of '2026-01-22T02:57:44.7552463Z'
  ERROR: Build asset version error: assets/latency_log.csv in SourceAssetDB has modification time of '2026-01-22T02:57:13.0160096Z' while content on disk has modification time of '2026-01-22T02:57:44.7552463Z'
Number of updated asset objects reloaded before import = 0
Number of asset objects unloaded after import = 0
========================================================================
Received Import Request.
  Time since last request: 0.055140 seconds.
  path: Assets/latency_log.csv
  artifactKey: Guid(c287aee21e7014b44862a86f06873de3) Importer(815301076,1909f56bfc062723c751e8b465ee728b)
Start importing Assets/latency_log.csv using Guid(c287aee21e7014b44862a86f06873de3) Importer(815301076,1909f56bfc062723c751e8b465ee728b) [PhysX] Initialized MultithreadedTaskDispatcher with 20 workers.
 -> (artifact id: '00000000000000000000000000000000') in 0.002269 seconds
Import Error Code:(4)
Message: Build asset version error: assets/latency_log.csv in SourceAssetDB has modification time of '2026-01-22T02:57:13.0160096Z' while content on disk has modification time of '2026-01-22T02:57:44.7552463Z'
  ERROR: Build asset version error: assets/latency_log.csv in SourceAssetDB has modification time of '2026-01-22T02:57:13.0160096Z' while content on disk has modification time of '2026-01-22T02:57:44.7552463Z'
Number of updated asset objects reloaded before import = 0
Number of asset objects unloaded after import = 0
========================================================================
Received Import Request.
  Time since last request: 0.054554 seconds.
  path: Assets/latency_log.csv
  artifactKey: Guid(c287aee21e7014b44862a86f06873de3) Importer(815301076,1909f56bfc062723c751e8b465ee728b)
Start importing Assets/latency_log.csv using Guid(c287aee21e7014b44862a86f06873de3) Importer(815301076,1909f56bfc062723c751e8b465ee728b) [PhysX] Initialized MultithreadedTaskDispatcher with 20 workers.
 -> (artifact id: '00000000000000000000000000000000') in 0.003269 seconds
Import Error Code:(4)
Message: Build asset version error: assets/latency_log.csv in SourceAssetDB has modification time of '2026-01-22T02:57:13.0160096Z' while content on disk has modification time of '2026-01-22T02:57:44.7552463Z'
  ERROR: Build asset version error: assets/latency_log.csv in SourceAssetDB has modification time of '2026-01-22T02:57:13.0160096Z' while content on disk has modification time of '2026-01-22T02:57:44.7552463Z'
Number of updated asset objects reloaded before import = 0
Number of asset objects unloaded after import = 0
========================================================================
Received Import Request.
  Time since last request: 0.053587 seconds.
  path: Assets/latency_log.csv
  artifactKey: Guid(c287aee21e7014b44862a86f06873de3) Importer(815301076,1909f56bfc062723c751e8b465ee728b)
Start importing Assets/latency_log.csv using Guid(c287aee21e7014b44862a86f06873de3) Importer(815301076,1909f56bfc062723c751e8b465ee728b) [PhysX] Initialized MultithreadedTaskDispatcher with 20 workers.
 -> (artifact id: '00000000000000000000000000000000') in 0.001902 seconds
Import Error Code:(4)
Message: Build asset version error: assets/latency_log.csv in SourceAssetDB has modification time of '2026-01-22T02:57:13.0160096Z' while content on disk has modification time of '2026-01-22T02:57:44.7552463Z'
  ERROR: Build asset version error: assets/latency_log.csv in SourceAssetDB has modification time of '2026-01-22T02:57:13.0160096Z' while content on disk has modification time of '2026-01-22T02:57:44.7552463Z'
Number of updated asset objects reloaded before import = 0
Number of asset objects unloaded after import = 0
========================================================================
Received Import Request.
  Time since last request: 0.055810 seconds.
  path: Assets/latency_log.csv
  artifactKey: Guid(c287aee21e7014b44862a86f06873de3) Importer(815301076,1909f56bfc062723c751e8b465ee728b)
Start importing Assets/latency_log.csv using Guid(c287aee21e7014b44862a86f06873de3) Importer(815301076,1909f56bfc062723c751e8b465ee728b) [PhysX] Initialized MultithreadedTaskDispatcher with 20 workers.
 -> (artifact id: '00000000000000000000000000000000') in 0.002351 seconds
Import Error Code:(4)
Message: Build asset version error: assets/latency_log.csv in SourceAssetDB has modification time of '2026-01-22T02:57:13.0160096Z' while content on disk has modification time of '2026-01-22T02:57:44.7552463Z'
  ERROR: Build asset version error: assets/latency_log.csv in SourceAssetDB has modification time of '2026-01-22T02:57:13.0160096Z' while content on disk has modification time of '2026-01-22T02:57:44.7552463Z'
Number of updated asset objects reloaded before import = 0
Number of asset objects unloaded after import = 0
========================================================================
Received Import Request.
  Time since last request: 0.055730 seconds.
  path: Assets/latency_log.csv
  artifactKey: Guid(c287aee21e7014b44862a86f06873de3) Importer(815301076,1909f56bfc062723c751e8b465ee728b)
Start importing Assets/latency_log.csv using Guid(c287aee21e7014b44862a86f06873de3) Importer(815301076,1909f56bfc062723c751e8b465ee728b) [PhysX] Initialized MultithreadedTaskDispatcher with 20 workers.
 -> (artifact id: '00000000000000000000000000000000') in 0.001880 seconds
Import Error Code:(4)
Message: Build asset version error: assets/latency_log.csv in SourceAssetDB has modification time of '2026-01-22T02:57:13.0160096Z' while content on disk has modification time of '2026-01-22T02:57:44.7552463Z'
  ERROR: Build asset version error: assets/latency_log.csv in SourceAssetDB has modification time of '2026-01-22T02:57:13.0160096Z' while content on disk has modification time of '2026-01-22T02:57:44.7552463Z'
Number of updated asset objects reloaded before import = 0
Number of asset objects unloaded after import = 0
========================================================================
Received Import Request.
  Time since last request: 0.060470 seconds.
  path: Assets/latency_log.csv
  artifactKey: Guid(c287aee21e7014b44862a86f06873de3) Importer(815301076,1909f56bfc062723c751e8b465ee728b)
Start importing Assets/latency_log.csv using Guid(c287aee21e7014b44862a86f06873de3) Importer(815301076,1909f56bfc062723c751e8b465ee728b) [PhysX] Initialized MultithreadedTaskDispatcher with 20 workers.
 -> (artifact id: '00000000000000000000000000000000') in 0.001839 seconds
Import Error Code:(4)
Message: Build asset version error: assets/latency_log.csv in SourceAssetDB has modification time of '2026-01-22T02:57:13.0160096Z' while content on disk has modification time of '2026-01-22T02:57:44.7552463Z'
  ERROR: Build asset version error: assets/latency_log.csv in SourceAssetDB has modification time of '2026-01-22T02:57:13.0160096Z' while content on disk has modification time of '2026-01-22T02:57:44.7552463Z'
Number of updated asset objects reloaded before import = 0
Number of asset objects unloaded after import = 0
========================================================================
Received Import Request.
  Time since last request: 0.001061 seconds.
  path: Assets/latency_log.csv
  artifactKey: Guid(c287aee21e7014b44862a86f06873de3) Importer(815301076,1909f56bfc062723c751e8b465ee728b)
Start importing Assets/latency_log.csv using Guid(c287aee21e7014b44862a86f06873de3) Importer(815301076,1909f56bfc062723c751e8b465ee728b) [PhysX] Initialized MultithreadedTaskDispatcher with 20 workers.
 -> (artifact id: '00000000000000000000000000000000') in 0.001614 seconds
Import Error Code:(4)
Message: Build asset version error: assets/latency_log.csv in SourceAssetDB has modification time of '2026-01-22T02:57:13.0160096Z' while content on disk has modification time of '2026-01-22T02:57:44.7552463Z'
  ERROR: Build asset version error: assets/latency_log.csv in SourceAssetDB has modification time of '2026-01-22T02:57:13.0160096Z' while content on disk has modification time of '2026-01-22T02:57:44.7552463Z'
Number of updated asset objects reloaded before import = 0
Number of asset objects unloaded after import = 0
========================================================================
Received Import Request.
  Time since last request: 0.057183 seconds.
  path: Assets/latency_log.csv
  artifactKey: Guid(c287aee21e7014b44862a86f06873de3) Importer(815301076,1909f56bfc062723c751e8b465ee728b)
Start importing Assets/latency_log.csv using Guid(c287aee21e7014b44862a86f06873de3) Importer(815301076,1909f56bfc062723c751e8b465ee728b) [PhysX] Initialized MultithreadedTaskDispatcher with 20 workers.
 -> (artifact id: '00000000000000000000000000000000') in 0.002632 seconds
Import Error Code:(4)
Message: Build asset version error: assets/latency_log.csv in SourceAssetDB has modification time of '2026-01-22T02:57:13.0160096Z' while content on disk has modification time of '2026-01-22T02:57:44.7552463Z'
  ERROR: Build asset version error: assets/latency_log.csv in SourceAssetDB has modification time of '2026-01-22T02:57:13.0160096Z' while content on disk has modification time of '2026-01-22T02:57:44.7552463Z'
Number of updated asset objects reloaded before import = 0
Number of asset objects unloaded after import = 0
========================================================================
Received Import Request.
  Time since last request: 0.054866 seconds.
  path: Assets/latency_log.csv
  artifactKey: Guid(c287aee21e7014b44862a86f06873de3) Importer(815301076,1909f56bfc062723c751e8b465ee728b)
Start importing Assets/latency_log.csv using Guid(c287aee21e7014b44862a86f06873de3) Importer(815301076,1909f56bfc062723c751e8b465ee728b) [PhysX] Initialized MultithreadedTaskDispatcher with 20 workers.
 -> (artifact id: '00000000000000000000000000000000') in 0.002926 seconds
Import Error Code:(4)
Message: Build asset version error: assets/latency_log.csv in SourceAssetDB has modification time of '2026-01-22T02:57:13.0160096Z' while content on disk has modification time of '2026-01-22T02:57:44.7552463Z'
  ERROR: Build asset version error: assets/latency_log.csv in SourceAssetDB has modification time of '2026-01-22T02:57:13.0160096Z' while content on disk has modification time of '2026-01-22T02:57:44.7552463Z'
Number of updated asset objects reloaded before import = 0
Number of asset objects unloaded after import = 0
========================================================================
Received Import Request.
  Time since last request: 0.054540 seconds.
  path: Assets/latency_log.csv
  artifactKey: Guid(c287aee21e7014b44862a86f06873de3) Importer(815301076,1909f56bfc062723c751e8b465ee728b)
Start importing Assets/latency_log.csv using Guid(c287aee21e7014b44862a86f06873de3) Importer(815301076,1909f56bfc062723c751e8b465ee728b) [PhysX] Initialized MultithreadedTaskDispatcher with 20 workers.
 -> (artifact id: '00000000000000000000000000000000') in 0.002689 seconds
Import Error Code:(4)
Message: Build asset version error: assets/latency_log.csv in SourceAssetDB has modification time of '2026-01-22T02:57:13.0160096Z' while content on disk has modification time of '2026-01-22T02:57:44.7552463Z'
  ERROR: Build asset version error: assets/latency_log.csv in SourceAssetDB has modification time of '2026-01-22T02:57:13.0160096Z' while content on disk has modification time of '2026-01-22T02:57:44.7552463Z'
Number of updated asset objects reloaded before import = 0
Number of asset objects unloaded after import = 0
========================================================================
Received Import Request.
  Time since last request: 0.055432 seconds.
  path: Assets/latency_log.csv
  artifactKey: Guid(c287aee21e7014b44862a86f06873de3) Importer(815301076,1909f56bfc062723c751e8b465ee728b)
Start importing Assets/latency_log.csv using Guid(c287aee21e7014b44862a86f06873de3) Importer(815301076,1909f56bfc062723c751e8b465ee728b) [PhysX] Initialized MultithreadedTaskDispatcher with 20 workers.
 -> (artifact id: '00000000000000000000000000000000') in 0.002259 seconds
Import Error Code:(4)
Message: Build asset version error: assets/latency_log.csv in SourceAssetDB has modification time of '2026-01-22T02:57:13.0160096Z' while content on disk has modification time of '2026-01-22T02:57:44.7552463Z'
  ERROR: Build asset version error: assets/latency_log.csv in SourceAssetDB has modification time of '2026-01-22T02:57:13.0160096Z' while content on disk has modification time of '2026-01-22T02:57:44.7552463Z'
Number of updated asset objects reloaded before import = 0
Number of asset objects unloaded after import = 0
========================================================================
Received Import Request.
  Time since last request: 0.055802 seconds.
  path: Assets/latency_log.csv
  artifactKey: Guid(c287aee21e7014b44862a86f06873de3) Importer(815301076,1909f56bfc062723c751e8b465ee728b)
Start importing Assets/latency_log.csv using Guid(c287aee21e7014b44862a86f06873de3) Importer(815301076,1909f56bfc062723c751e8b465ee728b) [PhysX] Initialized MultithreadedTaskDispatcher with 20 workers.
 -> (artifact id: '00000000000000000000000000000000') in 0.002465 seconds
Import Error Code:(4)
Message: Build asset version error: assets/latency_log.csv in SourceAssetDB has modification time of '2026-01-22T02:57:13.0160096Z' while content on disk has modification time of '2026-01-22T02:57:44.7552463Z'
  ERROR: Build asset version error: assets/latency_log.csv in SourceAssetDB has modification time of '2026-01-22T02:57:13.0160096Z' while content on disk has modification time of '2026-01-22T02:57:44.7552463Z'
Number of updated asset objects reloaded before import = 0
Number of asset objects unloaded after import = 0
========================================================================
Received Import Request.
  Time since last request: 0.054838 seconds.
  path: Assets/latency_log.csv
  artifactKey: Guid(c287aee21e7014b44862a86f06873de3) Importer(815301076,1909f56bfc062723c751e8b465ee728b)
Start importing Assets/latency_log.csv using Guid(c287aee21e7014b44862a86f06873de3) Importer(815301076,1909f56bfc062723c751e8b465ee728b) [PhysX] Initialized MultithreadedTaskDispatcher with 20 workers.
 -> (artifact id: '00000000000000000000000000000000') in 0.002067 seconds
Import Error Code:(4)
Message: Build asset version error: assets/latency_log.csv in SourceAssetDB has modification time of '2026-01-22T02:57:13.0160096Z' while content on disk has modification time of '2026-01-22T02:57:44.7552463Z'
  ERROR: Build asset version error: assets/latency_log.csv in SourceAssetDB has modification time of '2026-01-22T02:57:13.0160096Z' while content on disk has modification time of '2026-01-22T02:57:44.7552463Z'
Number of updated asset objects reloaded before import = 0
Number of asset objects unloaded after import = 0
========================================================================
Received Import Request.
  Time since last request: 0.055346 seconds.
  path: Assets/latency_log.csv
  artifactKey: Guid(c287aee21e7014b44862a86f06873de3) Importer(815301076,1909f56bfc062723c751e8b465ee728b)
Start importing Assets/latency_log.csv using Guid(c287aee21e7014b44862a86f06873de3) Importer(815301076,1909f56bfc062723c751e8b465ee728b) [PhysX] Initialized MultithreadedTaskDispatcher with 20 workers.
 -> (artifact id: '00000000000000000000000000000000') in 0.002291 seconds
Import Error Code:(4)
Message: Build asset version error: assets/latency_log.csv in SourceAssetDB has modification time of '2026-01-22T02:57:13.0160096Z' while content on disk has modification time of '2026-01-22T02:57:44.7552463Z'
  ERROR: Build asset version error: assets/latency_log.csv in SourceAssetDB has modification time of '2026-01-22T02:57:13.0160096Z' while content on disk has modification time of '2026-01-22T02:57:44.7552463Z'
Number of updated asset objects reloaded before import = 0
Number of asset objects unloaded after import = 0
========================================================================
Received Import Request.
  Time since last request: 0.054959 seconds.
  path: Assets/latency_log.csv
  artifactKey: Guid(c287aee21e7014b44862a86f06873de3) Importer(815301076,1909f56bfc062723c751e8b465ee728b)
Start importing Assets/latency_log.csv using Guid(c287aee21e7014b44862a86f06873de3) Importer(815301076,1909f56bfc062723c751e8b465ee728b) [PhysX] Initialized MultithreadedTaskDispatcher with 20 workers.
 -> (artifact id: '00000000000000000000000000000000') in 0.002332 seconds
Import Error Code:(4)
Message: Build asset version error: assets/latency_log.csv in SourceAssetDB has modification time of '2026-01-22T02:57:13.0160096Z' while content on disk has modification time of '2026-01-22T02:57:44.7552463Z'
  ERROR: Build asset version error: assets/latency_log.csv in SourceAssetDB has modification time of '2026-01-22T02:57:13.0160096Z' while content on disk has modification time of '2026-01-22T02:57:44.7552463Z'
Number of updated asset objects reloaded before import = 0
Number of asset objects unloaded after import = 0
========================================================================
Received Import Request.
  Time since last request: 0.055870 seconds.
  path: Assets/latency_log.csv
  artifactKey: Guid(c287aee21e7014b44862a86f06873de3) Importer(815301076,1909f56bfc062723c751e8b465ee728b)
Start importing Assets/latency_log.csv using Guid(c287aee21e7014b44862a86f06873de3) Importer(815301076,1909f56bfc062723c751e8b465ee728b) [PhysX] Initialized MultithreadedTaskDispatcher with 20 workers.
 -> (artifact id: '00000000000000000000000000000000') in 0.002491 seconds
Import Error Code:(4)
Message: Build asset version error: assets/latency_log.csv in SourceAssetDB has modification time of '2026-01-22T02:57:13.0160096Z' while content on disk has modification time of '2026-01-22T02:57:44.7552463Z'
  ERROR: Build asset version error: assets/latency_log.csv in SourceAssetDB has modification time of '2026-01-22T02:57:13.0160096Z' while content on disk has modification time of '2026-01-22T02:57:44.7552463Z'
Number of updated asset objects reloaded before import = 0
Number of asset objects unloaded after import = 0
========================================================================
Received Import Request.
  Time since last request: 0.054216 seconds.
  path: Assets/latency_log.csv
  artifactKey: Guid(c287aee21e7014b44862a86f06873de3) Importer(815301076,1909f56bfc062723c751e8b465ee728b)
Start importing Assets/latency_log.csv using Guid(c287aee21e7014b44862a86f06873de3) Importer(815301076,1909f56bfc062723c751e8b465ee728b) [PhysX] Initialized MultithreadedTaskDispatcher with 20 workers.
 -> (artifact id: '00000000000000000000000000000000') in 0.002234 seconds
Import Error Code:(4)
Message: Build asset version error: assets/latency_log.csv in SourceAssetDB has modification time of '2026-01-22T02:57:13.0160096Z' while content on disk has modification time of '2026-01-22T02:57:44.7552463Z'
  ERROR: Build asset version error: assets/latency_log.csv in SourceAssetDB has modification time of '2026-01-22T02:57:13.0160096Z' while content on disk has modification time of '2026-01-22T02:57:44.7552463Z'
Number of updated asset objects reloaded before import = 0
Number of asset objects unloaded after import = 0
========================================================================
Received Import Request.
  Time since last request: 0.055673 seconds.
  path: Assets/latency_log.csv
  artifactKey: Guid(c287aee21e7014b44862a86f06873de3) Importer(815301076,1909f56bfc062723c751e8b465ee728b)
Start importing Assets/latency_log.csv using Guid(c287aee21e7014b44862a86f06873de3) Importer(815301076,1909f56bfc062723c751e8b465ee728b) [PhysX] Initialized MultithreadedTaskDispatcher with 20 workers.
 -> (artifact id: '00000000000000000000000000000000') in 0.002166 seconds
Import Error Code:(4)
Message: Build asset version error: assets/latency_log.csv in SourceAssetDB has modification time of '2026-01-22T02:57:13.0160096Z' while content on disk has modification time of '2026-01-22T02:57:44.7552463Z'
  ERROR: Build asset version error: assets/latency_log.csv in SourceAssetDB has modification time of '2026-01-22T02:57:13.0160096Z' while content on disk has modification time of '2026-01-22T02:57:44.7552463Z'
Number of updated asset objects reloaded before import = 0
Number of asset objects unloaded after import = 0
========================================================================
Received Import Request.
  Time since last request: 0.054935 seconds.
  path: Assets/latency_log.csv
  artifactKey: Guid(c287aee21e7014b44862a86f06873de3) Importer(815301076,1909f56bfc062723c751e8b465ee728b)
Start importing Assets/latency_log.csv using Guid(c287aee21e7014b44862a86f06873de3) Importer(815301076,1909f56bfc062723c751e8b465ee728b) [PhysX] Initialized MultithreadedTaskDispatcher with 20 workers.
 -> (artifact id: '00000000000000000000000000000000') in 0.002168 seconds
Import Error Code:(4)
Message: Build asset version error: assets/latency_log.csv in SourceAssetDB has modification time of '2026-01-22T02:57:13.0160096Z' while content on disk has modification time of '2026-01-22T02:57:44.7552463Z'
  ERROR: Build asset version error: assets/latency_log.csv in SourceAssetDB has modification time of '2026-01-22T02:57:13.0160096Z' while content on disk has modification time of '2026-01-22T02:57:44.7552463Z'
Number of updated asset objects reloaded before import = 0
Number of asset objects unloaded after import = 0
========================================================================
Received Import Request.
  Time since last request: 0.055301 seconds.
  path: Assets/latency_log.csv
  artifactKey: Guid(c287aee21e7014b44862a86f06873de3) Importer(815301076,1909f56bfc062723c751e8b465ee728b)
Start importing Assets/latency_log.csv using Guid(c287aee21e7014b44862a86f06873de3) Importer(815301076,1909f56bfc062723c751e8b465ee728b) [PhysX] Initialized MultithreadedTaskDispatcher with 20 workers.
 -> (artifact id: '00000000000000000000000000000000') in 0.002445 seconds
Import Error Code:(4)
Message: Build asset version error: assets/latency_log.csv in SourceAssetDB has modification time of '2026-01-22T02:57:13.0160096Z' while content on disk has modification time of '2026-01-22T02:57:44.7552463Z'
  ERROR: Build asset version error: assets/latency_log.csv in SourceAssetDB has modification time of '2026-01-22T02:57:13.0160096Z' while content on disk has modification time of '2026-01-22T02:57:44.7552463Z'
Number of updated asset objects reloaded before import = 0
Number of asset objects unloaded after import = 0
========================================================================
Received Import Request.
  Time since last request: 0.055657 seconds.
  path: Assets/latency_log.csv
  artifactKey: Guid(c287aee21e7014b44862a86f06873de3) Importer(815301076,1909f56bfc062723c751e8b465ee728b)
Start importing Assets/latency_log.csv using Guid(c287aee21e7014b44862a86f06873de3) Importer(815301076,1909f56bfc062723c751e8b465ee728b) [PhysX] Initialized MultithreadedTaskDispatcher with 20 workers.
 -> (artifact id: '00000000000000000000000000000000') in 0.002693 seconds
Import Error Code:(4)
Message: Build asset version error: assets/latency_log.csv in SourceAssetDB has modification time of '2026-01-22T02:57:13.0160096Z' while content on disk has modification time of '2026-01-22T02:57:44.7552463Z'
  ERROR: Build asset version error: assets/latency_log.csv in SourceAssetDB has modification time of '2026-01-22T02:57:13.0160096Z' while content on disk has modification time of '2026-01-22T02:57:44.7552463Z'
Number of updated asset objects reloaded before import = 0
Number of asset objects unloaded after import = 0
========================================================================
Received Import Request.
  Time since last request: 0.214484 seconds.
  path: Assets/latency_log.csv
  artifactKey: Guid(c287aee21e7014b44862a86f06873de3) Importer(815301076,1909f56bfc062723c751e8b465ee728b)
Start importing Assets/latency_log.csv using Guid(c287aee21e7014b44862a86f06873de3) Importer(815301076,1909f56bfc062723c751e8b465ee728b) [PhysX] Initialized MultithreadedTaskDispatcher with 20 workers.
 -> (artifact id: '00000000000000000000000000000000') in 0.002816 seconds
Import Error Code:(4)
Message: Build asset version error: assets/latency_log.csv in SourceAssetDB has modification time of '2026-01-22T02:57:13.0160096Z' while content on disk has modification time of '2026-01-22T02:57:44.7552463Z'
  ERROR: Build asset version error: assets/latency_log.csv in SourceAssetDB has modification time of '2026-01-22T02:57:13.0160096Z' while content on disk has modification time of '2026-01-22T02:57:44.7552463Z'
Number of updated asset objects reloaded before import = 0
Number of asset objects unloaded after import = 0
========================================================================
Received Import Request.
  Time since last request: 0.060373 seconds.
  path: Assets/latency_log.csv
  artifactKey: Guid(c287aee21e7014b44862a86f06873de3) Importer(815301076,1909f56bfc062723c751e8b465ee728b)
Start importing Assets/latency_log.csv using Guid(c287aee21e7014b44862a86f06873de3) Importer(815301076,1909f56bfc062723c751e8b465ee728b) [PhysX] Initialized MultithreadedTaskDispatcher with 20 workers.
 -> (artifact id: '00000000000000000000000000000000') in 0.001632 seconds
Import Error Code:(4)
Message: Build asset version error: assets/latency_log.csv in SourceAssetDB has modification time of '2026-01-22T02:57:13.0160096Z' while content on disk has modification time of '2026-01-22T02:57:44.7552463Z'
  ERROR: Build asset version error: assets/latency_log.csv in SourceAssetDB has modification time of '2026-01-22T02:57:13.0160096Z' while content on disk has modification time of '2026-01-22T02:57:44.7552463Z'
Number of updated asset objects reloaded before import = 0
Number of asset objects unloaded after import = 0
========================================================================
Received Import Request.
  Time since last request: 0.055798 seconds.
  path: Assets/latency_log.csv
  artifactKey: Guid(c287aee21e7014b44862a86f06873de3) Importer(815301076,1909f56bfc062723c751e8b465ee728b)
Start importing Assets/latency_log.csv using Guid(c287aee21e7014b44862a86f06873de3) Importer(815301076,1909f56bfc062723c751e8b465ee728b) [PhysX] Initialized MultithreadedTaskDispatcher with 20 workers.
 -> (artifact id: '00000000000000000000000000000000') in 0.001878 seconds
Import Error Code:(4)
Message: Build asset version error: assets/latency_log.csv in SourceAssetDB has modification time of '2026-01-22T02:57:13.0160096Z' while content on disk has modification time of '2026-01-22T02:57:44.7552463Z'
  ERROR: Build asset version error: assets/latency_log.csv in SourceAssetDB has modification time of '2026-01-22T02:57:13.0160096Z' while content on disk has modification time of '2026-01-22T02:57:44.7552463Z'
Number of updated asset objects reloaded before import = 0
Number of asset objects unloaded after import = 0
========================================================================
Received Import Request.
  Time since last request: 0.059282 seconds.
  path: Assets/latency_log.csv
  artifactKey: Guid(c287aee21e7014b44862a86f06873de3) Importer(815301076,1909f56bfc062723c751e8b465ee728b)
Start importing Assets/latency_log.csv using Guid(c287aee21e7014b44862a86f06873de3) Importer(815301076,1909f56bfc062723c751e8b465ee728b) [PhysX] Initialized MultithreadedTaskDispatcher with 20 workers.
 -> (artifact id: '00000000000000000000000000000000') in 0.001641 seconds
Import Error Code:(4)
Message: Build asset version error: assets/latency_log.csv in SourceAssetDB has modification time of '2026-01-22T02:57:13.0160096Z' while content on disk has modification time of '2026-01-22T02:57:44.7552463Z'
  ERROR: Build asset version error: assets/latency_log.csv in SourceAssetDB has modification time of '2026-01-22T02:57:13.0160096Z' while content on disk has modification time of '2026-01-22T02:57:44.7552463Z'
Number of updated asset objects reloaded before import = 0
Number of asset objects unloaded after import = 0
========================================================================
Received Import Request.
  Time since last request: 0.001052 seconds.
  path: Assets/latency_log.csv
  artifactKey: Guid(c287aee21e7014b44862a86f06873de3) Importer(815301076,1909f56bfc062723c751e8b465ee728b)
Start importing Assets/latency_log.csv using Guid(c287aee21e7014b44862a86f06873de3) Importer(815301076,1909f56bfc062723c751e8b465ee728b) [PhysX] Initialized MultithreadedTaskDispatcher with 20 workers.
 -> (artifact id: '00000000000000000000000000000000') in 0.002687 seconds
Import Error Code:(4)
Message: Build asset version error: assets/latency_log.csv in SourceAssetDB has modification time of '2026-01-22T02:57:13.0160096Z' while content on disk has modification time of '2026-01-22T02:57:44.7552463Z'
  ERROR: Build asset version error: assets/latency_log.csv in SourceAssetDB has modification time of '2026-01-22T02:57:13.0160096Z' while content on disk has modification time of '2026-01-22T02:57:44.7552463Z'
Number of updated asset objects reloaded before import = 0
Number of asset objects unloaded after import = 0
========================================================================
Received Import Request.
  Time since last request: 0.051077 seconds.
  path: Assets/latency_log.csv
  artifactKey: Guid(c287aee21e7014b44862a86f06873de3) Importer(815301076,1909f56bfc062723c751e8b465ee728b)
Start importing Assets/latency_log.csv using Guid(c287aee21e7014b44862a86f06873de3) Importer(815301076,1909f56bfc062723c751e8b465ee728b) [PhysX] Initialized MultithreadedTaskDispatcher with 20 workers.
 -> (artifact id: '00000000000000000000000000000000') in 0.001462 seconds
Import Error Code:(4)
Message: Build asset version error: assets/latency_log.csv in SourceAssetDB has modification time of '2026-01-22T02:57:13.0160096Z' while content on disk has modification time of '2026-01-22T02:57:44.7552463Z'
  ERROR: Build asset version error: assets/latency_log.csv in SourceAssetDB has modification time of '2026-01-22T02:57:13.0160096Z' while content on disk has modification time of '2026-01-22T02:57:44.7552463Z'
Number of updated asset objects reloaded before import = 0
Number of asset objects unloaded after import = 0
========================================================================
Received Import Request.
  Time since last request: 0.055766 seconds.
  path: Assets/latency_log.csv
  artifactKey: Guid(c287aee21e7014b44862a86f06873de3) Importer(815301076,1909f56bfc062723c751e8b465ee728b)
Start importing Assets/latency_log.csv using Guid(c287aee21e7014b44862a86f06873de3) Importer(815301076,1909f56bfc062723c751e8b465ee728b) [PhysX] Initialized MultithreadedTaskDispatcher with 20 workers.
 -> (artifact id: '00000000000000000000000000000000') in 0.001702 seconds
Import Error Code:(4)
Message: Build asset version error: assets/latency_log.csv in SourceAssetDB has modification time of '2026-01-22T02:57:13.0160096Z' while content on disk has modification time of '2026-01-22T02:57:44.7552463Z'
  ERROR: Build asset version error: assets/latency_log.csv in SourceAssetDB has modification time of '2026-01-22T02:57:13.0160096Z' while content on disk has modification time of '2026-01-22T02:57:44.7552463Z'
Number of updated asset objects reloaded before import = 0
Number of asset objects unloaded after import = 0
========================================================================
Received Import Request.
  Time since last request: 0.055711 seconds.
  path: Assets/latency_log.csv
  artifactKey: Guid(c287aee21e7014b44862a86f06873de3) Importer(815301076,1909f56bfc062723c751e8b465ee728b)
Start importing Assets/latency_log.csv using Guid(c287aee21e7014b44862a86f06873de3) Importer(815301076,1909f56bfc062723c751e8b465ee728b) [PhysX] Initialized MultithreadedTaskDispatcher with 20 workers.
 -> (artifact id: '00000000000000000000000000000000') in 0.002710 seconds
Import Error Code:(4)
Message: Build asset version error: assets/latency_log.csv in SourceAssetDB has modification time of '2026-01-22T02:57:13.0160096Z' while content on disk has modification time of '2026-01-22T02:57:44.7552463Z'
  ERROR: Build asset version error: assets/latency_log.csv in SourceAssetDB has modification time of '2026-01-22T02:57:13.0160096Z' while content on disk has modification time of '2026-01-22T02:57:44.7552463Z'
Number of updated asset objects reloaded before import = 0
Number of asset objects unloaded after import = 0
========================================================================
Received Import Request.
  Time since last request: 0.055132 seconds.
  path: Assets/latency_log.csv
  artifactKey: Guid(c287aee21e7014b44862a86f06873de3) Importer(815301076,1909f56bfc062723c751e8b465ee728b)
Start importing Assets/latency_log.csv using Guid(c287aee21e7014b44862a86f06873de3) Importer(815301076,1909f56bfc062723c751e8b465ee728b) [PhysX] Initialized MultithreadedTaskDispatcher with 20 workers.
 -> (artifact id: '00000000000000000000000000000000') in 0.001673 seconds
Import Error Code:(4)
Message: Build asset version error: assets/latency_log.csv in SourceAssetDB has modification time of '2026-01-22T02:57:13.0160096Z' while content on disk has modification time of '2026-01-22T02:57:44.7552463Z'
  ERROR: Build asset version error: assets/latency_log.csv in SourceAssetDB has modification time of '2026-01-22T02:57:13.0160096Z' while content on disk has modification time of '2026-01-22T02:57:44.7552463Z'
Number of updated asset objects reloaded before import = 0
Number of asset objects unloaded after import = 0
========================================================================
Received Import Request.
  Time since last request: 0.055089 seconds.
  path: Assets/latency_log.csv
  artifactKey: Guid(c287aee21e7014b44862a86f06873de3) Importer(815301076,1909f56bfc062723c751e8b465ee728b)
Start importing Assets/latency_log.csv using Guid(c287aee21e7014b44862a86f06873de3) Importer(815301076,1909f56bfc062723c751e8b465ee728b) [PhysX] Initialized MultithreadedTaskDispatcher with 20 workers.
 -> (artifact id: '00000000000000000000000000000000') in 0.001916 seconds
Import Error Code:(4)
Message: Build asset version error: assets/latency_log.csv in SourceAssetDB has modification time of '2026-01-22T02:57:13.0160096Z' while content on disk has modification time of '2026-01-22T02:57:44.7552463Z'
  ERROR: Build asset version error: assets/latency_log.csv in SourceAssetDB has modification time of '2026-01-22T02:57:13.0160096Z' while content on disk has modification time of '2026-01-22T02:57:44.7552463Z'
Number of updated asset objects reloaded before import = 0
Number of asset objects unloaded after import = 0
========================================================================
Received Import Request.
  Time since last request: 0.055539 seconds.
  path: Assets/latency_log.csv
  artifactKey: Guid(c287aee21e7014b44862a86f06873de3) Importer(815301076,1909f56bfc062723c751e8b465ee728b)
Start importing Assets/latency_log.csv using Guid(c287aee21e7014b44862a86f06873de3) Importer(815301076,1909f56bfc062723c751e8b465ee728b) [PhysX] Initialized MultithreadedTaskDispatcher with 20 workers.
 -> (artifact id: '00000000000000000000000000000000') in 0.001850 seconds
Import Error Code:(4)
Message: Build asset version error: assets/latency_log.csv in SourceAssetDB has modification time of '2026-01-22T02:57:13.0160096Z' while content on disk has modification time of '2026-01-22T02:57:44.7552463Z'
  ERROR: Build asset version error: assets/latency_log.csv in SourceAssetDB has modification time of '2026-01-22T02:57:13.0160096Z' while content on disk has modification time of '2026-01-22T02:57:44.7552463Z'
Number of updated asset objects reloaded before import = 0
Number of asset objects unloaded after import = 0
========================================================================
Received Import Request.
  Time since last request: 0.057988 seconds.
  path: Assets/latency_log.csv
  artifactKey: Guid(c287aee21e7014b44862a86f06873de3) Importer(815301076,1909f56bfc062723c751e8b465ee728b)
Start importing Assets/latency_log.csv using Guid(c287aee21e7014b44862a86f06873de3) Importer(815301076,1909f56bfc062723c751e8b465ee728b) [PhysX] Initialized MultithreadedTaskDispatcher with 20 workers.
 -> (artifact id: '00000000000000000000000000000000') in 0.003391 seconds
Import Error Code:(4)
Message: Build asset version error: assets/latency_log.csv in SourceAssetDB has modification time of '2026-01-22T02:57:13.0160096Z' while content on disk has modification time of '2026-01-22T02:57:44.7552463Z'
  ERROR: Build asset version error: assets/latency_log.csv in SourceAssetDB has modification time of '2026-01-22T02:57:13.0160096Z' while content on disk has modification time of '2026-01-22T02:57:44.7552463Z'
Number of updated asset objects reloaded before import = 0
Number of asset objects unloaded after import = 0
========================================================================
Received Import Request.
  Time since last request: 0.055024 seconds.
  path: Assets/latency_log.csv
  artifactKey: Guid(c287aee21e7014b44862a86f06873de3) Importer(815301076,1909f56bfc062723c751e8b465ee728b)
Start importing Assets/latency_log.csv using Guid(c287aee21e7014b44862a86f06873de3) Importer(815301076,1909f56bfc062723c751e8b465ee728b) [PhysX] Initialized MultithreadedTaskDispatcher with 20 workers.
 -> (artifact id: '00000000000000000000000000000000') in 0.001952 seconds
Import Error Code:(4)
Message: Build asset version error: assets/latency_log.csv in SourceAssetDB has modification time of '2026-01-22T02:57:13.0160096Z' while content on disk has modification time of '2026-01-22T02:57:44.7552463Z'
  ERROR: Build asset version error: assets/latency_log.csv in SourceAssetDB has modification time of '2026-01-22T02:57:13.0160096Z' while content on disk has modification time of '2026-01-22T02:57:44.7552463Z'
Number of updated asset objects reloaded before import = 0
Number of asset objects unloaded after import = 0
========================================================================
Received Import Request.
  Time since last request: 0.001429 seconds.
  path: Assets/latency_log.csv
  artifactKey: Guid(c287aee21e7014b44862a86f06873de3) Importer(815301076,1909f56bfc062723c751e8b465ee728b)
Start importing Assets/latency_log.csv using Guid(c287aee21e7014b44862a86f06873de3) Importer(815301076,1909f56bfc062723c751e8b465ee728b) [PhysX] Initialized MultithreadedTaskDispatcher with 20 workers.
 -> (artifact id: '00000000000000000000000000000000') in 0.002020 seconds
Import Error Code:(4)
Message: Build asset version error: assets/latency_log.csv in SourceAssetDB has modification time of '2026-01-22T02:57:13.0160096Z' while content on disk has modification time of '2026-01-22T02:57:44.7552463Z'
  ERROR: Build asset version error: assets/latency_log.csv in SourceAssetDB has modification time of '2026-01-22T02:57:13.0160096Z' while content on disk has modification time of '2026-01-22T02:57:44.7552463Z'
Number of updated asset objects reloaded before import = 0
Number of asset objects unloaded after import = 0
========================================================================
Received Import Request.
  Time since last request: 0.052939 seconds.
  path: Assets/latency_log.csv
  artifactKey: Guid(c287aee21e7014b44862a86f06873de3) Importer(815301076,1909f56bfc062723c751e8b465ee728b)
Start importing Assets/latency_log.csv using Guid(c287aee21e7014b44862a86f06873de3) Importer(815301076,1909f56bfc062723c751e8b465ee728b) [PhysX] Initialized MultithreadedTaskDispatcher with 20 workers.
 -> (artifact id: '00000000000000000000000000000000') in 0.001834 seconds
Import Error Code:(4)
Message: Build asset version error: assets/latency_log.csv in SourceAssetDB has modification time of '2026-01-22T02:57:13.0160096Z' while content on disk has modification time of '2026-01-22T02:57:44.7552463Z'
  ERROR: Build asset version error: assets/latency_log.csv in SourceAssetDB has modification time of '2026-01-22T02:57:13.0160096Z' while content on disk has modification time of '2026-01-22T02:57:44.7552463Z'
Number of updated asset objects reloaded before import = 0
Number of asset objects unloaded after import = 0
========================================================================
Received Import Request.
  Time since last request: 0.055528 seconds.
  path: Assets/latency_log.csv
  artifactKey: Guid(c287aee21e7014b44862a86f06873de3) Importer(815301076,1909f56bfc062723c751e8b465ee728b)
Start importing Assets/latency_log.csv using Guid(c287aee21e7014b44862a86f06873de3) Importer(815301076,1909f56bfc062723c751e8b465ee728b) [PhysX] Initialized MultithreadedTaskDispatcher with 20 workers.
 -> (artifact id: '00000000000000000000000000000000') in 0.001965 seconds
Import Error Code:(4)
Message: Build asset version error: assets/latency_log.csv in SourceAssetDB has modification time of '2026-01-22T02:57:13.0160096Z' while content on disk has modification time of '2026-01-22T02:57:44.7552463Z'
  ERROR: Build asset version error: assets/latency_log.csv in SourceAssetDB has modification time of '2026-01-22T02:57:13.0160096Z' while content on disk has modification time of '2026-01-22T02:57:44.7552463Z'
Number of updated asset objects reloaded before import = 0
Number of asset objects unloaded after import = 0
========================================================================
Received Import Request.
  Time since last request: 0.117399 seconds.
  path: Assets/latency_log.csv
  artifactKey: Guid(c287aee21e7014b44862a86f06873de3) Importer(815301076,1909f56bfc062723c751e8b465ee728b)
Start importing Assets/latency_log.csv using Guid(c287aee21e7014b44862a86f06873de3) Importer(815301076,1909f56bfc062723c751e8b465ee728b) [PhysX] Initialized MultithreadedTaskDispatcher with 20 workers.
 -> (artifact id: '00000000000000000000000000000000') in 0.003073 seconds
Import Error Code:(4)
Message: Build asset version error: assets/latency_log.csv in SourceAssetDB has modification time of '2026-01-22T02:57:13.0160096Z' while content on disk has modification time of '2026-01-22T02:57:44.7552463Z'
  ERROR: Build asset version error: assets/latency_log.csv in SourceAssetDB has modification time of '2026-01-22T02:57:13.0160096Z' while content on disk has modification time of '2026-01-22T02:57:44.7552463Z'
Number of updated asset objects reloaded before import = 0
Number of asset objects unloaded after import = 0
========================================================================
Received Import Request.
  Time since last request: 0.089883 seconds.
  path: Assets/latency_log.csv
  artifactKey: Guid(c287aee21e7014b44862a86f06873de3) Importer(815301076,1909f56bfc062723c751e8b465ee728b)
Start importing Assets/latency_log.csv using Guid(c287aee21e7014b44862a86f06873de3) Importer(815301076,1909f56bfc062723c751e8b465ee728b) [PhysX] Initialized MultithreadedTaskDispatcher with 20 workers.
 -> (artifact id: '00000000000000000000000000000000') in 0.002515 seconds
Import Error Code:(4)
Message: Build asset version error: assets/latency_log.csv in SourceAssetDB has modification time of '2026-01-22T02:57:13.0160096Z' while content on disk has modification time of '2026-01-22T02:57:44.7552463Z'
  ERROR: Build asset version error: assets/latency_log.csv in SourceAssetDB has modification time of '2026-01-22T02:57:13.0160096Z' while content on disk has modification time of '2026-01-22T02:57:44.7552463Z'
Number of updated asset objects reloaded before import = 0
Number of asset objects unloaded after import = 0
========================================================================
Received Import Request.
  Time since last request: 0.000811 seconds.
  path: Assets/latency_log.csv
  artifactKey: Guid(c287aee21e7014b44862a86f06873de3) Importer(815301076,1909f56bfc062723c751e8b465ee728b)
Start importing Assets/latency_log.csv using Guid(c287aee21e7014b44862a86f06873de3) Importer(815301076,1909f56bfc062723c751e8b465ee728b) [PhysX] Initialized MultithreadedTaskDispatcher with 20 workers.
 -> (artifact id: '00000000000000000000000000000000') in 0.002926 seconds
Import Error Code:(4)
Message: Build asset version error: assets/latency_log.csv in SourceAssetDB has modification time of '2026-01-22T02:57:13.0160096Z' while content on disk has modification time of '2026-01-22T02:57:44.7552463Z'
  ERROR: Build asset version error: assets/latency_log.csv in SourceAssetDB has modification time of '2026-01-22T02:57:13.0160096Z' while content on disk has modification time of '2026-01-22T02:57:44.7552463Z'
Number of updated asset objects reloaded before import = 0
Number of asset objects unloaded after import = 0
========================================================================
Received Import Request.
  Time since last request: 0.064070 seconds.
  path: Assets/latency_log.csv
  artifactKey: Guid(c287aee21e7014b44862a86f06873de3) Importer(815301076,1909f56bfc062723c751e8b465ee728b)
Start importing Assets/latency_log.csv using Guid(c287aee21e7014b44862a86f06873de3) Importer(815301076,1909f56bfc062723c751e8b465ee728b) [PhysX] Initialized MultithreadedTaskDispatcher with 20 workers.
 -> (artifact id: '00000000000000000000000000000000') in 0.002359 seconds
Import Error Code:(4)
Message: Build asset version error: assets/latency_log.csv in SourceAssetDB has modification time of '2026-01-22T02:57:13.0160096Z' while content on disk has modification time of '2026-01-22T02:57:44.7552463Z'
  ERROR: Build asset version error: assets/latency_log.csv in SourceAssetDB has modification time of '2026-01-22T02:57:13.0160096Z' while content on disk has modification time of '2026-01-22T02:57:44.7552463Z'
Number of updated asset objects reloaded before import = 0
Number of asset objects unloaded after import = 0
========================================================================
Received Import Request.
  Time since last request: 0.079889 seconds.
  path: Assets/latency_log.csv
  artifactKey: Guid(c287aee21e7014b44862a86f06873de3) Importer(815301076,1909f56bfc062723c751e8b465ee728b)
Start importing Assets/latency_log.csv using Guid(c287aee21e7014b44862a86f06873de3) Importer(815301076,1909f56bfc062723c751e8b465ee728b) [PhysX] Initialized MultithreadedTaskDispatcher with 20 workers.
 -> (artifact id: '00000000000000000000000000000000') in 0.002727 seconds
Import Error Code:(4)
Message: Build asset version error: assets/latency_log.csv in SourceAssetDB has modification time of '2026-01-22T02:57:13.0160096Z' while content on disk has modification time of '2026-01-22T02:57:44.7552463Z'
  ERROR: Build asset version error: assets/latency_log.csv in SourceAssetDB has modification time of '2026-01-22T02:57:13.0160096Z' while content on disk has modification time of '2026-01-22T02:57:44.7552463Z'
Number of updated asset objects reloaded before import = 0
Number of asset objects unloaded after import = 0
========================================================================
Received Import Request.
  Time since last request: 0.174422 seconds.
  path: Assets/latency_log.csv
  artifactKey: Guid(c287aee21e7014b44862a86f06873de3) Importer(815301076,1909f56bfc062723c751e8b465ee728b)
Start importing Assets/latency_log.csv using Guid(c287aee21e7014b44862a86f06873de3) Importer(815301076,1909f56bfc062723c751e8b465ee728b) [PhysX] Initialized MultithreadedTaskDispatcher with 20 workers.
 -> (artifact id: '00000000000000000000000000000000') in 0.003303 seconds
Import Error Code:(4)
Message: Build asset version error: assets/latency_log.csv in SourceAssetDB has modification time of '2026-01-22T02:57:13.0160096Z' while content on disk has modification time of '2026-01-22T02:57:44.7552463Z'
  ERROR: Build asset version error: assets/latency_log.csv in SourceAssetDB has modification time of '2026-01-22T02:57:13.0160096Z' while content on disk has modification time of '2026-01-22T02:57:44.7552463Z'
Number of updated asset objects reloaded before import = 0
Number of asset objects unloaded after import = 0
========================================================================
Received Import Request.
  Time since last request: 0.087057 seconds.
  path: Assets/latency_log.csv
  artifactKey: Guid(c287aee21e7014b44862a86f06873de3) Importer(815301076,1909f56bfc062723c751e8b465ee728b)
Start importing Assets/latency_log.csv using Guid(c287aee21e7014b44862a86f06873de3) Importer(815301076,1909f56bfc062723c751e8b465ee728b) [PhysX] Initialized MultithreadedTaskDispatcher with 20 workers.
 -> (artifact id: '00000000000000000000000000000000') in 0.002724 seconds
Import Error Code:(4)
Message: Build asset version error: assets/latency_log.csv in SourceAssetDB has modification time of '2026-01-22T02:57:13.0160096Z' while content on disk has modification time of '2026-01-22T02:57:44.7552463Z'
  ERROR: Build asset version error: assets/latency_log.csv in SourceAssetDB has modification time of '2026-01-22T02:57:13.0160096Z' while content on disk has modification time of '2026-01-22T02:57:44.7552463Z'
Number of updated asset objects reloaded before import = 0
Number of asset objects unloaded after import = 0
========================================================================
Received Import Request.
  Time since last request: 0.056653 seconds.
  path: Assets/latency_log.csv
  artifactKey: Guid(c287aee21e7014b44862a86f06873de3) Importer(815301076,1909f56bfc062723c751e8b465ee728b)
Start importing Assets/latency_log.csv using Guid(c287aee21e7014b44862a86f06873de3) Importer(815301076,1909f56bfc062723c751e8b465ee728b) [PhysX] Initialized MultithreadedTaskDispatcher with 20 workers.
 -> (artifact id: '00000000000000000000000000000000') in 0.004435 seconds
Import Error Code:(4)
Message: Build asset version error: assets/latency_log.csv in SourceAssetDB has modification time of '2026-01-22T02:57:13.0160096Z' while content on disk has modification time of '2026-01-22T02:57:44.7552463Z'
  ERROR: Build asset version error: assets/latency_log.csv in SourceAssetDB has modification time of '2026-01-22T02:57:13.0160096Z' while content on disk has modification time of '2026-01-22T02:57:44.7552463Z'
Number of updated asset objects reloaded before import = 0
Number of asset objects unloaded after import = 0
========================================================================
Received Import Request.
  Time since last request: 0.052852 seconds.
  path: Assets/latency_log.csv
  artifactKey: Guid(c287aee21e7014b44862a86f06873de3) Importer(815301076,1909f56bfc062723c751e8b465ee728b)
Start importing Assets/latency_log.csv using Guid(c287aee21e7014b44862a86f06873de3) Importer(815301076,1909f56bfc062723c751e8b465ee728b) [PhysX] Initialized MultithreadedTaskDispatcher with 20 workers.
 -> (artifact id: '00000000000000000000000000000000') in 0.002589 seconds
Import Error Code:(4)
Message: Build asset version error: assets/latency_log.csv in SourceAssetDB has modification time of '2026-01-22T02:57:13.0160096Z' while content on disk has modification time of '2026-01-22T02:57:44.7552463Z'
  ERROR: Build asset version error: assets/latency_log.csv in SourceAssetDB has modification time of '2026-01-22T02:57:13.0160096Z' while content on disk has modification time of '2026-01-22T02:57:44.7552463Z'
Number of updated asset objects reloaded before import = 0
Number of asset objects unloaded after import = 0
========================================================================
Received Import Request.
  Time since last request: 0.087294 seconds.
  path: Assets/latency_log.csv
  artifactKey: Guid(c287aee21e7014b44862a86f06873de3) Importer(815301076,1909f56bfc062723c751e8b465ee728b)
Start importing Assets/latency_log.csv using Guid(c287aee21e7014b44862a86f06873de3) Importer(815301076,1909f56bfc062723c751e8b465ee728b) [PhysX] Initialized MultithreadedTaskDispatcher with 20 workers.
 -> (artifact id: '00000000000000000000000000000000') in 0.005730 seconds
Import Error Code:(4)
Message: Build asset version error: assets/latency_log.csv in SourceAssetDB has modification time of '2026-01-22T02:57:13.0160096Z' while content on disk has modification time of '2026-01-22T02:57:44.7552463Z'
  ERROR: Build asset version error: assets/latency_log.csv in SourceAssetDB has modification time of '2026-01-22T02:57:13.0160096Z' while content on disk has modification time of '2026-01-22T02:57:44.7552463Z'
Number of updated asset objects reloaded before import = 0
Number of asset objects unloaded after import = 0
========================================================================
Received Import Request.
  Time since last request: 0.063631 seconds.
  path: Assets/latency_log.csv
  artifactKey: Guid(c287aee21e7014b44862a86f06873de3) Importer(815301076,1909f56bfc062723c751e8b465ee728b)
Start importing Assets/latency_log.csv using Guid(c287aee21e7014b44862a86f06873de3) Importer(815301076,1909f56bfc062723c751e8b465ee728b) [PhysX] Initialized MultithreadedTaskDispatcher with 20 workers.
 -> (artifact id: '00000000000000000000000000000000') in 0.003271 seconds
Import Error Code:(4)
Message: Build asset version error: assets/latency_log.csv in SourceAssetDB has modification time of '2026-01-22T02:57:13.0160096Z' while content on disk has modification time of '2026-01-22T02:57:44.7552463Z'
  ERROR: Build asset version error: assets/latency_log.csv in SourceAssetDB has modification time of '2026-01-22T02:57:13.0160096Z' while content on disk has modification time of '2026-01-22T02:57:44.7552463Z'
Number of updated asset objects reloaded before import = 0
Number of asset objects unloaded after import = 0
========================================================================
Received Import Request.
  Time since last request: 0.056942 seconds.
  path: Assets/latency_log.csv
  artifactKey: Guid(c287aee21e7014b44862a86f06873de3) Importer(815301076,1909f56bfc062723c751e8b465ee728b)
Start importing Assets/latency_log.csv using Guid(c287aee21e7014b44862a86f06873de3) Importer(815301076,1909f56bfc062723c751e8b465ee728b) [PhysX] Initialized MultithreadedTaskDispatcher with 20 workers.
 -> (artifact id: '00000000000000000000000000000000') in 0.003239 seconds
Import Error Code:(4)
Message: Build asset version error: assets/latency_log.csv in SourceAssetDB has modification time of '2026-01-22T02:57:13.0160096Z' while content on disk has modification time of '2026-01-22T02:57:44.7552463Z'
  ERROR: Build asset version error: assets/latency_log.csv in SourceAssetDB has modification time of '2026-01-22T02:57:13.0160096Z' while content on disk has modification time of '2026-01-22T02:57:44.7552463Z'
Number of updated asset objects reloaded before import = 0
Number of asset objects unloaded after import = 0
========================================================================
Received Import Request.
  Time since last request: 0.059712 seconds.
  path: Assets/latency_log.csv
  artifactKey: Guid(c287aee21e7014b44862a86f06873de3) Importer(815301076,1909f56bfc062723c751e8b465ee728b)
Start importing Assets/latency_log.csv using Guid(c287aee21e7014b44862a86f06873de3) Importer(815301076,1909f56bfc062723c751e8b465ee728b) [PhysX] Initialized MultithreadedTaskDispatcher with 20 workers.
 -> (artifact id: '00000000000000000000000000000000') in 0.003156 seconds
Import Error Code:(4)
Message: Build asset version error: assets/latency_log.csv in SourceAssetDB has modification time of '2026-01-22T02:57:13.0160096Z' while content on disk has modification time of '2026-01-22T02:57:44.7552463Z'
  ERROR: Build asset version error: assets/latency_log.csv in SourceAssetDB has modification time of '2026-01-22T02:57:13.0160096Z' while content on disk has modification time of '2026-01-22T02:57:44.7552463Z'
Number of updated asset objects reloaded before import = 0
Number of asset objects unloaded after import = 0
========================================================================
Received Import Request.
  Time since last request: 0.057723 seconds.
  path: Assets/latency_log.csv
  artifactKey: Guid(c287aee21e7014b44862a86f06873de3) Importer(815301076,1909f56bfc062723c751e8b465ee728b)
Start importing Assets/latency_log.csv using Guid(c287aee21e7014b44862a86f06873de3) Importer(815301076,1909f56bfc062723c751e8b465ee728b) [PhysX] Initialized MultithreadedTaskDispatcher with 20 workers.
 -> (artifact id: '00000000000000000000000000000000') in 0.004099 seconds
Import Error Code:(4)
Message: Build asset version error: assets/latency_log.csv in SourceAssetDB has modification time of '2026-01-22T02:57:13.0160096Z' while content on disk has modification time of '2026-01-22T02:57:44.7552463Z'
  ERROR: Build asset version error: assets/latency_log.csv in SourceAssetDB has modification time of '2026-01-22T02:57:13.0160096Z' while content on disk has modification time of '2026-01-22T02:57:44.7552463Z'
Number of updated asset objects reloaded before import = 0
Number of asset objects unloaded after import = 0
========================================================================
Received Import Request.
  Time since last request: 0.057384 seconds.
  path: Assets/latency_log.csv
  artifactKey: Guid(c287aee21e7014b44862a86f06873de3) Importer(815301076,1909f56bfc062723c751e8b465ee728b)
Start importing Assets/latency_log.csv using Guid(c287aee21e7014b44862a86f06873de3) Importer(815301076,1909f56bfc062723c751e8b465ee728b) [PhysX] Initialized MultithreadedTaskDispatcher with 20 workers.
 -> (artifact id: '00000000000000000000000000000000') in 0.003878 seconds
Import Error Code:(4)
Message: Build asset version error: assets/latency_log.csv in SourceAssetDB has modification time of '2026-01-22T02:57:13.0160096Z' while content on disk has modification time of '2026-01-22T02:57:44.7552463Z'
  ERROR: Build asset version error: assets/latency_log.csv in SourceAssetDB has modification time of '2026-01-22T02:57:13.0160096Z' while content on disk has modification time of '2026-01-22T02:57:44.7552463Z'
Number of updated asset objects reloaded before import = 0
Number of asset objects unloaded after import = 0
========================================================================
Received Import Request.
  Time since last request: 0.053689 seconds.
  path: Assets/latency_log.csv
  artifactKey: Guid(c287aee21e7014b44862a86f06873de3) Importer(815301076,1909f56bfc062723c751e8b465ee728b)
Start importing Assets/latency_log.csv using Guid(c287aee21e7014b44862a86f06873de3) Importer(815301076,1909f56bfc062723c751e8b465ee728b) [PhysX] Initialized MultithreadedTaskDispatcher with 20 workers.
 -> (artifact id: '00000000000000000000000000000000') in 0.002703 seconds
Import Error Code:(4)
Message: Build asset version error: assets/latency_log.csv in SourceAssetDB has modification time of '2026-01-22T02:57:13.0160096Z' while content on disk has modification time of '2026-01-22T02:57:44.7552463Z'
  ERROR: Build asset version error: assets/latency_log.csv in SourceAssetDB has modification time of '2026-01-22T02:57:13.0160096Z' while content on disk has modification time of '2026-01-22T02:57:44.7552463Z'
Number of updated asset objects reloaded before import = 0
Number of asset objects unloaded after import = 0
========================================================================
Received Import Request.
  Time since last request: 0.054639 seconds.
  path: Assets/latency_log.csv
  artifactKey: Guid(c287aee21e7014b44862a86f06873de3) Importer(815301076,1909f56bfc062723c751e8b465ee728b)
Start importing Assets/latency_log.csv using Guid(c287aee21e7014b44862a86f06873de3) Importer(815301076,1909f56bfc062723c751e8b465ee728b) [PhysX] Initialized MultithreadedTaskDispatcher with 20 workers.
 -> (artifact id: '00000000000000000000000000000000') in 0.002521 seconds
Import Error Code:(4)
Message: Build asset version error: assets/latency_log.csv in SourceAssetDB has modification time of '2026-01-22T02:57:13.0160096Z' while content on disk has modification time of '2026-01-22T02:57:44.7552463Z'
  ERROR: Build asset version error: assets/latency_log.csv in SourceAssetDB has modification time of '2026-01-22T02:57:13.0160096Z' while content on disk has modification time of '2026-01-22T02:57:44.7552463Z'
Number of updated asset objects reloaded before import = 0
Number of asset objects unloaded after import = 0
========================================================================
Received Import Request.
  Time since last request: 0.054014 seconds.
  path: Assets/latency_log.csv
  artifactKey: Guid(c287aee21e7014b44862a86f06873de3) Importer(815301076,1909f56bfc062723c751e8b465ee728b)
Start importing Assets/latency_log.csv using Guid(c287aee21e7014b44862a86f06873de3) Importer(815301076,1909f56bfc062723c751e8b465ee728b) [PhysX] Initialized MultithreadedTaskDispatcher with 20 workers.
 -> (artifact id: '00000000000000000000000000000000') in 0.002361 seconds
Import Error Code:(4)
Message: Build asset version error: assets/latency_log.csv in SourceAssetDB has modification time of '2026-01-22T02:57:13.0160096Z' while content on disk has modification time of '2026-01-22T02:57:44.7552463Z'
  ERROR: Build asset version error: assets/latency_log.csv in SourceAssetDB has modification time of '2026-01-22T02:57:13.0160096Z' while content on disk has modification time of '2026-01-22T02:57:44.7552463Z'
Number of updated asset objects reloaded before import = 0
Number of asset objects unloaded after import = 0
========================================================================
Received Import Request.
  Time since last request: 0.055884 seconds.
  path: Assets/latency_log.csv
  artifactKey: Guid(c287aee21e7014b44862a86f06873de3) Importer(815301076,1909f56bfc062723c751e8b465ee728b)
Start importing Assets/latency_log.csv using Guid(c287aee21e7014b44862a86f06873de3) Importer(815301076,1909f56bfc062723c751e8b465ee728b) [PhysX] Initialized MultithreadedTaskDispatcher with 20 workers.
 -> (artifact id: '00000000000000000000000000000000') in 0.003217 seconds
Import Error Code:(4)
Message: Build asset version error: assets/latency_log.csv in SourceAssetDB has modification time of '2026-01-22T02:57:13.0160096Z' while content on disk has modification time of '2026-01-22T02:57:44.7552463Z'
  ERROR: Build asset version error: assets/latency_log.csv in SourceAssetDB has modification time of '2026-01-22T02:57:13.0160096Z' while content on disk has modification time of '2026-01-22T02:57:44.7552463Z'
Number of updated asset objects reloaded before import = 0
Number of asset objects unloaded after import = 0
========================================================================
Received Import Request.
  Time since last request: 0.054709 seconds.
  path: Assets/latency_log.csv
  artifactKey: Guid(c287aee21e7014b44862a86f06873de3) Importer(815301076,1909f56bfc062723c751e8b465ee728b)
Start importing Assets/latency_log.csv using Guid(c287aee21e7014b44862a86f06873de3) Importer(815301076,1909f56bfc062723c751e8b465ee728b) [PhysX] Initialized MultithreadedTaskDispatcher with 20 workers.
 -> (artifact id: '00000000000000000000000000000000') in 0.003340 seconds
Import Error Code:(4)
Message: Build asset version error: assets/latency_log.csv in SourceAssetDB has modification time of '2026-01-22T02:57:13.0160096Z' while content on disk has modification time of '2026-01-22T02:57:44.7552463Z'
  ERROR: Build asset version error: assets/latency_log.csv in SourceAssetDB has modification time of '2026-01-22T02:57:13.0160096Z' while content on disk has modification time of '2026-01-22T02:57:44.7552463Z'
Number of updated asset objects reloaded before import = 0
Number of asset objects unloaded after import = 0
========================================================================
Received Import Request.
  Time since last request: 0.054483 seconds.
  path: Assets/latency_log.csv
  artifactKey: Guid(c287aee21e7014b44862a86f06873de3) Importer(815301076,1909f56bfc062723c751e8b465ee728b)
Start importing Assets/latency_log.csv using Guid(c287aee21e7014b44862a86f06873de3) Importer(815301076,1909f56bfc062723c751e8b465ee728b) [PhysX] Initialized MultithreadedTaskDispatcher with 20 workers.
 -> (artifact id: '00000000000000000000000000000000') in 0.002374 seconds
Import Error Code:(4)
Message: Build asset version error: assets/latency_log.csv in SourceAssetDB has modification time of '2026-01-22T02:57:13.0160096Z' while content on disk has modification time of '2026-01-22T02:57:44.7552463Z'
  ERROR: Build asset version error: assets/latency_log.csv in SourceAssetDB has modification time of '2026-01-22T02:57:13.0160096Z' while content on disk has modification time of '2026-01-22T02:57:44.7552463Z'
Number of updated asset objects reloaded before import = 0
Number of asset objects unloaded after import = 0
========================================================================
Received Import Request.
  Time since last request: 0.054563 seconds.
  path: Assets/latency_log.csv
  artifactKey: Guid(c287aee21e7014b44862a86f06873de3) Importer(815301076,1909f56bfc062723c751e8b465ee728b)
Start importing Assets/latency_log.csv using Guid(c287aee21e7014b44862a86f06873de3) Importer(815301076,1909f56bfc062723c751e8b465ee728b) [PhysX] Initialized MultithreadedTaskDispatcher with 20 workers.
 -> (artifact id: '00000000000000000000000000000000') in 0.002260 seconds
Import Error Code:(4)
Message: Build asset version error: assets/latency_log.csv in SourceAssetDB has modification time of '2026-01-22T02:57:13.0160096Z' while content on disk has modification time of '2026-01-22T02:57:44.7552463Z'
  ERROR: Build asset version error: assets/latency_log.csv in SourceAssetDB has modification time of '2026-01-22T02:57:13.0160096Z' while content on disk has modification time of '2026-01-22T02:57:44.7552463Z'
Number of updated asset objects reloaded before import = 0
Number of asset objects unloaded after import = 0
========================================================================
Received Import Request.
  Time since last request: 0.054714 seconds.
  path: Assets/latency_log.csv
  artifactKey: Guid(c287aee21e7014b44862a86f06873de3) Importer(815301076,1909f56bfc062723c751e8b465ee728b)
Start importing Assets/latency_log.csv using Guid(c287aee21e7014b44862a86f06873de3) Importer(815301076,1909f56bfc062723c751e8b465ee728b) [PhysX] Initialized MultithreadedTaskDispatcher with 20 workers.
 -> (artifact id: '00000000000000000000000000000000') in 0.002354 seconds
Import Error Code:(4)
Message: Build asset version error: assets/latency_log.csv in SourceAssetDB has modification time of '2026-01-22T02:57:13.0160096Z' while content on disk has modification time of '2026-01-22T02:57:44.7552463Z'
  ERROR: Build asset version error: assets/latency_log.csv in SourceAssetDB has modification time of '2026-01-22T02:57:13.0160096Z' while content on disk has modification time of '2026-01-22T02:57:44.7552463Z'
Number of updated asset objects reloaded before import = 0
Number of asset objects unloaded after import = 0
========================================================================
Received Import Request.
  Time since last request: 0.056333 seconds.
  path: Assets/latency_log.csv
  artifactKey: Guid(c287aee21e7014b44862a86f06873de3) Importer(815301076,1909f56bfc062723c751e8b465ee728b)
Start importing Assets/latency_log.csv using Guid(c287aee21e7014b44862a86f06873de3) Importer(815301076,1909f56bfc062723c751e8b465ee728b) [PhysX] Initialized MultithreadedTaskDispatcher with 20 workers.
 -> (artifact id: '00000000000000000000000000000000') in 0.002937 seconds
Import Error Code:(4)
Message: Build asset version error: assets/latency_log.csv in SourceAssetDB has modification time of '2026-01-22T02:57:13.0160096Z' while content on disk has modification time of '2026-01-22T02:57:44.7552463Z'
  ERROR: Build asset version error: assets/latency_log.csv in SourceAssetDB has modification time of '2026-01-22T02:57:13.0160096Z' while content on disk has modification time of '2026-01-22T02:57:44.7552463Z'
Number of updated asset objects reloaded before import = 0
Number of asset objects unloaded after import = 0
========================================================================
Received Import Request.
  Time since last request: 0.055683 seconds.
  path: Assets/latency_log.csv
  artifactKey: Guid(c287aee21e7014b44862a86f06873de3) Importer(815301076,1909f56bfc062723c751e8b465ee728b)
Start importing Assets/latency_log.csv using Guid(c287aee21e7014b44862a86f06873de3) Importer(815301076,1909f56bfc062723c751e8b465ee728b) [PhysX] Initialized MultithreadedTaskDispatcher with 20 workers.
 -> (artifact id: '00000000000000000000000000000000') in 0.003308 seconds
Import Error Code:(4)
Message: Build asset version error: assets/latency_log.csv in SourceAssetDB has modification time of '2026-01-22T02:57:13.0160096Z' while content on disk has modification time of '2026-01-22T02:57:44.7552463Z'
  ERROR: Build asset version error: assets/latency_log.csv in SourceAssetDB has modification time of '2026-01-22T02:57:13.0160096Z' while content on disk has modification time of '2026-01-22T02:57:44.7552463Z'
Number of updated asset objects reloaded before import = 0
Number of asset objects unloaded after import = 0
========================================================================
Received Import Request.
  Time since last request: 0.056506 seconds.
  path: Assets/latency_log.csv
  artifactKey: Guid(c287aee21e7014b44862a86f06873de3) Importer(815301076,1909f56bfc062723c751e8b465ee728b)
Start importing Assets/latency_log.csv using Guid(c287aee21e7014b44862a86f06873de3) Importer(815301076,1909f56bfc062723c751e8b465ee728b) [PhysX] Initialized MultithreadedTaskDispatcher with 20 workers.
 -> (artifact id: '00000000000000000000000000000000') in 0.003357 seconds
Import Error Code:(4)
Message: Build asset version error: assets/latency_log.csv in SourceAssetDB has modification time of '2026-01-22T02:57:13.0160096Z' while content on disk has modification time of '2026-01-22T02:57:44.7552463Z'
  ERROR: Build asset version error: assets/latency_log.csv in SourceAssetDB has modification time of '2026-01-22T02:57:13.0160096Z' while content on disk has modification time of '2026-01-22T02:57:44.7552463Z'
Number of updated asset objects reloaded before import = 0
Number of asset objects unloaded after import = 0
========================================================================
Received Import Request.
  Time since last request: 0.053676 seconds.
  path: Assets/latency_log.csv
  artifactKey: Guid(c287aee21e7014b44862a86f06873de3) Importer(815301076,1909f56bfc062723c751e8b465ee728b)
Start importing Assets/latency_log.csv using Guid(c287aee21e7014b44862a86f06873de3) Importer(815301076,1909f56bfc062723c751e8b465ee728b) [PhysX] Initialized MultithreadedTaskDispatcher with 20 workers.
 -> (artifact id: '00000000000000000000000000000000') in 0.002654 seconds
Import Error Code:(4)
Message: Build asset version error: assets/latency_log.csv in SourceAssetDB has modification time of '2026-01-22T02:57:13.0160096Z' while content on disk has modification time of '2026-01-22T02:57:44.7552463Z'
  ERROR: Build asset version error: assets/latency_log.csv in SourceAssetDB has modification time of '2026-01-22T02:57:13.0160096Z' while content on disk has modification time of '2026-01-22T02:57:44.7552463Z'
Number of updated asset objects reloaded before import = 0
Number of asset objects unloaded after import = 0
========================================================================
Received Import Request.
  Time since last request: 0.055518 seconds.
  path: Assets/latency_log.csv
  artifactKey: Guid(c287aee21e7014b44862a86f06873de3) Importer(815301076,1909f56bfc062723c751e8b465ee728b)
Start importing Assets/latency_log.csv using Guid(c287aee21e7014b44862a86f06873de3) Importer(815301076,1909f56bfc062723c751e8b465ee728b) [PhysX] Initialized MultithreadedTaskDispatcher with 20 workers.
 -> (artifact id: '00000000000000000000000000000000') in 0.003231 seconds
Import Error Code:(4)
Message: Build asset version error: assets/latency_log.csv in SourceAssetDB has modification time of '2026-01-22T02:57:13.0160096Z' while content on disk has modification time of '2026-01-22T02:57:44.7552463Z'
  ERROR: Build asset version error: assets/latency_log.csv in SourceAssetDB has modification time of '2026-01-22T02:57:13.0160096Z' while content on disk has modification time of '2026-01-22T02:57:44.7552463Z'
Number of updated asset objects reloaded before import = 0
Number of asset objects unloaded after import = 0
========================================================================
Received Import Request.
  Time since last request: 0.053873 seconds.
  path: Assets/latency_log.csv
  artifactKey: Guid(c287aee21e7014b44862a86f06873de3) Importer(815301076,1909f56bfc062723c751e8b465ee728b)
Start importing Assets/latency_log.csv using Guid(c287aee21e7014b44862a86f06873de3) Importer(815301076,1909f56bfc062723c751e8b465ee728b) [PhysX] Initialized MultithreadedTaskDispatcher with 20 workers.
 -> (artifact id: '00000000000000000000000000000000') in 0.003013 seconds
Import Error Code:(4)
Message: Build asset version error: assets/latency_log.csv in SourceAssetDB has modification time of '2026-01-22T02:57:13.0160096Z' while content on disk has modification time of '2026-01-22T02:57:44.7552463Z'
  ERROR: Build asset version error: assets/latency_log.csv in SourceAssetDB has modification time of '2026-01-22T02:57:13.0160096Z' while content on disk has modification time of '2026-01-22T02:57:44.7552463Z'
Number of updated asset objects reloaded before import = 0
Number of asset objects unloaded after import = 0
========================================================================
Received Import Request.
  Time since last request: 0.052659 seconds.
  path: Assets/latency_log.csv
  artifactKey: Guid(c287aee21e7014b44862a86f06873de3) Importer(815301076,1909f56bfc062723c751e8b465ee728b)
Start importing Assets/latency_log.csv using Guid(c287aee21e7014b44862a86f06873de3) Importer(815301076,1909f56bfc062723c751e8b465ee728b) [PhysX] Initialized MultithreadedTaskDispatcher with 20 workers.
 -> (artifact id: '00000000000000000000000000000000') in 0.002377 seconds
Import Error Code:(4)
Message: Build asset version error: assets/latency_log.csv in SourceAssetDB has modification time of '2026-01-22T02:57:13.0160096Z' while content on disk has modification time of '2026-01-22T02:57:44.7552463Z'
  ERROR: Build asset version error: assets/latency_log.csv in SourceAssetDB has modification time of '2026-01-22T02:57:13.0160096Z' while content on disk has modification time of '2026-01-22T02:57:44.7552463Z'
Number of updated asset objects reloaded before import = 0
Number of asset objects unloaded after import = 0
========================================================================
Received Import Request.
  Time since last request: 0.054294 seconds.
  path: Assets/latency_log.csv
  artifactKey: Guid(c287aee21e7014b44862a86f06873de3) Importer(815301076,1909f56bfc062723c751e8b465ee728b)
Start importing Assets/latency_log.csv using Guid(c287aee21e7014b44862a86f06873de3) Importer(815301076,1909f56bfc062723c751e8b465ee728b) [PhysX] Initialized MultithreadedTaskDispatcher with 20 workers.
 -> (artifact id: '00000000000000000000000000000000') in 0.002546 seconds
Import Error Code:(4)
Message: Build asset version error: assets/latency_log.csv in SourceAssetDB has modification time of '2026-01-22T02:57:13.0160096Z' while content on disk has modification time of '2026-01-22T02:57:44.7552463Z'
  ERROR: Build asset version error: assets/latency_log.csv in SourceAssetDB has modification time of '2026-01-22T02:57:13.0160096Z' while content on disk has modification time of '2026-01-22T02:57:44.7552463Z'
Number of updated asset objects reloaded before import = 0
Number of asset objects unloaded after import = 0
========================================================================
Received Import Request.
  Time since last request: 0.059786 seconds.
  path: Assets/latency_log.csv
  artifactKey: Guid(c287aee21e7014b44862a86f06873de3) Importer(815301076,1909f56bfc062723c751e8b465ee728b)
Start importing Assets/latency_log.csv using Guid(c287aee21e7014b44862a86f06873de3) Importer(815301076,1909f56bfc062723c751e8b465ee728b) [PhysX] Initialized MultithreadedTaskDispatcher with 20 workers.
 -> (artifact id: '00000000000000000000000000000000') in 0.003025 seconds
Import Error Code:(4)
Message: Build asset version error: assets/latency_log.csv in SourceAssetDB has modification time of '2026-01-22T02:57:13.0160096Z' while content on disk has modification time of '2026-01-22T02:57:44.7552463Z'
  ERROR: Build asset version error: assets/latency_log.csv in SourceAssetDB has modification time of '2026-01-22T02:57:13.0160096Z' while content on disk has modification time of '2026-01-22T02:57:44.7552463Z'
Number of updated asset objects reloaded before import = 0
Number of asset objects unloaded after import = 0
========================================================================
Received Import Request.
  Time since last request: 0.053002 seconds.
  path: Assets/latency_log.csv
  artifactKey: Guid(c287aee21e7014b44862a86f06873de3) Importer(815301076,1909f56bfc062723c751e8b465ee728b)
Start importing Assets/latency_log.csv using Guid(c287aee21e7014b44862a86f06873de3) Importer(815301076,1909f56bfc062723c751e8b465ee728b) [PhysX] Initialized MultithreadedTaskDispatcher with 20 workers.
 -> (artifact id: '00000000000000000000000000000000') in 0.002925 seconds
Import Error Code:(4)
Message: Build asset version error: assets/latency_log.csv in SourceAssetDB has modification time of '2026-01-22T02:57:13.0160096Z' while content on disk has modification time of '2026-01-22T02:57:44.7552463Z'
  ERROR: Build asset version error: assets/latency_log.csv in SourceAssetDB has modification time of '2026-01-22T02:57:13.0160096Z' while content on disk has modification time of '2026-01-22T02:57:44.7552463Z'
Number of updated asset objects reloaded before import = 0
Number of asset objects unloaded after import = 0
========================================================================
Received Import Request.
  Time since last request: 0.062022 seconds.
  path: Assets/latency_log.csv
  artifactKey: Guid(c287aee21e7014b44862a86f06873de3) Importer(815301076,1909f56bfc062723c751e8b465ee728b)
Start importing Assets/latency_log.csv using Guid(c287aee21e7014b44862a86f06873de3) Importer(815301076,1909f56bfc062723c751e8b465ee728b) [PhysX] Initialized MultithreadedTaskDispatcher with 20 workers.
 -> (artifact id: '00000000000000000000000000000000') in 0.003430 seconds
Import Error Code:(4)
Message: Build asset version error: assets/latency_log.csv in SourceAssetDB has modification time of '2026-01-22T02:57:13.0160096Z' while content on disk has modification time of '2026-01-22T02:57:44.7552463Z'
  ERROR: Build asset version error: assets/latency_log.csv in SourceAssetDB has modification time of '2026-01-22T02:57:13.0160096Z' while content on disk has modification time of '2026-01-22T02:57:44.7552463Z'
Number of updated asset objects reloaded before import = 0
Number of asset objects unloaded after import = 0
========================================================================
Received Import Request.
  Time since last request: 0.054420 seconds.
  path: Assets/latency_log.csv
  artifactKey: Guid(c287aee21e7014b44862a86f06873de3) Importer(815301076,1909f56bfc062723c751e8b465ee728b)
Start importing Assets/latency_log.csv using Guid(c287aee21e7014b44862a86f06873de3) Importer(815301076,1909f56bfc062723c751e8b465ee728b) [PhysX] Initialized MultithreadedTaskDispatcher with 20 workers.
 -> (artifact id: '00000000000000000000000000000000') in 0.003078 seconds
Import Error Code:(4)
Message: Build asset version error: assets/latency_log.csv in SourceAssetDB has modification time of '2026-01-22T02:57:13.0160096Z' while content on disk has modification time of '2026-01-22T02:57:44.7552463Z'
  ERROR: Build asset version error: assets/latency_log.csv in SourceAssetDB has modification time of '2026-01-22T02:57:13.0160096Z' while content on disk has modification time of '2026-01-22T02:57:44.7552463Z'
Number of updated asset objects reloaded before import = 0
Number of asset objects unloaded after import = 0
========================================================================
Received Import Request.
  Time since last request: 0.054975 seconds.
  path: Assets/latency_log.csv
  artifactKey: Guid(c287aee21e7014b44862a86f06873de3) Importer(815301076,1909f56bfc062723c751e8b465ee728b)
Start importing Assets/latency_log.csv using Guid(c287aee21e7014b44862a86f06873de3) Importer(815301076,1909f56bfc062723c751e8b465ee728b) [PhysX] Initialized MultithreadedTaskDispatcher with 20 workers.
 -> (artifact id: '00000000000000000000000000000000') in 0.003650 seconds
Import Error Code:(4)
Message: Build asset version error: assets/latency_log.csv in SourceAssetDB has modification time of '2026-01-22T02:57:13.0160096Z' while content on disk has modification time of '2026-01-22T02:57:44.7552463Z'
  ERROR: Build asset version error: assets/latency_log.csv in SourceAssetDB has modification time of '2026-01-22T02:57:13.0160096Z' while content on disk has modification time of '2026-01-22T02:57:44.7552463Z'
Number of updated asset objects reloaded before import = 0
Number of asset objects unloaded after import = 0
========================================================================
Received Import Request.
  Time since last request: 0.053875 seconds.
  path: Assets/latency_log.csv
  artifactKey: Guid(c287aee21e7014b44862a86f06873de3) Importer(815301076,1909f56bfc062723c751e8b465ee728b)
Start importing Assets/latency_log.csv using Guid(c287aee21e7014b44862a86f06873de3) Importer(815301076,1909f56bfc062723c751e8b465ee728b) [PhysX] Initialized MultithreadedTaskDispatcher with 20 workers.
 -> (artifact id: '00000000000000000000000000000000') in 0.001970 seconds
Import Error Code:(4)
Message: Build asset version error: assets/latency_log.csv in SourceAssetDB has modification time of '2026-01-22T02:57:13.0160096Z' while content on disk has modification time of '2026-01-22T02:57:44.7552463Z'
  ERROR: Build asset version error: assets/latency_log.csv in SourceAssetDB has modification time of '2026-01-22T02:57:13.0160096Z' while content on disk has modification time of '2026-01-22T02:57:44.7552463Z'
Number of updated asset objects reloaded before import = 0
Number of asset objects unloaded after import = 0
========================================================================
Received Import Request.
  Time since last request: 0.055361 seconds.
  path: Assets/latency_log.csv
  artifactKey: Guid(c287aee21e7014b44862a86f06873de3) Importer(815301076,1909f56bfc062723c751e8b465ee728b)
Start importing Assets/latency_log.csv using Guid(c287aee21e7014b44862a86f06873de3) Importer(815301076,1909f56bfc062723c751e8b465ee728b) [PhysX] Initialized MultithreadedTaskDispatcher with 20 workers.
 -> (artifact id: '00000000000000000000000000000000') in 0.001921 seconds
Import Error Code:(4)
Message: Build asset version error: assets/latency_log.csv in SourceAssetDB has modification time of '2026-01-22T02:57:13.0160096Z' while content on disk has modification time of '2026-01-22T02:57:44.7552463Z'
  ERROR: Build asset version error: assets/latency_log.csv in SourceAssetDB has modification time of '2026-01-22T02:57:13.0160096Z' while content on disk has modification time of '2026-01-22T02:57:44.7552463Z'
Number of updated asset objects reloaded before import = 0
Number of asset objects unloaded after import = 0
========================================================================
Received Import Request.
  Time since last request: 0.055750 seconds.
  path: Assets/latency_log.csv
  artifactKey: Guid(c287aee21e7014b44862a86f06873de3) Importer(815301076,1909f56bfc062723c751e8b465ee728b)
Start importing Assets/latency_log.csv using Guid(c287aee21e7014b44862a86f06873de3) Importer(815301076,1909f56bfc062723c751e8b465ee728b) [PhysX] Initialized MultithreadedTaskDispatcher with 20 workers.
 -> (artifact id: '00000000000000000000000000000000') in 0.001998 seconds
Import Error Code:(4)
Message: Build asset version error: assets/latency_log.csv in SourceAssetDB has modification time of '2026-01-22T02:57:13.0160096Z' while content on disk has modification time of '2026-01-22T02:57:44.7552463Z'
  ERROR: Build asset version error: assets/latency_log.csv in SourceAssetDB has modification time of '2026-01-22T02:57:13.0160096Z' while content on disk has modification time of '2026-01-22T02:57:44.7552463Z'
Number of updated asset objects reloaded before import = 0
Number of asset objects unloaded after import = 0
========================================================================
Received Import Request.
  Time since last request: 0.056889 seconds.
  path: Assets/latency_log.csv
  artifactKey: Guid(c287aee21e7014b44862a86f06873de3) Importer(815301076,1909f56bfc062723c751e8b465ee728b)
Start importing Assets/latency_log.csv using Guid(c287aee21e7014b44862a86f06873de3) Importer(815301076,1909f56bfc062723c751e8b465ee728b) [PhysX] Initialized MultithreadedTaskDispatcher with 20 workers.
 -> (artifact id: '00000000000000000000000000000000') in 0.002413 seconds
Import Error Code:(4)
Message: Build asset version error: assets/latency_log.csv in SourceAssetDB has modification time of '2026-01-22T02:57:13.0160096Z' while content on disk has modification time of '2026-01-22T02:57:44.7552463Z'
  ERROR: Build asset version error: assets/latency_log.csv in SourceAssetDB has modification time of '2026-01-22T02:57:13.0160096Z' while content on disk has modification time of '2026-01-22T02:57:44.7552463Z'
Number of updated asset objects reloaded before import = 0
Number of asset objects unloaded after import = 0
========================================================================
Received Import Request.
  Time since last request: 0.000911 seconds.
  path: Assets/latency_log.csv
  artifactKey: Guid(c287aee21e7014b44862a86f06873de3) Importer(815301076,1909f56bfc062723c751e8b465ee728b)
Start importing Assets/latency_log.csv using Guid(c287aee21e7014b44862a86f06873de3) Importer(815301076,1909f56bfc062723c751e8b465ee728b) [PhysX] Initialized MultithreadedTaskDispatcher with 20 workers.
 -> (artifact id: '00000000000000000000000000000000') in 0.002511 seconds
Import Error Code:(4)
Message: Build asset version error: assets/latency_log.csv in SourceAssetDB has modification time of '2026-01-22T02:57:13.0160096Z' while content on disk has modification time of '2026-01-22T02:57:44.7552463Z'
  ERROR: Build asset version error: assets/latency_log.csv in SourceAssetDB has modification time of '2026-01-22T02:57:13.0160096Z' while content on disk has modification time of '2026-01-22T02:57:44.7552463Z'
Number of updated asset objects reloaded before import = 0
Number of asset objects unloaded after import = 0
========================================================================
Received Import Request.
  Time since last request: 0.051234 seconds.
  path: Assets/latency_log.csv
  artifactKey: Guid(c287aee21e7014b44862a86f06873de3) Importer(815301076,1909f56bfc062723c751e8b465ee728b)
Start importing Assets/latency_log.csv using Guid(c287aee21e7014b44862a86f06873de3) Importer(815301076,1909f56bfc062723c751e8b465ee728b) [PhysX] Initialized MultithreadedTaskDispatcher with 20 workers.
 -> (artifact id: '00000000000000000000000000000000') in 0.002848 seconds
Import Error Code:(4)
Message: Build asset version error: assets/latency_log.csv in SourceAssetDB has modification time of '2026-01-22T02:57:13.0160096Z' while content on disk has modification time of '2026-01-22T02:57:44.7552463Z'
  ERROR: Build asset version error: assets/latency_log.csv in SourceAssetDB has modification time of '2026-01-22T02:57:13.0160096Z' while content on disk has modification time of '2026-01-22T02:57:44.7552463Z'
Number of updated asset objects reloaded before import = 0
Number of asset objects unloaded after import = 0
========================================================================
Received Import Request.
  Time since last request: 0.054638 seconds.
  path: Assets/latency_log.csv
  artifactKey: Guid(c287aee21e7014b44862a86f06873de3) Importer(815301076,1909f56bfc062723c751e8b465ee728b)
Start importing Assets/latency_log.csv using Guid(c287aee21e7014b44862a86f06873de3) Importer(815301076,1909f56bfc062723c751e8b465ee728b) [PhysX] Initialized MultithreadedTaskDispatcher with 20 workers.
 -> (artifact id: '00000000000000000000000000000000') in 0.003815 seconds
Import Error Code:(4)
Message: Build asset version error: assets/latency_log.csv in SourceAssetDB has modification time of '2026-01-22T02:57:13.0160096Z' while content on disk has modification time of '2026-01-22T02:57:44.7552463Z'
  ERROR: Build asset version error: assets/latency_log.csv in SourceAssetDB has modification time of '2026-01-22T02:57:13.0160096Z' while content on disk has modification time of '2026-01-22T02:57:44.7552463Z'
Number of updated asset objects reloaded before import = 0
Number of asset objects unloaded after import = 0
========================================================================
Received Import Request.
  Time since last request: 0.053579 seconds.
  path: Assets/latency_log.csv
  artifactKey: Guid(c287aee21e7014b44862a86f06873de3) Importer(815301076,1909f56bfc062723c751e8b465ee728b)
Start importing Assets/latency_log.csv using Guid(c287aee21e7014b44862a86f06873de3) Importer(815301076,1909f56bfc062723c751e8b465ee728b) [PhysX] Initialized MultithreadedTaskDispatcher with 20 workers.
 -> (artifact id: '00000000000000000000000000000000') in 0.002561 seconds
Import Error Code:(4)
Message: Build asset version error: assets/latency_log.csv in SourceAssetDB has modification time of '2026-01-22T02:57:13.0160096Z' while content on disk has modification time of '2026-01-22T02:57:44.7552463Z'
  ERROR: Build asset version error: assets/latency_log.csv in SourceAssetDB has modification time of '2026-01-22T02:57:13.0160096Z' while content on disk has modification time of '2026-01-22T02:57:44.7552463Z'
Number of updated asset objects reloaded before import = 0
Number of asset objects unloaded after import = 0
========================================================================
Received Import Request.
  Time since last request: 0.056871 seconds.
  path: Assets/latency_log.csv
  artifactKey: Guid(c287aee21e7014b44862a86f06873de3) Importer(815301076,1909f56bfc062723c751e8b465ee728b)
Start importing Assets/latency_log.csv using Guid(c287aee21e7014b44862a86f06873de3) Importer(815301076,1909f56bfc062723c751e8b465ee728b) [PhysX] Initialized MultithreadedTaskDispatcher with 20 workers.
 -> (artifact id: '00000000000000000000000000000000') in 0.003023 seconds
Import Error Code:(4)
Message: Build asset version error: assets/latency_log.csv in SourceAssetDB has modification time of '2026-01-22T02:57:13.0160096Z' while content on disk has modification time of '2026-01-22T02:57:44.7552463Z'
  ERROR: Build asset version error: assets/latency_log.csv in SourceAssetDB has modification time of '2026-01-22T02:57:13.0160096Z' while content on disk has modification time of '2026-01-22T02:57:44.7552463Z'
Number of updated asset objects reloaded before import = 0
Number of asset objects unloaded after import = 0
========================================================================
Received Import Request.
  Time since last request: 0.053637 seconds.
  path: Assets/latency_log.csv
  artifactKey: Guid(c287aee21e7014b44862a86f06873de3) Importer(815301076,1909f56bfc062723c751e8b465ee728b)
Start importing Assets/latency_log.csv using Guid(c287aee21e7014b44862a86f06873de3) Importer(815301076,1909f56bfc062723c751e8b465ee728b) [PhysX] Initialized MultithreadedTaskDispatcher with 20 workers.
 -> (artifact id: '00000000000000000000000000000000') in 0.002941 seconds
Import Error Code:(4)
Message: Build asset version error: assets/latency_log.csv in SourceAssetDB has modification time of '2026-01-22T02:57:13.0160096Z' while content on disk has modification time of '2026-01-22T02:57:44.7552463Z'
  ERROR: Build asset version error: assets/latency_log.csv in SourceAssetDB has modification time of '2026-01-22T02:57:13.0160096Z' while content on disk has modification time of '2026-01-22T02:57:44.7552463Z'
Number of updated asset objects reloaded before import = 0
Number of asset objects unloaded after import = 0
========================================================================
Received Import Request.
  Time since last request: 0.055263 seconds.
  path: Assets/latency_log.csv
  artifactKey: Guid(c287aee21e7014b44862a86f06873de3) Importer(815301076,1909f56bfc062723c751e8b465ee728b)
Start importing Assets/latency_log.csv using Guid(c287aee21e7014b44862a86f06873de3) Importer(815301076,1909f56bfc062723c751e8b465ee728b) [PhysX] Initialized MultithreadedTaskDispatcher with 20 workers.
 -> (artifact id: '00000000000000000000000000000000') in 0.002294 seconds
Import Error Code:(4)
Message: Build asset version error: assets/latency_log.csv in SourceAssetDB has modification time of '2026-01-22T02:57:13.0160096Z' while content on disk has modification time of '2026-01-22T02:57:44.7552463Z'
  ERROR: Build asset version error: assets/latency_log.csv in SourceAssetDB has modification time of '2026-01-22T02:57:13.0160096Z' while content on disk has modification time of '2026-01-22T02:57:44.7552463Z'
Number of updated asset objects reloaded before import = 0
Number of asset objects unloaded after import = 0
========================================================================
Received Import Request.
  Time since last request: 0.054532 seconds.
  path: Assets/latency_log.csv
  artifactKey: Guid(c287aee21e7014b44862a86f06873de3) Importer(815301076,1909f56bfc062723c751e8b465ee728b)
Start importing Assets/latency_log.csv using Guid(c287aee21e7014b44862a86f06873de3) Importer(815301076,1909f56bfc062723c751e8b465ee728b) [PhysX] Initialized MultithreadedTaskDispatcher with 20 workers.
 -> (artifact id: '00000000000000000000000000000000') in 0.003341 seconds
Import Error Code:(4)
Message: Build asset version error: assets/latency_log.csv in SourceAssetDB has modification time of '2026-01-22T02:57:13.0160096Z' while content on disk has modification time of '2026-01-22T02:57:44.7552463Z'
  ERROR: Build asset version error: assets/latency_log.csv in SourceAssetDB has modification time of '2026-01-22T02:57:13.0160096Z' while content on disk has modification time of '2026-01-22T02:57:44.7552463Z'
Number of updated asset objects reloaded before import = 0
Number of asset objects unloaded after import = 0
========================================================================
Received Import Request.
  Time since last request: 0.053955 seconds.
  path: Assets/latency_log.csv
  artifactKey: Guid(c287aee21e7014b44862a86f06873de3) Importer(815301076,1909f56bfc062723c751e8b465ee728b)
Start importing Assets/latency_log.csv using Guid(c287aee21e7014b44862a86f06873de3) Importer(815301076,1909f56bfc062723c751e8b465ee728b) [PhysX] Initialized MultithreadedTaskDispatcher with 20 workers.
 -> (artifact id: '00000000000000000000000000000000') in 0.003203 seconds
Import Error Code:(4)
Message: Build asset version error: assets/latency_log.csv in SourceAssetDB has modification time of '2026-01-22T02:57:13.0160096Z' while content on disk has modification time of '2026-01-22T02:57:44.7552463Z'
  ERROR: Build asset version error: assets/latency_log.csv in SourceAssetDB has modification time of '2026-01-22T02:57:13.0160096Z' while content on disk has modification time of '2026-01-22T02:57:44.7552463Z'
Number of updated asset objects reloaded before import = 0
Number of asset objects unloaded after import = 0
========================================================================
Received Import Request.
  Time since last request: 0.053797 seconds.
  path: Assets/latency_log.csv
  artifactKey: Guid(c287aee21e7014b44862a86f06873de3) Importer(815301076,1909f56bfc062723c751e8b465ee728b)
Start importing Assets/latency_log.csv using Guid(c287aee21e7014b44862a86f06873de3) Importer(815301076,1909f56bfc062723c751e8b465ee728b) [PhysX] Initialized MultithreadedTaskDispatcher with 20 workers.
 -> (artifact id: '00000000000000000000000000000000') in 0.002963 seconds
Import Error Code:(4)
Message: Build asset version error: assets/latency_log.csv in SourceAssetDB has modification time of '2026-01-22T02:57:13.0160096Z' while content on disk has modification time of '2026-01-22T02:57:44.7552463Z'
  ERROR: Build asset version error: assets/latency_log.csv in SourceAssetDB has modification time of '2026-01-22T02:57:13.0160096Z' while content on disk has modification time of '2026-01-22T02:57:44.7552463Z'
Number of updated asset objects reloaded before import = 0
Number of asset objects unloaded after import = 0
========================================================================
Received Import Request.
  Time since last request: 0.054538 seconds.
  path: Assets/latency_log.csv
  artifactKey: Guid(c287aee21e7014b44862a86f06873de3) Importer(815301076,1909f56bfc062723c751e8b465ee728b)
Start importing Assets/latency_log.csv using Guid(c287aee21e7014b44862a86f06873de3) Importer(815301076,1909f56bfc062723c751e8b465ee728b) [PhysX] Initialized MultithreadedTaskDispatcher with 20 workers.
 -> (artifact id: '00000000000000000000000000000000') in 0.002894 seconds
Import Error Code:(4)
Message: Build asset version error: assets/latency_log.csv in SourceAssetDB has modification time of '2026-01-22T02:57:13.0160096Z' while content on disk has modification time of '2026-01-22T02:57:44.7552463Z'
  ERROR: Build asset version error: assets/latency_log.csv in SourceAssetDB has modification time of '2026-01-22T02:57:13.0160096Z' while content on disk has modification time of '2026-01-22T02:57:44.7552463Z'
Number of updated asset objects reloaded before import = 0
Number of asset objects unloaded after import = 0
========================================================================
Received Import Request.
  Time since last request: 0.053095 seconds.
  path: Assets/latency_log.csv
  artifactKey: Guid(c287aee21e7014b44862a86f06873de3) Importer(815301076,1909f56bfc062723c751e8b465ee728b)
Start importing Assets/latency_log.csv using Guid(c287aee21e7014b44862a86f06873de3) Importer(815301076,1909f56bfc062723c751e8b465ee728b) [PhysX] Initialized MultithreadedTaskDispatcher with 20 workers.
 -> (artifact id: '00000000000000000000000000000000') in 0.002510 seconds
Import Error Code:(4)
Message: Build asset version error: assets/latency_log.csv in SourceAssetDB has modification time of '2026-01-22T02:57:13.0160096Z' while content on disk has modification time of '2026-01-22T02:57:44.7552463Z'
  ERROR: Build asset version error: assets/latency_log.csv in SourceAssetDB has modification time of '2026-01-22T02:57:13.0160096Z' while content on disk has modification time of '2026-01-22T02:57:44.7552463Z'
Number of updated asset objects reloaded before import = 0
Number of asset objects unloaded after import = 0
========================================================================
Received Import Request.
  Time since last request: 0.056751 seconds.
  path: Assets/latency_log.csv
  artifactKey: Guid(c287aee21e7014b44862a86f06873de3) Importer(815301076,1909f56bfc062723c751e8b465ee728b)
Start importing Assets/latency_log.csv using Guid(c287aee21e7014b44862a86f06873de3) Importer(815301076,1909f56bfc062723c751e8b465ee728b) [PhysX] Initialized MultithreadedTaskDispatcher with 20 workers.
 -> (artifact id: '00000000000000000000000000000000') in 0.002151 seconds
Import Error Code:(4)
Message: Build asset version error: assets/latency_log.csv in SourceAssetDB has modification time of '2026-01-22T02:57:13.0160096Z' while content on disk has modification time of '2026-01-22T02:57:44.7552463Z'
  ERROR: Build asset version error: assets/latency_log.csv in SourceAssetDB has modification time of '2026-01-22T02:57:13.0160096Z' while content on disk has modification time of '2026-01-22T02:57:44.7552463Z'
Number of updated asset objects reloaded before import = 0
Number of asset objects unloaded after import = 0
========================================================================
Received Import Request.
  Time since last request: 0.053259 seconds.
  path: Assets/latency_log.csv
  artifactKey: Guid(c287aee21e7014b44862a86f06873de3) Importer(815301076,1909f56bfc062723c751e8b465ee728b)
Start importing Assets/latency_log.csv using Guid(c287aee21e7014b44862a86f06873de3) Importer(815301076,1909f56bfc062723c751e8b465ee728b) [PhysX] Initialized MultithreadedTaskDispatcher with 20 workers.
 -> (artifact id: '00000000000000000000000000000000') in 0.001715 seconds
Import Error Code:(4)
Message: Build asset version error: assets/latency_log.csv in SourceAssetDB has modification time of '2026-01-22T02:57:13.0160096Z' while content on disk has modification time of '2026-01-22T02:57:44.7552463Z'
  ERROR: Build asset version error: assets/latency_log.csv in SourceAssetDB has modification time of '2026-01-22T02:57:13.0160096Z' while content on disk has modification time of '2026-01-22T02:57:44.7552463Z'
Number of updated asset objects reloaded before import = 0
Number of asset objects unloaded after import = 0
========================================================================
Received Import Request.
  Time since last request: 0.056381 seconds.
  path: Assets/latency_log.csv
  artifactKey: Guid(c287aee21e7014b44862a86f06873de3) Importer(815301076,1909f56bfc062723c751e8b465ee728b)
Start importing Assets/latency_log.csv using Guid(c287aee21e7014b44862a86f06873de3) Importer(815301076,1909f56bfc062723c751e8b465ee728b) [PhysX] Initialized MultithreadedTaskDispatcher with 20 workers.
 -> (artifact id: '00000000000000000000000000000000') in 0.003019 seconds
Import Error Code:(4)
Message: Build asset version error: assets/latency_log.csv in SourceAssetDB has modification time of '2026-01-22T02:57:13.0160096Z' while content on disk has modification time of '2026-01-22T02:57:44.7552463Z'
  ERROR: Build asset version error: assets/latency_log.csv in SourceAssetDB has modification time of '2026-01-22T02:57:13.0160096Z' while content on disk has modification time of '2026-01-22T02:57:44.7552463Z'
Number of updated asset objects reloaded before import = 0
Number of asset objects unloaded after import = 0
========================================================================
Received Import Request.
  Time since last request: 0.053647 seconds.
  path: Assets/latency_log.csv
  artifactKey: Guid(c287aee21e7014b44862a86f06873de3) Importer(815301076,1909f56bfc062723c751e8b465ee728b)
Start importing Assets/latency_log.csv using Guid(c287aee21e7014b44862a86f06873de3) Importer(815301076,1909f56bfc062723c751e8b465ee728b) [PhysX] Initialized MultithreadedTaskDispatcher with 20 workers.
 -> (artifact id: '00000000000000000000000000000000') in 0.002913 seconds
Import Error Code:(4)
Message: Build asset version error: assets/latency_log.csv in SourceAssetDB has modification time of '2026-01-22T02:57:13.0160096Z' while content on disk has modification time of '2026-01-22T02:57:44.7552463Z'
  ERROR: Build asset version error: assets/latency_log.csv in SourceAssetDB has modification time of '2026-01-22T02:57:13.0160096Z' while content on disk has modification time of '2026-01-22T02:57:44.7552463Z'
Number of updated asset objects reloaded before import = 0
Number of asset objects unloaded after import = 0
========================================================================
Received Import Request.
  Time since last request: 0.055172 seconds.
  path: Assets/latency_log.csv
  artifactKey: Guid(c287aee21e7014b44862a86f06873de3) Importer(815301076,1909f56bfc062723c751e8b465ee728b)
Start importing Assets/latency_log.csv using Guid(c287aee21e7014b44862a86f06873de3) Importer(815301076,1909f56bfc062723c751e8b465ee728b) [PhysX] Initialized MultithreadedTaskDispatcher with 20 workers.
 -> (artifact id: '00000000000000000000000000000000') in 0.002403 seconds
Import Error Code:(4)
Message: Build asset version error: assets/latency_log.csv in SourceAssetDB has modification time of '2026-01-22T02:57:13.0160096Z' while content on disk has modification time of '2026-01-22T02:57:44.7552463Z'
  ERROR: Build asset version error: assets/latency_log.csv in SourceAssetDB has modification time of '2026-01-22T02:57:13.0160096Z' while content on disk has modification time of '2026-01-22T02:57:44.7552463Z'
Number of updated asset objects reloaded before import = 0
Number of asset objects unloaded after import = 0
========================================================================
Received Import Request.
  Time since last request: 0.053048 seconds.
  path: Assets/latency_log.csv
  artifactKey: Guid(c287aee21e7014b44862a86f06873de3) Importer(815301076,1909f56bfc062723c751e8b465ee728b)
Start importing Assets/latency_log.csv using Guid(c287aee21e7014b44862a86f06873de3) Importer(815301076,1909f56bfc062723c751e8b465ee728b) [PhysX] Initialized MultithreadedTaskDispatcher with 20 workers.
 -> (artifact id: '00000000000000000000000000000000') in 0.002290 seconds
Import Error Code:(4)
Message: Build asset version error: assets/latency_log.csv in SourceAssetDB has modification time of '2026-01-22T02:57:13.0160096Z' while content on disk has modification time of '2026-01-22T02:57:44.7552463Z'
  ERROR: Build asset version error: assets/latency_log.csv in SourceAssetDB has modification time of '2026-01-22T02:57:13.0160096Z' while content on disk has modification time of '2026-01-22T02:57:44.7552463Z'
Number of updated asset objects reloaded before import = 0
Number of asset objects unloaded after import = 0
========================================================================
Received Import Request.
  Time since last request: 0.055925 seconds.
  path: Assets/latency_log.csv
  artifactKey: Guid(c287aee21e7014b44862a86f06873de3) Importer(815301076,1909f56bfc062723c751e8b465ee728b)
Start importing Assets/latency_log.csv using Guid(c287aee21e7014b44862a86f06873de3) Importer(815301076,1909f56bfc062723c751e8b465ee728b) [PhysX] Initialized MultithreadedTaskDispatcher with 20 workers.
 -> (artifact id: '00000000000000000000000000000000') in 0.001653 seconds
Import Error Code:(4)
Message: Build asset version error: assets/latency_log.csv in SourceAssetDB has modification time of '2026-01-22T02:57:13.0160096Z' while content on disk has modification time of '2026-01-22T02:57:44.7552463Z'
  ERROR: Build asset version error: assets/latency_log.csv in SourceAssetDB has modification time of '2026-01-22T02:57:13.0160096Z' while content on disk has modification time of '2026-01-22T02:57:44.7552463Z'
Number of updated asset objects reloaded before import = 0
Number of asset objects unloaded after import = 0
========================================================================
Received Import Request.
  Time since last request: 0.054982 seconds.
  path: Assets/latency_log.csv
  artifactKey: Guid(c287aee21e7014b44862a86f06873de3) Importer(815301076,1909f56bfc062723c751e8b465ee728b)
Start importing Assets/latency_log.csv using Guid(c287aee21e7014b44862a86f06873de3) Importer(815301076,1909f56bfc062723c751e8b465ee728b) [PhysX] Initialized MultithreadedTaskDispatcher with 20 workers.
 -> (artifact id: '00000000000000000000000000000000') in 0.002580 seconds
Import Error Code:(4)
Message: Build asset version error: assets/latency_log.csv in SourceAssetDB has modification time of '2026-01-22T02:57:13.0160096Z' while content on disk has modification time of '2026-01-22T02:57:44.7552463Z'
  ERROR: Build asset version error: assets/latency_log.csv in SourceAssetDB has modification time of '2026-01-22T02:57:13.0160096Z' while content on disk has modification time of '2026-01-22T02:57:44.7552463Z'
Number of updated asset objects reloaded before import = 0
Number of asset objects unloaded after import = 0
========================================================================
Received Import Request.
  Time since last request: 0.055875 seconds.
  path: Assets/latency_log.csv
  artifactKey: Guid(c287aee21e7014b44862a86f06873de3) Importer(815301076,1909f56bfc062723c751e8b465ee728b)
Start importing Assets/latency_log.csv using Guid(c287aee21e7014b44862a86f06873de3) Importer(815301076,1909f56bfc062723c751e8b465ee728b) [PhysX] Initialized MultithreadedTaskDispatcher with 20 workers.
 -> (artifact id: '00000000000000000000000000000000') in 0.001865 seconds
Import Error Code:(4)
Message: Build asset version error: assets/latency_log.csv in SourceAssetDB has modification time of '2026-01-22T02:57:13.0160096Z' while content on disk has modification time of '2026-01-22T02:57:44.7552463Z'
  ERROR: Build asset version error: assets/latency_log.csv in SourceAssetDB has modification time of '2026-01-22T02:57:13.0160096Z' while content on disk has modification time of '2026-01-22T02:57:44.7552463Z'
Number of updated asset objects reloaded before import = 0
Number of asset objects unloaded after import = 0
========================================================================
Received Import Request.
  Time since last request: 0.057568 seconds.
  path: Assets/latency_log.csv
  artifactKey: Guid(c287aee21e7014b44862a86f06873de3) Importer(815301076,1909f56bfc062723c751e8b465ee728b)
Start importing Assets/latency_log.csv using Guid(c287aee21e7014b44862a86f06873de3) Importer(815301076,1909f56bfc062723c751e8b465ee728b) [PhysX] Initialized MultithreadedTaskDispatcher with 20 workers.
 -> (artifact id: '00000000000000000000000000000000') in 0.005024 seconds
Import Error Code:(4)
Message: Build asset version error: assets/latency_log.csv in SourceAssetDB has modification time of '2026-01-22T02:57:13.0160096Z' while content on disk has modification time of '2026-01-22T02:57:44.7552463Z'
  ERROR: Build asset version error: assets/latency_log.csv in SourceAssetDB has modification time of '2026-01-22T02:57:13.0160096Z' while content on disk has modification time of '2026-01-22T02:57:44.7552463Z'
Number of updated asset objects reloaded before import = 0
Number of asset objects unloaded after import = 0
========================================================================
Received Import Request.
  Time since last request: 0.054424 seconds.
  path: Assets/latency_log.csv
  artifactKey: Guid(c287aee21e7014b44862a86f06873de3) Importer(815301076,1909f56bfc062723c751e8b465ee728b)
Start importing Assets/latency_log.csv using Guid(c287aee21e7014b44862a86f06873de3) Importer(815301076,1909f56bfc062723c751e8b465ee728b) [PhysX] Initialized MultithreadedTaskDispatcher with 20 workers.
 -> (artifact id: '00000000000000000000000000000000') in 0.002694 seconds
Import Error Code:(4)
Message: Build asset version error: assets/latency_log.csv in SourceAssetDB has modification time of '2026-01-22T02:57:13.0160096Z' while content on disk has modification time of '2026-01-22T02:57:44.7552463Z'
  ERROR: Build asset version error: assets/latency_log.csv in SourceAssetDB has modification time of '2026-01-22T02:57:13.0160096Z' while content on disk has modification time of '2026-01-22T02:57:44.7552463Z'
Number of updated asset objects reloaded before import = 0
Number of asset objects unloaded after import = 0
========================================================================
Received Import Request.
  Time since last request: 0.053667 seconds.
  path: Assets/latency_log.csv
  artifactKey: Guid(c287aee21e7014b44862a86f06873de3) Importer(815301076,1909f56bfc062723c751e8b465ee728b)
Start importing Assets/latency_log.csv using Guid(c287aee21e7014b44862a86f06873de3) Importer(815301076,1909f56bfc062723c751e8b465ee728b) [PhysX] Initialized MultithreadedTaskDispatcher with 20 workers.
 -> (artifact id: '00000000000000000000000000000000') in 0.002267 seconds
Import Error Code:(4)
Message: Build asset version error: assets/latency_log.csv in SourceAssetDB has modification time of '2026-01-22T02:57:13.0160096Z' while content on disk has modification time of '2026-01-22T02:57:44.7552463Z'
  ERROR: Build asset version error: assets/latency_log.csv in SourceAssetDB has modification time of '2026-01-22T02:57:13.0160096Z' while content on disk has modification time of '2026-01-22T02:57:44.7552463Z'
Number of updated asset objects reloaded before import = 0
Number of asset objects unloaded after import = 0
========================================================================
Received Import Request.
  Time since last request: 0.055432 seconds.
  path: Assets/latency_log.csv
  artifactKey: Guid(c287aee21e7014b44862a86f06873de3) Importer(815301076,1909f56bfc062723c751e8b465ee728b)
Start importing Assets/latency_log.csv using Guid(c287aee21e7014b44862a86f06873de3) Importer(815301076,1909f56bfc062723c751e8b465ee728b) [PhysX] Initialized MultithreadedTaskDispatcher with 20 workers.
 -> (artifact id: '00000000000000000000000000000000') in 0.002644 seconds
Import Error Code:(4)
Message: Build asset version error: assets/latency_log.csv in SourceAssetDB has modification time of '2026-01-22T02:57:13.0160096Z' while content on disk has modification time of '2026-01-22T02:57:44.7552463Z'
  ERROR: Build asset version error: assets/latency_log.csv in SourceAssetDB has modification time of '2026-01-22T02:57:13.0160096Z' while content on disk has modification time of '2026-01-22T02:57:44.7552463Z'
Number of updated asset objects reloaded before import = 0
Number of asset objects unloaded after import = 0
========================================================================
Received Import Request.
  Time since last request: 0.053990 seconds.
  path: Assets/latency_log.csv
  artifactKey: Guid(c287aee21e7014b44862a86f06873de3) Importer(815301076,1909f56bfc062723c751e8b465ee728b)
Start importing Assets/latency_log.csv using Guid(c287aee21e7014b44862a86f06873de3) Importer(815301076,1909f56bfc062723c751e8b465ee728b) [PhysX] Initialized MultithreadedTaskDispatcher with 20 workers.
 -> (artifact id: '00000000000000000000000000000000') in 0.001688 seconds
Import Error Code:(4)
Message: Build asset version error: assets/latency_log.csv in SourceAssetDB has modification time of '2026-01-22T02:57:13.0160096Z' while content on disk has modification time of '2026-01-22T02:57:44.7552463Z'
  ERROR: Build asset version error: assets/latency_log.csv in SourceAssetDB has modification time of '2026-01-22T02:57:13.0160096Z' while content on disk has modification time of '2026-01-22T02:57:44.7552463Z'
Number of updated asset objects reloaded before import = 0
Number of asset objects unloaded after import = 0
========================================================================
Received Import Request.
  Time since last request: 0.057127 seconds.
  path: Assets/latency_log.csv
  artifactKey: Guid(c287aee21e7014b44862a86f06873de3) Importer(815301076,1909f56bfc062723c751e8b465ee728b)
Start importing Assets/latency_log.csv using Guid(c287aee21e7014b44862a86f06873de3) Importer(815301076,1909f56bfc062723c751e8b465ee728b) [PhysX] Initialized MultithreadedTaskDispatcher with 20 workers.
 -> (artifact id: '00000000000000000000000000000000') in 0.002476 seconds
Import Error Code:(4)
Message: Build asset version error: assets/latency_log.csv in SourceAssetDB has modification time of '2026-01-22T02:57:13.0160096Z' while content on disk has modification time of '2026-01-22T02:57:44.7552463Z'
  ERROR: Build asset version error: assets/latency_log.csv in SourceAssetDB has modification time of '2026-01-22T02:57:13.0160096Z' while content on disk has modification time of '2026-01-22T02:57:44.7552463Z'
Number of updated asset objects reloaded before import = 0
Number of asset objects unloaded after import = 0
========================================================================
Received Import Request.
  Time since last request: 0.056870 seconds.
  path: Assets/latency_log.csv
  artifactKey: Guid(c287aee21e7014b44862a86f06873de3) Importer(815301076,1909f56bfc062723c751e8b465ee728b)
Start importing Assets/latency_log.csv using Guid(c287aee21e7014b44862a86f06873de3) Importer(815301076,1909f56bfc062723c751e8b465ee728b) [PhysX] Initialized MultithreadedTaskDispatcher with 20 workers.
 -> (artifact id: '00000000000000000000000000000000') in 0.002909 seconds
Import Error Code:(4)
Message: Build asset version error: assets/latency_log.csv in SourceAssetDB has modification time of '2026-01-22T02:57:13.0160096Z' while content on disk has modification time of '2026-01-22T02:57:44.7552463Z'
  ERROR: Build asset version error: assets/latency_log.csv in SourceAssetDB has modification time of '2026-01-22T02:57:13.0160096Z' while content on disk has modification time of '2026-01-22T02:57:44.7552463Z'
Number of updated asset objects reloaded before import = 0
Number of asset objects unloaded after import = 0
========================================================================
Received Import Request.
  Time since last request: 0.052800 seconds.
  path: Assets/latency_log.csv
  artifactKey: Guid(c287aee21e7014b44862a86f06873de3) Importer(815301076,1909f56bfc062723c751e8b465ee728b)
Start importing Assets/latency_log.csv using Guid(c287aee21e7014b44862a86f06873de3) Importer(815301076,1909f56bfc062723c751e8b465ee728b) [PhysX] Initialized MultithreadedTaskDispatcher with 20 workers.
 -> (artifact id: '00000000000000000000000000000000') in 0.003079 seconds
Import Error Code:(4)
Message: Build asset version error: assets/latency_log.csv in SourceAssetDB has modification time of '2026-01-22T02:57:13.0160096Z' while content on disk has modification time of '2026-01-22T02:57:44.7552463Z'
  ERROR: Build asset version error: assets/latency_log.csv in SourceAssetDB has modification time of '2026-01-22T02:57:13.0160096Z' while content on disk has modification time of '2026-01-22T02:57:44.7552463Z'
Number of updated asset objects reloaded before import = 0
Number of asset objects unloaded after import = 0
========================================================================
Received Import Request.
  Time since last request: 0.068445 seconds.
  path: Assets/latency_log.csv
  artifactKey: Guid(c287aee21e7014b44862a86f06873de3) Importer(815301076,1909f56bfc062723c751e8b465ee728b)
Start importing Assets/latency_log.csv using Guid(c287aee21e7014b44862a86f06873de3) Importer(815301076,1909f56bfc062723c751e8b465ee728b) [PhysX] Initialized MultithreadedTaskDispatcher with 20 workers.
 -> (artifact id: '00000000000000000000000000000000') in 0.003251 seconds
Import Error Code:(4)
Message: Build asset version error: assets/latency_log.csv in SourceAssetDB has modification time of '2026-01-22T02:57:13.0160096Z' while content on disk has modification time of '2026-01-22T02:57:44.7552463Z'
  ERROR: Build asset version error: assets/latency_log.csv in SourceAssetDB has modification time of '2026-01-22T02:57:13.0160096Z' while content on disk has modification time of '2026-01-22T02:57:44.7552463Z'
Number of updated asset objects reloaded before import = 0
Number of asset objects unloaded after import = 0
========================================================================
Received Import Request.
  Time since last request: 0.053544 seconds.
  path: Assets/latency_log.csv
  artifactKey: Guid(c287aee21e7014b44862a86f06873de3) Importer(815301076,1909f56bfc062723c751e8b465ee728b)
Start importing Assets/latency_log.csv using Guid(c287aee21e7014b44862a86f06873de3) Importer(815301076,1909f56bfc062723c751e8b465ee728b) [PhysX] Initialized MultithreadedTaskDispatcher with 20 workers.
 -> (artifact id: '00000000000000000000000000000000') in 0.002371 seconds
Import Error Code:(4)
Message: Build asset version error: assets/latency_log.csv in SourceAssetDB has modification time of '2026-01-22T02:57:13.0160096Z' while content on disk has modification time of '2026-01-22T02:57:44.7552463Z'
  ERROR: Build asset version error: assets/latency_log.csv in SourceAssetDB has modification time of '2026-01-22T02:57:13.0160096Z' while content on disk has modification time of '2026-01-22T02:57:44.7552463Z'
Number of updated asset objects reloaded before import = 0
Number of asset objects unloaded after import = 0
========================================================================
Received Import Request.
  Time since last request: 0.056019 seconds.
  path: Assets/latency_log.csv
  artifactKey: Guid(c287aee21e7014b44862a86f06873de3) Importer(815301076,1909f56bfc062723c751e8b465ee728b)
Start importing Assets/latency_log.csv using Guid(c287aee21e7014b44862a86f06873de3) Importer(815301076,1909f56bfc062723c751e8b465ee728b) [PhysX] Initialized MultithreadedTaskDispatcher with 20 workers.
 -> (artifact id: '00000000000000000000000000000000') in 0.003383 seconds
Import Error Code:(4)
Message: Build asset version error: assets/latency_log.csv in SourceAssetDB has modification time of '2026-01-22T02:57:13.0160096Z' while content on disk has modification time of '2026-01-22T02:57:44.7552463Z'
  ERROR: Build asset version error: assets/latency_log.csv in SourceAssetDB has modification time of '2026-01-22T02:57:13.0160096Z' while content on disk has modification time of '2026-01-22T02:57:44.7552463Z'
Number of updated asset objects reloaded before import = 0
Number of asset objects unloaded after import = 0
========================================================================
Received Import Request.
  Time since last request: 0.053162 seconds.
  path: Assets/latency_log.csv
  artifactKey: Guid(c287aee21e7014b44862a86f06873de3) Importer(815301076,1909f56bfc062723c751e8b465ee728b)
Start importing Assets/latency_log.csv using Guid(c287aee21e7014b44862a86f06873de3) Importer(815301076,1909f56bfc062723c751e8b465ee728b) [PhysX] Initialized MultithreadedTaskDispatcher with 20 workers.
 -> (artifact id: '00000000000000000000000000000000') in 0.001523 seconds
Import Error Code:(4)
Message: Build asset version error: assets/latency_log.csv in SourceAssetDB has modification time of '2026-01-22T02:57:13.0160096Z' while content on disk has modification time of '2026-01-22T02:57:44.7552463Z'
  ERROR: Build asset version error: assets/latency_log.csv in SourceAssetDB has modification time of '2026-01-22T02:57:13.0160096Z' while content on disk has modification time of '2026-01-22T02:57:44.7552463Z'
Number of updated asset objects reloaded before import = 0
Number of asset objects unloaded after import = 0
========================================================================
Received Import Request.
  Time since last request: 0.055855 seconds.
  path: Assets/latency_log.csv
  artifactKey: Guid(c287aee21e7014b44862a86f06873de3) Importer(815301076,1909f56bfc062723c751e8b465ee728b)
Start importing Assets/latency_log.csv using Guid(c287aee21e7014b44862a86f06873de3) Importer(815301076,1909f56bfc062723c751e8b465ee728b) [PhysX] Initialized MultithreadedTaskDispatcher with 20 workers.
 -> (artifact id: '00000000000000000000000000000000') in 0.002528 seconds
Import Error Code:(4)
Message: Build asset version error: assets/latency_log.csv in SourceAssetDB has modification time of '2026-01-22T02:57:13.0160096Z' while content on disk has modification time of '2026-01-22T02:57:44.7552463Z'
  ERROR: Build asset version error: assets/latency_log.csv in SourceAssetDB has modification time of '2026-01-22T02:57:13.0160096Z' while content on disk has modification time of '2026-01-22T02:57:44.7552463Z'
Number of updated asset objects reloaded before import = 0
Number of asset objects unloaded after import = 0
========================================================================
Received Import Request.
  Time since last request: 0.055144 seconds.
  path: Assets/latency_log.csv
  artifactKey: Guid(c287aee21e7014b44862a86f06873de3) Importer(815301076,1909f56bfc062723c751e8b465ee728b)
Start importing Assets/latency_log.csv using Guid(c287aee21e7014b44862a86f06873de3) Importer(815301076,1909f56bfc062723c751e8b465ee728b) [PhysX] Initialized MultithreadedTaskDispatcher with 20 workers.
 -> (artifact id: '00000000000000000000000000000000') in 0.002704 seconds
Import Error Code:(4)
Message: Build asset version error: assets/latency_log.csv in SourceAssetDB has modification time of '2026-01-22T02:57:13.0160096Z' while content on disk has modification time of '2026-01-22T02:57:44.7552463Z'
  ERROR: Build asset version error: assets/latency_log.csv in SourceAssetDB has modification time of '2026-01-22T02:57:13.0160096Z' while content on disk has modification time of '2026-01-22T02:57:44.7552463Z'
Number of updated asset objects reloaded before import = 0
Number of asset objects unloaded after import = 0
========================================================================
Received Import Request.
  Time since last request: 0.054059 seconds.
  path: Assets/latency_log.csv
  artifactKey: Guid(c287aee21e7014b44862a86f06873de3) Importer(815301076,1909f56bfc062723c751e8b465ee728b)
Start importing Assets/latency_log.csv using Guid(c287aee21e7014b44862a86f06873de3) Importer(815301076,1909f56bfc062723c751e8b465ee728b) [PhysX] Initialized MultithreadedTaskDispatcher with 20 workers.
 -> (artifact id: '00000000000000000000000000000000') in 0.002090 seconds
Import Error Code:(4)
Message: Build asset version error: assets/latency_log.csv in SourceAssetDB has modification time of '2026-01-22T02:57:13.0160096Z' while content on disk has modification time of '2026-01-22T02:57:44.7552463Z'
  ERROR: Build asset version error: assets/latency_log.csv in SourceAssetDB has modification time of '2026-01-22T02:57:13.0160096Z' while content on disk has modification time of '2026-01-22T02:57:44.7552463Z'
Number of updated asset objects reloaded before import = 0
Number of asset objects unloaded after import = 0
========================================================================
Received Import Request.
  Time since last request: 0.131150 seconds.
  path: Assets/latency_log.csv
  artifactKey: Guid(c287aee21e7014b44862a86f06873de3) Importer(815301076,1909f56bfc062723c751e8b465ee728b)
Start importing Assets/latency_log.csv using Guid(c287aee21e7014b44862a86f06873de3) Importer(815301076,1909f56bfc062723c751e8b465ee728b) [PhysX] Initialized MultithreadedTaskDispatcher with 20 workers.
 -> (artifact id: '4ac47c8e1dc7415c0c6a5f15c92ea7f0') in 0.001407 seconds
Number of updated asset objects reloaded before import = 0
Number of asset objects unloaded after import = 1
========================================================================
Received Import Request.
  Time since last request: 16.147060 seconds.
  path: Assets/hand_recording.json
  artifactKey: Guid(1648982fab729f64ba373628dce343c1) Importer(815301076,1909f56bfc062723c751e8b465ee728b)
Start importing Assets/hand_recording.json using Guid(1648982fab729f64ba373628dce343c1) Importer(815301076,1909f56bfc062723c751e8b465ee728b) [PhysX] Initialized MultithreadedTaskDispatcher with 20 workers.
 -> (artifact id: '00000000000000000000000000000000') in 0.002229 seconds
Import Error Code:(4)
Message: Build asset version error: assets/hand_recording.json in SourceAssetDB has modification time of '2026-01-22T02:57:57.9315501Z' while content on disk has modification time of '2026-01-22T02:58:25.2516622Z'
  ERROR: Build asset version error: assets/hand_recording.json in SourceAssetDB has modification time of '2026-01-22T02:57:57.9315501Z' while content on disk has modification time of '2026-01-22T02:58:25.2516622Z'
Number of updated asset objects reloaded before import = 0
Number of asset objects unloaded after import = 0
========================================================================
Received Import Request.
  Time since last request: 0.003051 seconds.
  path: Assets/hand_recording.json
  artifactKey: Guid(1648982fab729f64ba373628dce343c1) Importer(815301076,1909f56bfc062723c751e8b465ee728b)
Start importing Assets/hand_recording.json using Guid(1648982fab729f64ba373628dce343c1) Importer(815301076,1909f56bfc062723c751e8b465ee728b) [PhysX] Initialized MultithreadedTaskDispatcher with 20 workers.
 -> (artifact id: '00000000000000000000000000000000') in 0.002078 seconds
Import Error Code:(4)
Message: Build asset version error: assets/hand_recording.json in SourceAssetDB has modification time of '2026-01-22T02:57:57.9315501Z' while content on disk has modification time of '2026-01-22T02:58:25.2516622Z'
  ERROR: Build asset version error: assets/hand_recording.json in SourceAssetDB has modification time of '2026-01-22T02:57:57.9315501Z' while content on disk has modification time of '2026-01-22T02:58:25.2516622Z'
Number of updated asset objects reloaded before import = 0
Number of asset objects unloaded after import = 0
========================================================================
Received Import Request.
  Time since last request: 0.002945 seconds.
  path: Assets/hand_recording.json
  artifactKey: Guid(1648982fab729f64ba373628dce343c1) Importer(815301076,1909f56bfc062723c751e8b465ee728b)
Start importing Assets/hand_recording.json using Guid(1648982fab729f64ba373628dce343c1) Importer(815301076,1909f56bfc062723c751e8b465ee728b) [PhysX] Initialized MultithreadedTaskDispatcher with 20 workers.
 -> (artifact id: '00000000000000000000000000000000') in 0.001709 seconds
Import Error Code:(4)
Message: Build asset version error: assets/hand_recording.json in SourceAssetDB has modification time of '2026-01-22T02:57:57.9315501Z' while content on disk has modification time of '2026-01-22T02:58:25.2516622Z'
  ERROR: Build asset version error: assets/hand_recording.json in SourceAssetDB has modification time of '2026-01-22T02:57:57.9315501Z' while content on disk has modification time of '2026-01-22T02:58:25.2516622Z'
Number of updated asset objects reloaded before import = 0
Number of asset objects unloaded after import = 0
========================================================================
Received Import Request.
  Time since last request: 0.001531 seconds.
  path: Assets/hand_recording.json
  artifactKey: Guid(1648982fab729f64ba373628dce343c1) Importer(815301076,1909f56bfc062723c751e8b465ee728b)
Start importing Assets/hand_recording.json using Guid(1648982fab729f64ba373628dce343c1) Importer(815301076,1909f56bfc062723c751e8b465ee728b) [PhysX] Initialized MultithreadedTaskDispatcher with 20 workers.
 -> (artifact id: '00000000000000000000000000000000') in 0.001745 seconds
Import Error Code:(4)
Message: Build asset version error: assets/hand_recording.json in SourceAssetDB has modification time of '2026-01-22T02:57:57.9315501Z' while content on disk has modification time of '2026-01-22T02:58:25.2516622Z'
  ERROR: Build asset version error: assets/hand_recording.json in SourceAssetDB has modification time of '2026-01-22T02:57:57.9315501Z' while content on disk has modification time of '2026-01-22T02:58:25.2516622Z'
Number of updated asset objects reloaded before import = 0
Number of asset objects unloaded after import = 0
========================================================================
Received Import Request.
  Time since last request: 0.010993 seconds.
  path: Assets/hand_recording.json
  artifactKey: Guid(1648982fab729f64ba373628dce343c1) Importer(815301076,1909f56bfc062723c751e8b465ee728b)
Start importing Assets/hand_recording.json using Guid(1648982fab729f64ba373628dce343c1) Importer(815301076,1909f56bfc062723c751e8b465ee728b) [PhysX] Initialized MultithreadedTaskDispatcher with 20 workers.
 -> (artifact id: '00000000000000000000000000000000') in 0.001868 seconds
Import Error Code:(4)
Message: Build asset version error: assets/hand_recording.json in SourceAssetDB has modification time of '2026-01-22T02:57:57.9315501Z' while content on disk has modification time of '2026-01-22T02:58:25.2516622Z'
  ERROR: Build asset version error: assets/hand_recording.json in SourceAssetDB has modification time of '2026-01-22T02:57:57.9315501Z' while content on disk has modification time of '2026-01-22T02:58:25.2516622Z'
Number of updated asset objects reloaded before import = 0
Number of asset objects unloaded after import = 0
========================================================================
Received Import Request.
  Time since last request: 0.034862 seconds.
  path: Assets/hand_recording.json
  artifactKey: Guid(1648982fab729f64ba373628dce343c1) Importer(815301076,1909f56bfc062723c751e8b465ee728b)
Start importing Assets/hand_recording.json using Guid(1648982fab729f64ba373628dce343c1) Importer(815301076,1909f56bfc062723c751e8b465ee728b) [PhysX] Initialized MultithreadedTaskDispatcher with 20 workers.
 -> (artifact id: '00000000000000000000000000000000') in 0.002200 seconds
Import Error Code:(4)
Message: Build asset version error: assets/hand_recording.json in SourceAssetDB has modification time of '2026-01-22T02:57:57.9315501Z' while content on disk has modification time of '2026-01-22T02:58:25.2516622Z'
  ERROR: Build asset version error: assets/hand_recording.json in SourceAssetDB has modification time of '2026-01-22T02:57:57.9315501Z' while content on disk has modification time of '2026-01-22T02:58:25.2516622Z'
Number of updated asset objects reloaded before import = 0
Number of asset objects unloaded after import = 0
========================================================================
Received Import Request.
  Time since last request: 0.054607 seconds.
  path: Assets/hand_recording.json
  artifactKey: Guid(1648982fab729f64ba373628dce343c1) Importer(815301076,1909f56bfc062723c751e8b465ee728b)
Start importing Assets/hand_recording.json using Guid(1648982fab729f64ba373628dce343c1) Importer(815301076,1909f56bfc062723c751e8b465ee728b) [PhysX] Initialized MultithreadedTaskDispatcher with 20 workers.
 -> (artifact id: '00000000000000000000000000000000') in 0.002057 seconds
Import Error Code:(4)
Message: Build asset version error: assets/hand_recording.json in SourceAssetDB has modification time of '2026-01-22T02:57:57.9315501Z' while content on disk has modification time of '2026-01-22T02:58:25.2516622Z'
  ERROR: Build asset version error: assets/hand_recording.json in SourceAssetDB has modification time of '2026-01-22T02:57:57.9315501Z' while content on disk has modification time of '2026-01-22T02:58:25.2516622Z'
Number of updated asset objects reloaded before import = 0
Number of asset objects unloaded after import = 0
========================================================================
Received Import Request.
  Time since last request: 0.055335 seconds.
  path: Assets/hand_recording.json
  artifactKey: Guid(1648982fab729f64ba373628dce343c1) Importer(815301076,1909f56bfc062723c751e8b465ee728b)
Start importing Assets/hand_recording.json using Guid(1648982fab729f64ba373628dce343c1) Importer(815301076,1909f56bfc062723c751e8b465ee728b) [PhysX] Initialized MultithreadedTaskDispatcher with 20 workers.
 -> (artifact id: '00000000000000000000000000000000') in 0.002047 seconds
Import Error Code:(4)
Message: Build asset version error: assets/hand_recording.json in SourceAssetDB has modification time of '2026-01-22T02:57:57.9315501Z' while content on disk has modification time of '2026-01-22T02:58:25.2516622Z'
  ERROR: Build asset version error: assets/hand_recording.json in SourceAssetDB has modification time of '2026-01-22T02:57:57.9315501Z' while content on disk has modification time of '2026-01-22T02:58:25.2516622Z'
Number of updated asset objects reloaded before import = 0
Number of asset objects unloaded after import = 0
========================================================================
Received Import Request.
  Time since last request: 0.056177 seconds.
  path: Assets/hand_recording.json
  artifactKey: Guid(1648982fab729f64ba373628dce343c1) Importer(815301076,1909f56bfc062723c751e8b465ee728b)
Start importing Assets/hand_recording.json using Guid(1648982fab729f64ba373628dce343c1) Importer(815301076,1909f56bfc062723c751e8b465ee728b) [PhysX] Initialized MultithreadedTaskDispatcher with 20 workers.
 -> (artifact id: '00000000000000000000000000000000') in 0.002677 seconds
Import Error Code:(4)
Message: Build asset version error: assets/hand_recording.json in SourceAssetDB has modification time of '2026-01-22T02:57:57.9315501Z' while content on disk has modification time of '2026-01-22T02:58:25.2516622Z'
  ERROR: Build asset version error: assets/hand_recording.json in SourceAssetDB has modification time of '2026-01-22T02:57:57.9315501Z' while content on disk has modification time of '2026-01-22T02:58:25.2516622Z'
Number of updated asset objects reloaded before import = 0
Number of asset objects unloaded after import = 0
========================================================================
Received Import Request.
  Time since last request: 0.054076 seconds.
  path: Assets/hand_recording.json
  artifactKey: Guid(1648982fab729f64ba373628dce343c1) Importer(815301076,1909f56bfc062723c751e8b465ee728b)
Start importing Assets/hand_recording.json using Guid(1648982fab729f64ba373628dce343c1) Importer(815301076,1909f56bfc062723c751e8b465ee728b) [PhysX] Initialized MultithreadedTaskDispatcher with 20 workers.
 -> (artifact id: '00000000000000000000000000000000') in 0.002481 seconds
Import Error Code:(4)
Message: Build asset version error: assets/hand_recording.json in SourceAssetDB has modification time of '2026-01-22T02:57:57.9315501Z' while content on disk has modification time of '2026-01-22T02:58:25.2516622Z'
  ERROR: Build asset version error: assets/hand_recording.json in SourceAssetDB has modification time of '2026-01-22T02:57:57.9315501Z' while content on disk has modification time of '2026-01-22T02:58:25.2516622Z'
Number of updated asset objects reloaded before import = 0
Number of asset objects unloaded after import = 0
========================================================================
Received Import Request.
  Time since last request: 0.057656 seconds.
  path: Assets/hand_recording.json
  artifactKey: Guid(1648982fab729f64ba373628dce343c1) Importer(815301076,1909f56bfc062723c751e8b465ee728b)
Start importing Assets/hand_recording.json using Guid(1648982fab729f64ba373628dce343c1) Importer(815301076,1909f56bfc062723c751e8b465ee728b) [PhysX] Initialized MultithreadedTaskDispatcher with 20 workers.
 -> (artifact id: '00000000000000000000000000000000') in 0.002746 seconds
Import Error Code:(4)
Message: Build asset version error: assets/hand_recording.json in SourceAssetDB has modification time of '2026-01-22T02:57:57.9315501Z' while content on disk has modification time of '2026-01-22T02:58:25.2516622Z'
  ERROR: Build asset version error: assets/hand_recording.json in SourceAssetDB has modification time of '2026-01-22T02:57:57.9315501Z' while content on disk has modification time of '2026-01-22T02:58:25.2516622Z'
Number of updated asset objects reloaded before import = 0
Number of asset objects unloaded after import = 0
========================================================================
Received Import Request.
  Time since last request: 0.054474 seconds.
  path: Assets/hand_recording.json
  artifactKey: Guid(1648982fab729f64ba373628dce343c1) Importer(815301076,1909f56bfc062723c751e8b465ee728b)
Start importing Assets/hand_recording.json using Guid(1648982fab729f64ba373628dce343c1) Importer(815301076,1909f56bfc062723c751e8b465ee728b) [PhysX] Initialized MultithreadedTaskDispatcher with 20 workers.
 -> (artifact id: '00000000000000000000000000000000') in 0.002245 seconds
Import Error Code:(4)
Message: Build asset version error: assets/hand_recording.json in SourceAssetDB has modification time of '2026-01-22T02:57:57.9315501Z' while content on disk has modification time of '2026-01-22T02:58:25.2516622Z'
  ERROR: Build asset version error: assets/hand_recording.json in SourceAssetDB has modification time of '2026-01-22T02:57:57.9315501Z' while content on disk has modification time of '2026-01-22T02:58:25.2516622Z'
Number of updated asset objects reloaded before import = 0
Number of asset objects unloaded after import = 0
========================================================================
Received Import Request.
  Time since last request: 0.056196 seconds.
  path: Assets/hand_recording.json
  artifactKey: Guid(1648982fab729f64ba373628dce343c1) Importer(815301076,1909f56bfc062723c751e8b465ee728b)
Start importing Assets/hand_recording.json using Guid(1648982fab729f64ba373628dce343c1) Importer(815301076,1909f56bfc062723c751e8b465ee728b) [PhysX] Initialized MultithreadedTaskDispatcher with 20 workers.
 -> (artifact id: '00000000000000000000000000000000') in 0.001917 seconds
Import Error Code:(4)
Message: Build asset version error: assets/hand_recording.json in SourceAssetDB has modification time of '2026-01-22T02:57:57.9315501Z' while content on disk has modification time of '2026-01-22T02:58:25.2516622Z'
  ERROR: Build asset version error: assets/hand_recording.json in SourceAssetDB has modification time of '2026-01-22T02:57:57.9315501Z' while content on disk has modification time of '2026-01-22T02:58:25.2516622Z'
Number of updated asset objects reloaded before import = 0
Number of asset objects unloaded after import = 0
========================================================================
Received Import Request.
  Time since last request: 1.664473 seconds.
  path: Assets/hand_recording.json
  artifactKey: Guid(1648982fab729f64ba373628dce343c1) Importer(815301076,1909f56bfc062723c751e8b465ee728b)
Start importing Assets/hand_recording.json using Guid(1648982fab729f64ba373628dce343c1) Importer(815301076,1909f56bfc062723c751e8b465ee728b) [PhysX] Initialized MultithreadedTaskDispatcher with 20 workers.
 -> (artifact id: '00000000000000000000000000000000') in 0.002788 seconds
Import Error Code:(4)
Message: Build asset version error: assets/hand_recording.json in SourceAssetDB has modification time of '2026-01-22T02:57:57.9315501Z' while content on disk has modification time of '2026-01-22T02:58:25.2516622Z'
  ERROR: Build asset version error: assets/hand_recording.json in SourceAssetDB has modification time of '2026-01-22T02:57:57.9315501Z' while content on disk has modification time of '2026-01-22T02:58:25.2516622Z'
Number of updated asset objects reloaded before import = 0
Number of asset objects unloaded after import = 0
========================================================================
Received Import Request.
  Time since last request: 0.002264 seconds.
  path: Assets/hand_recording.json
  artifactKey: Guid(1648982fab729f64ba373628dce343c1) Importer(815301076,1909f56bfc062723c751e8b465ee728b)
Start importing Assets/hand_recording.json using Guid(1648982fab729f64ba373628dce343c1) Importer(815301076,1909f56bfc062723c751e8b465ee728b) [PhysX] Initialized MultithreadedTaskDispatcher with 20 workers.
 -> (artifact id: '00000000000000000000000000000000') in 0.001764 seconds
Import Error Code:(4)
Message: Build asset version error: assets/hand_recording.json in SourceAssetDB has modification time of '2026-01-22T02:57:57.9315501Z' while content on disk has modification time of '2026-01-22T02:58:25.2516622Z'
  ERROR: Build asset version error: assets/hand_recording.json in SourceAssetDB has modification time of '2026-01-22T02:57:57.9315501Z' while content on disk has modification time of '2026-01-22T02:58:25.2516622Z'
Number of updated asset objects reloaded before import = 0
Number of asset objects unloaded after import = 0
========================================================================
Received Import Request.
  Time since last request: 0.003222 seconds.
  path: Assets/hand_recording.json
  artifactKey: Guid(1648982fab729f64ba373628dce343c1) Importer(815301076,1909f56bfc062723c751e8b465ee728b)
Start importing Assets/hand_recording.json using Guid(1648982fab729f64ba373628dce343c1) Importer(815301076,1909f56bfc062723c751e8b465ee728b) [PhysX] Initialized MultithreadedTaskDispatcher with 20 workers.
 -> (artifact id: '00000000000000000000000000000000') in 0.002089 seconds
Import Error Code:(4)
Message: Build asset version error: assets/hand_recording.json in SourceAssetDB has modification time of '2026-01-22T02:57:57.9315501Z' while content on disk has modification time of '2026-01-22T02:58:25.2516622Z'
  ERROR: Build asset version error: assets/hand_recording.json in SourceAssetDB has modification time of '2026-01-22T02:57:57.9315501Z' while content on disk has modification time of '2026-01-22T02:58:25.2516622Z'
Number of updated asset objects reloaded before import = 0
Number of asset objects unloaded after import = 0
========================================================================
Received Import Request.
  Time since last request: 0.013558 seconds.
  path: Assets/hand_recording.json
  artifactKey: Guid(1648982fab729f64ba373628dce343c1) Importer(815301076,1909f56bfc062723c751e8b465ee728b)
Start importing Assets/hand_recording.json using Guid(1648982fab729f64ba373628dce343c1) Importer(815301076,1909f56bfc062723c751e8b465ee728b) [PhysX] Initialized MultithreadedTaskDispatcher with 20 workers.
 -> (artifact id: '00000000000000000000000000000000') in 0.001998 seconds
Import Error Code:(4)
Message: Build asset version error: assets/hand_recording.json in SourceAssetDB has modification time of '2026-01-22T02:57:57.9315501Z' while content on disk has modification time of '2026-01-22T02:58:25.2516622Z'
  ERROR: Build asset version error: assets/hand_recording.json in SourceAssetDB has modification time of '2026-01-22T02:57:57.9315501Z' while content on disk has modification time of '2026-01-22T02:58:25.2516622Z'
Number of updated asset objects reloaded before import = 0
Number of asset objects unloaded after import = 0
========================================================================
Received Import Request.
  Time since last request: 0.032725 seconds.
  path: Assets/hand_recording.json
  artifactKey: Guid(1648982fab729f64ba373628dce343c1) Importer(815301076,1909f56bfc062723c751e8b465ee728b)
Start importing Assets/hand_recording.json using Guid(1648982fab729f64ba373628dce343c1) Importer(815301076,1909f56bfc062723c751e8b465ee728b) [PhysX] Initialized MultithreadedTaskDispatcher with 20 workers.
 -> (artifact id: '00000000000000000000000000000000') in 0.001885 seconds
Import Error Code:(4)
Message: Build asset version error: assets/hand_recording.json in SourceAssetDB has modification time of '2026-01-22T02:57:57.9315501Z' while content on disk has modification time of '2026-01-22T02:58:25.2516622Z'
  ERROR: Build asset version error: assets/hand_recording.json in SourceAssetDB has modification time of '2026-01-22T02:57:57.9315501Z' while content on disk has modification time of '2026-01-22T02:58:25.2516622Z'
Number of updated asset objects reloaded before import = 0
Number of asset objects unloaded after import = 0
========================================================================
Received Import Request.
  Time since last request: 0.057378 seconds.
  path: Assets/hand_recording.json
  artifactKey: Guid(1648982fab729f64ba373628dce343c1) Importer(815301076,1909f56bfc062723c751e8b465ee728b)
Start importing Assets/hand_recording.json using Guid(1648982fab729f64ba373628dce343c1) Importer(815301076,1909f56bfc062723c751e8b465ee728b) [PhysX] Initialized MultithreadedTaskDispatcher with 20 workers.
 -> (artifact id: '00000000000000000000000000000000') in 0.001971 seconds
Import Error Code:(4)
Message: Build asset version error: assets/hand_recording.json in SourceAssetDB has modification time of '2026-01-22T02:57:57.9315501Z' while content on disk has modification time of '2026-01-22T02:58:25.2516622Z'
  ERROR: Build asset version error: assets/hand_recording.json in SourceAssetDB has modification time of '2026-01-22T02:57:57.9315501Z' while content on disk has modification time of '2026-01-22T02:58:25.2516622Z'
Number of updated asset objects reloaded before import = 0
Number of asset objects unloaded after import = 0
========================================================================
Received Import Request.
  Time since last request: 0.057085 seconds.
  path: Assets/hand_recording.json
  artifactKey: Guid(1648982fab729f64ba373628dce343c1) Importer(815301076,1909f56bfc062723c751e8b465ee728b)
Start importing Assets/hand_recording.json using Guid(1648982fab729f64ba373628dce343c1) Importer(815301076,1909f56bfc062723c751e8b465ee728b) [PhysX] Initialized MultithreadedTaskDispatcher with 20 workers.
 -> (artifact id: '00000000000000000000000000000000') in 0.003175 seconds
Import Error Code:(4)
Message: Build asset version error: assets/hand_recording.json in SourceAssetDB has modification time of '2026-01-22T02:57:57.9315501Z' while content on disk has modification time of '2026-01-22T02:58:25.2516622Z'
  ERROR: Build asset version error: assets/hand_recording.json in SourceAssetDB has modification time of '2026-01-22T02:57:57.9315501Z' while content on disk has modification time of '2026-01-22T02:58:25.2516622Z'
Number of updated asset objects reloaded before import = 0
Number of asset objects unloaded after import = 0
========================================================================
Received Import Request.
  Time since last request: 0.054428 seconds.
  path: Assets/hand_recording.json
  artifactKey: Guid(1648982fab729f64ba373628dce343c1) Importer(815301076,1909f56bfc062723c751e8b465ee728b)
Start importing Assets/hand_recording.json using Guid(1648982fab729f64ba373628dce343c1) Importer(815301076,1909f56bfc062723c751e8b465ee728b) [PhysX] Initialized MultithreadedTaskDispatcher with 20 workers.
 -> (artifact id: '00000000000000000000000000000000') in 0.002014 seconds
Import Error Code:(4)
Message: Build asset version error: assets/hand_recording.json in SourceAssetDB has modification time of '2026-01-22T02:57:57.9315501Z' while content on disk has modification time of '2026-01-22T02:58:25.2516622Z'
  ERROR: Build asset version error: assets/hand_recording.json in SourceAssetDB has modification time of '2026-01-22T02:57:57.9315501Z' while content on disk has modification time of '2026-01-22T02:58:25.2516622Z'
Number of updated asset objects reloaded before import = 0
Number of asset objects unloaded after import = 0
========================================================================
Received Import Request.
  Time since last request: 0.002537 seconds.
  path: Assets/hand_recording.json
  artifactKey: Guid(1648982fab729f64ba373628dce343c1) Importer(815301076,1909f56bfc062723c751e8b465ee728b)
Start importing Assets/hand_recording.json using Guid(1648982fab729f64ba373628dce343c1) Importer(815301076,1909f56bfc062723c751e8b465ee728b) [PhysX] Initialized MultithreadedTaskDispatcher with 20 workers.
 -> (artifact id: '00000000000000000000000000000000') in 0.002538 seconds
Import Error Code:(4)
Message: Build asset version error: assets/hand_recording.json in SourceAssetDB has modification time of '2026-01-22T02:57:57.9315501Z' while content on disk has modification time of '2026-01-22T02:58:25.2516622Z'
  ERROR: Build asset version error: assets/hand_recording.json in SourceAssetDB has modification time of '2026-01-22T02:57:57.9315501Z' while content on disk has modification time of '2026-01-22T02:58:25.2516622Z'
Number of updated asset objects reloaded before import = 0
Number of asset objects unloaded after import = 0
========================================================================
Received Import Request.
  Time since last request: 0.089624 seconds.
  path: Assets/hand_recording.json
  artifactKey: Guid(1648982fab729f64ba373628dce343c1) Importer(815301076,1909f56bfc062723c751e8b465ee728b)
Start importing Assets/hand_recording.json using Guid(1648982fab729f64ba373628dce343c1) Importer(815301076,1909f56bfc062723c751e8b465ee728b) [PhysX] Initialized MultithreadedTaskDispatcher with 20 workers.
 -> (artifact id: '00000000000000000000000000000000') in 0.002239 seconds
Import Error Code:(4)
Message: Build asset version error: assets/hand_recording.json in SourceAssetDB has modification time of '2026-01-22T02:57:57.9315501Z' while content on disk has modification time of '2026-01-22T02:58:25.2516622Z'
  ERROR: Build asset version error: assets/hand_recording.json in SourceAssetDB has modification time of '2026-01-22T02:57:57.9315501Z' while content on disk has modification time of '2026-01-22T02:58:25.2516622Z'
Number of updated asset objects reloaded before import = 0
Number of asset objects unloaded after import = 0
========================================================================
Received Import Request.
  Time since last request: 0.055241 seconds.
  path: Assets/hand_recording.json
  artifactKey: Guid(1648982fab729f64ba373628dce343c1) Importer(815301076,1909f56bfc062723c751e8b465ee728b)
Start importing Assets/hand_recording.json using Guid(1648982fab729f64ba373628dce343c1) Importer(815301076,1909f56bfc062723c751e8b465ee728b) [PhysX] Initialized MultithreadedTaskDispatcher with 20 workers.
 -> (artifact id: '00000000000000000000000000000000') in 0.003021 seconds
Import Error Code:(4)
Message: Build asset version error: assets/hand_recording.json in SourceAssetDB has modification time of '2026-01-22T02:57:57.9315501Z' while content on disk has modification time of '2026-01-22T02:58:25.2516622Z'
  ERROR: Build asset version error: assets/hand_recording.json in SourceAssetDB has modification time of '2026-01-22T02:57:57.9315501Z' while content on disk has modification time of '2026-01-22T02:58:25.2516622Z'
Number of updated asset objects reloaded before import = 0
Number of asset objects unloaded after import = 0
========================================================================
Received Import Request.
  Time since last request: 0.053882 seconds.
  path: Assets/hand_recording.json
  artifactKey: Guid(1648982fab729f64ba373628dce343c1) Importer(815301076,1909f56bfc062723c751e8b465ee728b)
Start importing Assets/hand_recording.json using Guid(1648982fab729f64ba373628dce343c1) Importer(815301076,1909f56bfc062723c751e8b465ee728b) [PhysX] Initialized MultithreadedTaskDispatcher with 20 workers.
 -> (artifact id: '00000000000000000000000000000000') in 0.002348 seconds
Import Error Code:(4)
Message: Build asset version error: assets/hand_recording.json in SourceAssetDB has modification time of '2026-01-22T02:57:57.9315501Z' while content on disk has modification time of '2026-01-22T02:58:25.2516622Z'
  ERROR: Build asset version error: assets/hand_recording.json in SourceAssetDB has modification time of '2026-01-22T02:57:57.9315501Z' while content on disk has modification time of '2026-01-22T02:58:25.2516622Z'
Number of updated asset objects reloaded before import = 0
Number of asset objects unloaded after import = 0
========================================================================
Received Import Request.
  Time since last request: 0.055190 seconds.
  path: Assets/hand_recording.json
  artifactKey: Guid(1648982fab729f64ba373628dce343c1) Importer(815301076,1909f56bfc062723c751e8b465ee728b)
Start importing Assets/hand_recording.json using Guid(1648982fab729f64ba373628dce343c1) Importer(815301076,1909f56bfc062723c751e8b465ee728b) [PhysX] Initialized MultithreadedTaskDispatcher with 20 workers.
 -> (artifact id: '00000000000000000000000000000000') in 0.002494 seconds
Import Error Code:(4)
Message: Build asset version error: assets/hand_recording.json in SourceAssetDB has modification time of '2026-01-22T02:57:57.9315501Z' while content on disk has modification time of '2026-01-22T02:58:25.2516622Z'
  ERROR: Build asset version error: assets/hand_recording.json in SourceAssetDB has modification time of '2026-01-22T02:57:57.9315501Z' while content on disk has modification time of '2026-01-22T02:58:25.2516622Z'
Number of updated asset objects reloaded before import = 0
Number of asset objects unloaded after import = 0
========================================================================
Received Import Request.
  Time since last request: 0.055644 seconds.
  path: Assets/hand_recording.json
  artifactKey: Guid(1648982fab729f64ba373628dce343c1) Importer(815301076,1909f56bfc062723c751e8b465ee728b)
Start importing Assets/hand_recording.json using Guid(1648982fab729f64ba373628dce343c1) Importer(815301076,1909f56bfc062723c751e8b465ee728b) [PhysX] Initialized MultithreadedTaskDispatcher with 20 workers.
 -> (artifact id: '00000000000000000000000000000000') in 0.003648 seconds
Import Error Code:(4)
Message: Build asset version error: assets/hand_recording.json in SourceAssetDB has modification time of '2026-01-22T02:57:57.9315501Z' while content on disk has modification time of '2026-01-22T02:58:25.2516622Z'
  ERROR: Build asset version error: assets/hand_recording.json in SourceAssetDB has modification time of '2026-01-22T02:57:57.9315501Z' while content on disk has modification time of '2026-01-22T02:58:25.2516622Z'
Number of updated asset objects reloaded before import = 0
Number of asset objects unloaded after import = 0
========================================================================
Received Import Request.
  Time since last request: 0.053865 seconds.
  path: Assets/hand_recording.json
  artifactKey: Guid(1648982fab729f64ba373628dce343c1) Importer(815301076,1909f56bfc062723c751e8b465ee728b)
Start importing Assets/hand_recording.json using Guid(1648982fab729f64ba373628dce343c1) Importer(815301076,1909f56bfc062723c751e8b465ee728b) [PhysX] Initialized MultithreadedTaskDispatcher with 20 workers.
 -> (artifact id: '00000000000000000000000000000000') in 0.002177 seconds
Import Error Code:(4)
Message: Build asset version error: assets/hand_recording.json in SourceAssetDB has modification time of '2026-01-22T02:57:57.9315501Z' while content on disk has modification time of '2026-01-22T02:58:25.2516622Z'
  ERROR: Build asset version error: assets/hand_recording.json in SourceAssetDB has modification time of '2026-01-22T02:57:57.9315501Z' while content on disk has modification time of '2026-01-22T02:58:25.2516622Z'
Number of updated asset objects reloaded before import = 0
Number of asset objects unloaded after import = 0
========================================================================
Received Import Request.
  Time since last request: 0.056268 seconds.
  path: Assets/hand_recording.json
  artifactKey: Guid(1648982fab729f64ba373628dce343c1) Importer(815301076,1909f56bfc062723c751e8b465ee728b)
Start importing Assets/hand_recording.json using Guid(1648982fab729f64ba373628dce343c1) Importer(815301076,1909f56bfc062723c751e8b465ee728b) [PhysX] Initialized MultithreadedTaskDispatcher with 20 workers.
 -> (artifact id: '00000000000000000000000000000000') in 0.002408 seconds
Import Error Code:(4)
Message: Build asset version error: assets/hand_recording.json in SourceAssetDB has modification time of '2026-01-22T02:57:57.9315501Z' while content on disk has modification time of '2026-01-22T02:58:25.2516622Z'
  ERROR: Build asset version error: assets/hand_recording.json in SourceAssetDB has modification time of '2026-01-22T02:57:57.9315501Z' while content on disk has modification time of '2026-01-22T02:58:25.2516622Z'
Number of updated asset objects reloaded before import = 0
Number of asset objects unloaded after import = 0
========================================================================
Received Import Request.
  Time since last request: 0.054626 seconds.
  path: Assets/hand_recording.json
  artifactKey: Guid(1648982fab729f64ba373628dce343c1) Importer(815301076,1909f56bfc062723c751e8b465ee728b)
Start importing Assets/hand_recording.json using Guid(1648982fab729f64ba373628dce343c1) Importer(815301076,1909f56bfc062723c751e8b465ee728b) [PhysX] Initialized MultithreadedTaskDispatcher with 20 workers.
 -> (artifact id: '00000000000000000000000000000000') in 0.002781 seconds
Import Error Code:(4)
Message: Build asset version error: assets/hand_recording.json in SourceAssetDB has modification time of '2026-01-22T02:57:57.9315501Z' while content on disk has modification time of '2026-01-22T02:58:25.2516622Z'
  ERROR: Build asset version error: assets/hand_recording.json in SourceAssetDB has modification time of '2026-01-22T02:57:57.9315501Z' while content on disk has modification time of '2026-01-22T02:58:25.2516622Z'
Number of updated asset objects reloaded before import = 0
Number of asset objects unloaded after import = 0
========================================================================
Received Import Request.
  Time since last request: 0.053616 seconds.
  path: Assets/hand_recording.json
  artifactKey: Guid(1648982fab729f64ba373628dce343c1) Importer(815301076,1909f56bfc062723c751e8b465ee728b)
Start importing Assets/hand_recording.json using Guid(1648982fab729f64ba373628dce343c1) Importer(815301076,1909f56bfc062723c751e8b465ee728b) [PhysX] Initialized MultithreadedTaskDispatcher with 20 workers.
 -> (artifact id: '00000000000000000000000000000000') in 0.001900 seconds
Import Error Code:(4)
Message: Build asset version error: assets/hand_recording.json in SourceAssetDB has modification time of '2026-01-22T02:57:57.9315501Z' while content on disk has modification time of '2026-01-22T02:58:25.2516622Z'
  ERROR: Build asset version error: assets/hand_recording.json in SourceAssetDB has modification time of '2026-01-22T02:57:57.9315501Z' while content on disk has modification time of '2026-01-22T02:58:25.2516622Z'
Number of updated asset objects reloaded before import = 0
Number of asset objects unloaded after import = 0
========================================================================
Received Import Request.
  Time since last request: 0.056702 seconds.
  path: Assets/hand_recording.json
  artifactKey: Guid(1648982fab729f64ba373628dce343c1) Importer(815301076,1909f56bfc062723c751e8b465ee728b)
Start importing Assets/hand_recording.json using Guid(1648982fab729f64ba373628dce343c1) Importer(815301076,1909f56bfc062723c751e8b465ee728b) [PhysX] Initialized MultithreadedTaskDispatcher with 20 workers.
 -> (artifact id: '00000000000000000000000000000000') in 0.002276 seconds
Import Error Code:(4)
Message: Build asset version error: assets/hand_recording.json in SourceAssetDB has modification time of '2026-01-22T02:57:57.9315501Z' while content on disk has modification time of '2026-01-22T02:58:25.2516622Z'
  ERROR: Build asset version error: assets/hand_recording.json in SourceAssetDB has modification time of '2026-01-22T02:57:57.9315501Z' while content on disk has modification time of '2026-01-22T02:58:25.2516622Z'
Number of updated asset objects reloaded before import = 0
Number of asset objects unloaded after import = 0
========================================================================
Received Import Request.
  Time since last request: 0.054212 seconds.
  path: Assets/hand_recording.json
  artifactKey: Guid(1648982fab729f64ba373628dce343c1) Importer(815301076,1909f56bfc062723c751e8b465ee728b)
Start importing Assets/hand_recording.json using Guid(1648982fab729f64ba373628dce343c1) Importer(815301076,1909f56bfc062723c751e8b465ee728b) [PhysX] Initialized MultithreadedTaskDispatcher with 20 workers.
 -> (artifact id: '00000000000000000000000000000000') in 0.002628 seconds
Import Error Code:(4)
Message: Build asset version error: assets/hand_recording.json in SourceAssetDB has modification time of '2026-01-22T02:57:57.9315501Z' while content on disk has modification time of '2026-01-22T02:58:25.2516622Z'
  ERROR: Build asset version error: assets/hand_recording.json in SourceAssetDB has modification time of '2026-01-22T02:57:57.9315501Z' while content on disk has modification time of '2026-01-22T02:58:25.2516622Z'
Number of updated asset objects reloaded before import = 0
Number of asset objects unloaded after import = 0
========================================================================
Received Import Request.
  Time since last request: 0.055413 seconds.
  path: Assets/hand_recording.json
  artifactKey: Guid(1648982fab729f64ba373628dce343c1) Importer(815301076,1909f56bfc062723c751e8b465ee728b)
Start importing Assets/hand_recording.json using Guid(1648982fab729f64ba373628dce343c1) Importer(815301076,1909f56bfc062723c751e8b465ee728b) [PhysX] Initialized MultithreadedTaskDispatcher with 20 workers.
 -> (artifact id: '00000000000000000000000000000000') in 0.002071 seconds
Import Error Code:(4)
Message: Build asset version error: assets/hand_recording.json in SourceAssetDB has modification time of '2026-01-22T02:57:57.9315501Z' while content on disk has modification time of '2026-01-22T02:58:25.2516622Z'
  ERROR: Build asset version error: assets/hand_recording.json in SourceAssetDB has modification time of '2026-01-22T02:57:57.9315501Z' while content on disk has modification time of '2026-01-22T02:58:25.2516622Z'
Number of updated asset objects reloaded before import = 0
Number of asset objects unloaded after import = 0
========================================================================
Received Import Request.
  Time since last request: 0.055078 seconds.
  path: Assets/hand_recording.json
  artifactKey: Guid(1648982fab729f64ba373628dce343c1) Importer(815301076,1909f56bfc062723c751e8b465ee728b)
Start importing Assets/hand_recording.json using Guid(1648982fab729f64ba373628dce343c1) Importer(815301076,1909f56bfc062723c751e8b465ee728b) [PhysX] Initialized MultithreadedTaskDispatcher with 20 workers.
 -> (artifact id: '00000000000000000000000000000000') in 0.002018 seconds
Import Error Code:(4)
Message: Build asset version error: assets/hand_recording.json in SourceAssetDB has modification time of '2026-01-22T02:57:57.9315501Z' while content on disk has modification time of '2026-01-22T02:58:25.2516622Z'
  ERROR: Build asset version error: assets/hand_recording.json in SourceAssetDB has modification time of '2026-01-22T02:57:57.9315501Z' while content on disk has modification time of '2026-01-22T02:58:25.2516622Z'
Number of updated asset objects reloaded before import = 0
Number of asset objects unloaded after import = 0
========================================================================
Received Import Request.
  Time since last request: 0.055770 seconds.
  path: Assets/hand_recording.json
  artifactKey: Guid(1648982fab729f64ba373628dce343c1) Importer(815301076,1909f56bfc062723c751e8b465ee728b)
Start importing Assets/hand_recording.json using Guid(1648982fab729f64ba373628dce343c1) Importer(815301076,1909f56bfc062723c751e8b465ee728b) [PhysX] Initialized MultithreadedTaskDispatcher with 20 workers.
 -> (artifact id: '00000000000000000000000000000000') in 0.002951 seconds
Import Error Code:(4)
Message: Build asset version error: assets/hand_recording.json in SourceAssetDB has modification time of '2026-01-22T02:57:57.9315501Z' while content on disk has modification time of '2026-01-22T02:58:25.2516622Z'
  ERROR: Build asset version error: assets/hand_recording.json in SourceAssetDB has modification time of '2026-01-22T02:57:57.9315501Z' while content on disk has modification time of '2026-01-22T02:58:25.2516622Z'
Number of updated asset objects reloaded before import = 0
Number of asset objects unloaded after import = 0
========================================================================
Received Import Request.
  Time since last request: 0.054589 seconds.
  path: Assets/hand_recording.json
  artifactKey: Guid(1648982fab729f64ba373628dce343c1) Importer(815301076,1909f56bfc062723c751e8b465ee728b)
Start importing Assets/hand_recording.json using Guid(1648982fab729f64ba373628dce343c1) Importer(815301076,1909f56bfc062723c751e8b465ee728b) [PhysX] Initialized MultithreadedTaskDispatcher with 20 workers.
 -> (artifact id: '00000000000000000000000000000000') in 0.002687 seconds
Import Error Code:(4)
Message: Build asset version error: assets/hand_recording.json in SourceAssetDB has modification time of '2026-01-22T02:57:57.9315501Z' while content on disk has modification time of '2026-01-22T02:58:25.2516622Z'
  ERROR: Build asset version error: assets/hand_recording.json in SourceAssetDB has modification time of '2026-01-22T02:57:57.9315501Z' while content on disk has modification time of '2026-01-22T02:58:25.2516622Z'
Number of updated asset objects reloaded before import = 0
Number of asset objects unloaded after import = 0
========================================================================
Received Import Request.
  Time since last request: 0.054041 seconds.
  path: Assets/hand_recording.json
  artifactKey: Guid(1648982fab729f64ba373628dce343c1) Importer(815301076,1909f56bfc062723c751e8b465ee728b)
Start importing Assets/hand_recording.json using Guid(1648982fab729f64ba373628dce343c1) Importer(815301076,1909f56bfc062723c751e8b465ee728b) [PhysX] Initialized MultithreadedTaskDispatcher with 20 workers.
 -> (artifact id: '00000000000000000000000000000000') in 0.002169 seconds
Import Error Code:(4)
Message: Build asset version error: assets/hand_recording.json in SourceAssetDB has modification time of '2026-01-22T02:57:57.9315501Z' while content on disk has modification time of '2026-01-22T02:58:25.2516622Z'
  ERROR: Build asset version error: assets/hand_recording.json in SourceAssetDB has modification time of '2026-01-22T02:57:57.9315501Z' while content on disk has modification time of '2026-01-22T02:58:25.2516622Z'
Number of updated asset objects reloaded before import = 0
Number of asset objects unloaded after import = 0
========================================================================
Received Import Request.
  Time since last request: 0.056788 seconds.
  path: Assets/hand_recording.json
  artifactKey: Guid(1648982fab729f64ba373628dce343c1) Importer(815301076,1909f56bfc062723c751e8b465ee728b)
Start importing Assets/hand_recording.json using Guid(1648982fab729f64ba373628dce343c1) Importer(815301076,1909f56bfc062723c751e8b465ee728b) [PhysX] Initialized MultithreadedTaskDispatcher with 20 workers.
 -> (artifact id: '00000000000000000000000000000000') in 0.002162 seconds
Import Error Code:(4)
Message: Build asset version error: assets/hand_recording.json in SourceAssetDB has modification time of '2026-01-22T02:57:57.9315501Z' while content on disk has modification time of '2026-01-22T02:58:25.2516622Z'
  ERROR: Build asset version error: assets/hand_recording.json in SourceAssetDB has modification time of '2026-01-22T02:57:57.9315501Z' while content on disk has modification time of '2026-01-22T02:58:25.2516622Z'
Number of updated asset objects reloaded before import = 0
Number of asset objects unloaded after import = 0
========================================================================
Received Import Request.
  Time since last request: 0.055107 seconds.
  path: Assets/hand_recording.json
  artifactKey: Guid(1648982fab729f64ba373628dce343c1) Importer(815301076,1909f56bfc062723c751e8b465ee728b)
Start importing Assets/hand_recording.json using Guid(1648982fab729f64ba373628dce343c1) Importer(815301076,1909f56bfc062723c751e8b465ee728b) [PhysX] Initialized MultithreadedTaskDispatcher with 20 workers.
 -> (artifact id: '00000000000000000000000000000000') in 0.002559 seconds
Import Error Code:(4)
Message: Build asset version error: assets/hand_recording.json in SourceAssetDB has modification time of '2026-01-22T02:57:57.9315501Z' while content on disk has modification time of '2026-01-22T02:58:25.2516622Z'
  ERROR: Build asset version error: assets/hand_recording.json in SourceAssetDB has modification time of '2026-01-22T02:57:57.9315501Z' while content on disk has modification time of '2026-01-22T02:58:25.2516622Z'
Number of updated asset objects reloaded before import = 0
Number of asset objects unloaded after import = 0
========================================================================
Received Import Request.
  Time since last request: 0.054412 seconds.
  path: Assets/hand_recording.json
  artifactKey: Guid(1648982fab729f64ba373628dce343c1) Importer(815301076,1909f56bfc062723c751e8b465ee728b)
Start importing Assets/hand_recording.json using Guid(1648982fab729f64ba373628dce343c1) Importer(815301076,1909f56bfc062723c751e8b465ee728b) [PhysX] Initialized MultithreadedTaskDispatcher with 20 workers.
 -> (artifact id: '00000000000000000000000000000000') in 0.002582 seconds
Import Error Code:(4)
Message: Build asset version error: assets/hand_recording.json in SourceAssetDB has modification time of '2026-01-22T02:57:57.9315501Z' while content on disk has modification time of '2026-01-22T02:58:25.2516622Z'
  ERROR: Build asset version error: assets/hand_recording.json in SourceAssetDB has modification time of '2026-01-22T02:57:57.9315501Z' while content on disk has modification time of '2026-01-22T02:58:25.2516622Z'
Number of updated asset objects reloaded before import = 0
Number of asset objects unloaded after import = 0
========================================================================
Received Import Request.
  Time since last request: 0.054022 seconds.
  path: Assets/hand_recording.json
  artifactKey: Guid(1648982fab729f64ba373628dce343c1) Importer(815301076,1909f56bfc062723c751e8b465ee728b)
Start importing Assets/hand_recording.json using Guid(1648982fab729f64ba373628dce343c1) Importer(815301076,1909f56bfc062723c751e8b465ee728b) [PhysX] Initialized MultithreadedTaskDispatcher with 20 workers.
 -> (artifact id: '00000000000000000000000000000000') in 0.002201 seconds
Import Error Code:(4)
Message: Build asset version error: assets/hand_recording.json in SourceAssetDB has modification time of '2026-01-22T02:57:57.9315501Z' while content on disk has modification time of '2026-01-22T02:58:25.2516622Z'
  ERROR: Build asset version error: assets/hand_recording.json in SourceAssetDB has modification time of '2026-01-22T02:57:57.9315501Z' while content on disk has modification time of '2026-01-22T02:58:25.2516622Z'
Number of updated asset objects reloaded before import = 0
Number of asset objects unloaded after import = 0
========================================================================
Received Import Request.
  Time since last request: 0.055669 seconds.
  path: Assets/hand_recording.json
  artifactKey: Guid(1648982fab729f64ba373628dce343c1) Importer(815301076,1909f56bfc062723c751e8b465ee728b)
Start importing Assets/hand_recording.json using Guid(1648982fab729f64ba373628dce343c1) Importer(815301076,1909f56bfc062723c751e8b465ee728b) [PhysX] Initialized MultithreadedTaskDispatcher with 20 workers.
 -> (artifact id: '00000000000000000000000000000000') in 0.002286 seconds
Import Error Code:(4)
Message: Build asset version error: assets/hand_recording.json in SourceAssetDB has modification time of '2026-01-22T02:57:57.9315501Z' while content on disk has modification time of '2026-01-22T02:58:25.2516622Z'
  ERROR: Build asset version error: assets/hand_recording.json in SourceAssetDB has modification time of '2026-01-22T02:57:57.9315501Z' while content on disk has modification time of '2026-01-22T02:58:25.2516622Z'
Number of updated asset objects reloaded before import = 0
Number of asset objects unloaded after import = 0
========================================================================
Received Import Request.
  Time since last request: 0.054903 seconds.
  path: Assets/hand_recording.json
  artifactKey: Guid(1648982fab729f64ba373628dce343c1) Importer(815301076,1909f56bfc062723c751e8b465ee728b)
Start importing Assets/hand_recording.json using Guid(1648982fab729f64ba373628dce343c1) Importer(815301076,1909f56bfc062723c751e8b465ee728b) [PhysX] Initialized MultithreadedTaskDispatcher with 20 workers.
 -> (artifact id: '00000000000000000000000000000000') in 0.002377 seconds
Import Error Code:(4)
Message: Build asset version error: assets/hand_recording.json in SourceAssetDB has modification time of '2026-01-22T02:57:57.9315501Z' while content on disk has modification time of '2026-01-22T02:58:25.2516622Z'
  ERROR: Build asset version error: assets/hand_recording.json in SourceAssetDB has modification time of '2026-01-22T02:57:57.9315501Z' while content on disk has modification time of '2026-01-22T02:58:25.2516622Z'
Number of updated asset objects reloaded before import = 0
Number of asset objects unloaded after import = 0
========================================================================
Received Import Request.
  Time since last request: 0.055335 seconds.
  path: Assets/hand_recording.json
  artifactKey: Guid(1648982fab729f64ba373628dce343c1) Importer(815301076,1909f56bfc062723c751e8b465ee728b)
Start importing Assets/hand_recording.json using Guid(1648982fab729f64ba373628dce343c1) Importer(815301076,1909f56bfc062723c751e8b465ee728b) [PhysX] Initialized MultithreadedTaskDispatcher with 20 workers.
 -> (artifact id: '00000000000000000000000000000000') in 0.002029 seconds
Import Error Code:(4)
Message: Build asset version error: assets/hand_recording.json in SourceAssetDB has modification time of '2026-01-22T02:57:57.9315501Z' while content on disk has modification time of '2026-01-22T02:58:25.2516622Z'
  ERROR: Build asset version error: assets/hand_recording.json in SourceAssetDB has modification time of '2026-01-22T02:57:57.9315501Z' while content on disk has modification time of '2026-01-22T02:58:25.2516622Z'
Number of updated asset objects reloaded before import = 0
Number of asset objects unloaded after import = 0
========================================================================
Received Import Request.
  Time since last request: 0.058501 seconds.
  path: Assets/hand_recording.json
  artifactKey: Guid(1648982fab729f64ba373628dce343c1) Importer(815301076,1909f56bfc062723c751e8b465ee728b)
Start importing Assets/hand_recording.json using Guid(1648982fab729f64ba373628dce343c1) Importer(815301076,1909f56bfc062723c751e8b465ee728b) [PhysX] Initialized MultithreadedTaskDispatcher with 20 workers.
 -> (artifact id: '00000000000000000000000000000000') in 0.002548 seconds
Import Error Code:(4)
Message: Build asset version error: assets/hand_recording.json in SourceAssetDB has modification time of '2026-01-22T02:57:57.9315501Z' while content on disk has modification time of '2026-01-22T02:58:25.2516622Z'
  ERROR: Build asset version error: assets/hand_recording.json in SourceAssetDB has modification time of '2026-01-22T02:57:57.9315501Z' while content on disk has modification time of '2026-01-22T02:58:25.2516622Z'
Number of updated asset objects reloaded before import = 0
Number of asset objects unloaded after import = 0
========================================================================
Received Import Request.
  Time since last request: 0.053802 seconds.
  path: Assets/hand_recording.json
  artifactKey: Guid(1648982fab729f64ba373628dce343c1) Importer(815301076,1909f56bfc062723c751e8b465ee728b)
Start importing Assets/hand_recording.json using Guid(1648982fab729f64ba373628dce343c1) Importer(815301076,1909f56bfc062723c751e8b465ee728b) [PhysX] Initialized MultithreadedTaskDispatcher with 20 workers.
 -> (artifact id: '00000000000000000000000000000000') in 0.002185 seconds
Import Error Code:(4)
Message: Build asset version error: assets/hand_recording.json in SourceAssetDB has modification time of '2026-01-22T02:57:57.9315501Z' while content on disk has modification time of '2026-01-22T02:58:25.2516622Z'
  ERROR: Build asset version error: assets/hand_recording.json in SourceAssetDB has modification time of '2026-01-22T02:57:57.9315501Z' while content on disk has modification time of '2026-01-22T02:58:25.2516622Z'
Number of updated asset objects reloaded before import = 0
Number of asset objects unloaded after import = 0
========================================================================
Received Import Request.
  Time since last request: 0.056954 seconds.
  path: Assets/hand_recording.json
  artifactKey: Guid(1648982fab729f64ba373628dce343c1) Importer(815301076,1909f56bfc062723c751e8b465ee728b)
Start importing Assets/hand_recording.json using Guid(1648982fab729f64ba373628dce343c1) Importer(815301076,1909f56bfc062723c751e8b465ee728b) [PhysX] Initialized MultithreadedTaskDispatcher with 20 workers.
 -> (artifact id: '00000000000000000000000000000000') in 0.002049 seconds
Import Error Code:(4)
Message: Build asset version error: assets/hand_recording.json in SourceAssetDB has modification time of '2026-01-22T02:57:57.9315501Z' while content on disk has modification time of '2026-01-22T02:58:25.2516622Z'
  ERROR: Build asset version error: assets/hand_recording.json in SourceAssetDB has modification time of '2026-01-22T02:57:57.9315501Z' while content on disk has modification time of '2026-01-22T02:58:25.2516622Z'
Number of updated asset objects reloaded before import = 0
Number of asset objects unloaded after import = 0
========================================================================
Received Import Request.
  Time since last request: 0.054275 seconds.
  path: Assets/hand_recording.json
  artifactKey: Guid(1648982fab729f64ba373628dce343c1) Importer(815301076,1909f56bfc062723c751e8b465ee728b)
Start importing Assets/hand_recording.json using Guid(1648982fab729f64ba373628dce343c1) Importer(815301076,1909f56bfc062723c751e8b465ee728b) [PhysX] Initialized MultithreadedTaskDispatcher with 20 workers.
 -> (artifact id: '00000000000000000000000000000000') in 0.002271 seconds
Import Error Code:(4)
Message: Build asset version error: assets/hand_recording.json in SourceAssetDB has modification time of '2026-01-22T02:57:57.9315501Z' while content on disk has modification time of '2026-01-22T02:58:25.2516622Z'
  ERROR: Build asset version error: assets/hand_recording.json in SourceAssetDB has modification time of '2026-01-22T02:57:57.9315501Z' while content on disk has modification time of '2026-01-22T02:58:25.2516622Z'
Number of updated asset objects reloaded before import = 0
Number of asset objects unloaded after import = 0
========================================================================
Received Import Request.
  Time since last request: 0.055345 seconds.
  path: Assets/hand_recording.json
  artifactKey: Guid(1648982fab729f64ba373628dce343c1) Importer(815301076,1909f56bfc062723c751e8b465ee728b)
Start importing Assets/hand_recording.json using Guid(1648982fab729f64ba373628dce343c1) Importer(815301076,1909f56bfc062723c751e8b465ee728b) [PhysX] Initialized MultithreadedTaskDispatcher with 20 workers.
 -> (artifact id: '00000000000000000000000000000000') in 0.003119 seconds
Import Error Code:(4)
Message: Build asset version error: assets/hand_recording.json in SourceAssetDB has modification time of '2026-01-22T02:57:57.9315501Z' while content on disk has modification time of '2026-01-22T02:58:25.2516622Z'
  ERROR: Build asset version error: assets/hand_recording.json in SourceAssetDB has modification time of '2026-01-22T02:57:57.9315501Z' while content on disk has modification time of '2026-01-22T02:58:25.2516622Z'
Number of updated asset objects reloaded before import = 0
Number of asset objects unloaded after import = 0
========================================================================
Received Import Request.
  Time since last request: 0.054001 seconds.
  path: Assets/hand_recording.json
  artifactKey: Guid(1648982fab729f64ba373628dce343c1) Importer(815301076,1909f56bfc062723c751e8b465ee728b)
Start importing Assets/hand_recording.json using Guid(1648982fab729f64ba373628dce343c1) Importer(815301076,1909f56bfc062723c751e8b465ee728b) [PhysX] Initialized MultithreadedTaskDispatcher with 20 workers.
 -> (artifact id: '00000000000000000000000000000000') in 0.002155 seconds
Import Error Code:(4)
Message: Build asset version error: assets/hand_recording.json in SourceAssetDB has modification time of '2026-01-22T02:57:57.9315501Z' while content on disk has modification time of '2026-01-22T02:58:25.2516622Z'
  ERROR: Build asset version error: assets/hand_recording.json in SourceAssetDB has modification time of '2026-01-22T02:57:57.9315501Z' while content on disk has modification time of '2026-01-22T02:58:25.2516622Z'
Number of updated asset objects reloaded before import = 0
Number of asset objects unloaded after import = 0
========================================================================
Received Import Request.
  Time since last request: 0.055452 seconds.
  path: Assets/hand_recording.json
  artifactKey: Guid(1648982fab729f64ba373628dce343c1) Importer(815301076,1909f56bfc062723c751e8b465ee728b)
Start importing Assets/hand_recording.json using Guid(1648982fab729f64ba373628dce343c1) Importer(815301076,1909f56bfc062723c751e8b465ee728b) [PhysX] Initialized MultithreadedTaskDispatcher with 20 workers.
 -> (artifact id: '00000000000000000000000000000000') in 0.002172 seconds
Import Error Code:(4)
Message: Build asset version error: assets/hand_recording.json in SourceAssetDB has modification time of '2026-01-22T02:57:57.9315501Z' while content on disk has modification time of '2026-01-22T02:58:25.2516622Z'
  ERROR: Build asset version error: assets/hand_recording.json in SourceAssetDB has modification time of '2026-01-22T02:57:57.9315501Z' while content on disk has modification time of '2026-01-22T02:58:25.2516622Z'
Number of updated asset objects reloaded before import = 0
Number of asset objects unloaded after import = 0
========================================================================
Received Import Request.
  Time since last request: 0.055558 seconds.
  path: Assets/hand_recording.json
  artifactKey: Guid(1648982fab729f64ba373628dce343c1) Importer(815301076,1909f56bfc062723c751e8b465ee728b)
Start importing Assets/hand_recording.json using Guid(1648982fab729f64ba373628dce343c1) Importer(815301076,1909f56bfc062723c751e8b465ee728b) [PhysX] Initialized MultithreadedTaskDispatcher with 20 workers.
 -> (artifact id: '00000000000000000000000000000000') in 0.002751 seconds
Import Error Code:(4)
Message: Build asset version error: assets/hand_recording.json in SourceAssetDB has modification time of '2026-01-22T02:57:57.9315501Z' while content on disk has modification time of '2026-01-22T02:58:25.2516622Z'
  ERROR: Build asset version error: assets/hand_recording.json in SourceAssetDB has modification time of '2026-01-22T02:57:57.9315501Z' while content on disk has modification time of '2026-01-22T02:58:25.2516622Z'
Number of updated asset objects reloaded before import = 0
Number of asset objects unloaded after import = 0
========================================================================
Received Import Request.
  Time since last request: 0.055443 seconds.
  path: Assets/hand_recording.json
  artifactKey: Guid(1648982fab729f64ba373628dce343c1) Importer(815301076,1909f56bfc062723c751e8b465ee728b)
Start importing Assets/hand_recording.json using Guid(1648982fab729f64ba373628dce343c1) Importer(815301076,1909f56bfc062723c751e8b465ee728b) [PhysX] Initialized MultithreadedTaskDispatcher with 20 workers.
 -> (artifact id: '00000000000000000000000000000000') in 0.002061 seconds
Import Error Code:(4)
Message: Build asset version error: assets/hand_recording.json in SourceAssetDB has modification time of '2026-01-22T02:57:57.9315501Z' while content on disk has modification time of '2026-01-22T02:58:25.2516622Z'
  ERROR: Build asset version error: assets/hand_recording.json in SourceAssetDB has modification time of '2026-01-22T02:57:57.9315501Z' while content on disk has modification time of '2026-01-22T02:58:25.2516622Z'
Number of updated asset objects reloaded before import = 0
Number of asset objects unloaded after import = 0
========================================================================
Received Import Request.
  Time since last request: 0.054194 seconds.
  path: Assets/hand_recording.json
  artifactKey: Guid(1648982fab729f64ba373628dce343c1) Importer(815301076,1909f56bfc062723c751e8b465ee728b)
Start importing Assets/hand_recording.json using Guid(1648982fab729f64ba373628dce343c1) Importer(815301076,1909f56bfc062723c751e8b465ee728b) [PhysX] Initialized MultithreadedTaskDispatcher with 20 workers.
 -> (artifact id: '00000000000000000000000000000000') in 0.002706 seconds
Import Error Code:(4)
Message: Build asset version error: assets/hand_recording.json in SourceAssetDB has modification time of '2026-01-22T02:57:57.9315501Z' while content on disk has modification time of '2026-01-22T02:58:25.2516622Z'
  ERROR: Build asset version error: assets/hand_recording.json in SourceAssetDB has modification time of '2026-01-22T02:57:57.9315501Z' while content on disk has modification time of '2026-01-22T02:58:25.2516622Z'
Number of updated asset objects reloaded before import = 0
Number of asset objects unloaded after import = 0
========================================================================
Received Import Request.
  Time since last request: 0.055765 seconds.
  path: Assets/hand_recording.json
  artifactKey: Guid(1648982fab729f64ba373628dce343c1) Importer(815301076,1909f56bfc062723c751e8b465ee728b)
Start importing Assets/hand_recording.json using Guid(1648982fab729f64ba373628dce343c1) Importer(815301076,1909f56bfc062723c751e8b465ee728b) [PhysX] Initialized MultithreadedTaskDispatcher with 20 workers.
 -> (artifact id: '00000000000000000000000000000000') in 0.003170 seconds
Import Error Code:(4)
Message: Build asset version error: assets/hand_recording.json in SourceAssetDB has modification time of '2026-01-22T02:57:57.9315501Z' while content on disk has modification time of '2026-01-22T02:58:25.2516622Z'
  ERROR: Build asset version error: assets/hand_recording.json in SourceAssetDB has modification time of '2026-01-22T02:57:57.9315501Z' while content on disk has modification time of '2026-01-22T02:58:25.2516622Z'
Number of updated asset objects reloaded before import = 0
Number of asset objects unloaded after import = 0
========================================================================
Received Import Request.
  Time since last request: 0.053774 seconds.
  path: Assets/hand_recording.json
  artifactKey: Guid(1648982fab729f64ba373628dce343c1) Importer(815301076,1909f56bfc062723c751e8b465ee728b)
Start importing Assets/hand_recording.json using Guid(1648982fab729f64ba373628dce343c1) Importer(815301076,1909f56bfc062723c751e8b465ee728b) [PhysX] Initialized MultithreadedTaskDispatcher with 20 workers.
 -> (artifact id: '00000000000000000000000000000000') in 0.002585 seconds
Import Error Code:(4)
Message: Build asset version error: assets/hand_recording.json in SourceAssetDB has modification time of '2026-01-22T02:57:57.9315501Z' while content on disk has modification time of '2026-01-22T02:58:25.2516622Z'
  ERROR: Build asset version error: assets/hand_recording.json in SourceAssetDB has modification time of '2026-01-22T02:57:57.9315501Z' while content on disk has modification time of '2026-01-22T02:58:25.2516622Z'
Number of updated asset objects reloaded before import = 0
Number of asset objects unloaded after import = 0
========================================================================
Received Import Request.
  Time since last request: 0.056205 seconds.
  path: Assets/hand_recording.json
  artifactKey: Guid(1648982fab729f64ba373628dce343c1) Importer(815301076,1909f56bfc062723c751e8b465ee728b)
Start importing Assets/hand_recording.json using Guid(1648982fab729f64ba373628dce343c1) Importer(815301076,1909f56bfc062723c751e8b465ee728b) [PhysX] Initialized MultithreadedTaskDispatcher with 20 workers.
 -> (artifact id: '00000000000000000000000000000000') in 0.002848 seconds
Import Error Code:(4)
Message: Build asset version error: assets/hand_recording.json in SourceAssetDB has modification time of '2026-01-22T02:57:57.9315501Z' while content on disk has modification time of '2026-01-22T02:58:25.2516622Z'
  ERROR: Build asset version error: assets/hand_recording.json in SourceAssetDB has modification time of '2026-01-22T02:57:57.9315501Z' while content on disk has modification time of '2026-01-22T02:58:25.2516622Z'
Number of updated asset objects reloaded before import = 0
Number of asset objects unloaded after import = 0
========================================================================
Received Import Request.
  Time since last request: 0.072138 seconds.
  path: Assets/hand_recording.json
  artifactKey: Guid(1648982fab729f64ba373628dce343c1) Importer(815301076,1909f56bfc062723c751e8b465ee728b)
Start importing Assets/hand_recording.json using Guid(1648982fab729f64ba373628dce343c1) Importer(815301076,1909f56bfc062723c751e8b465ee728b) [PhysX] Initialized MultithreadedTaskDispatcher with 20 workers.
 -> (artifact id: '00000000000000000000000000000000') in 0.001960 seconds
Import Error Code:(4)
Message: Build asset version error: assets/hand_recording.json in SourceAssetDB has modification time of '2026-01-22T02:57:57.9315501Z' while content on disk has modification time of '2026-01-22T02:58:25.2516622Z'
  ERROR: Build asset version error: assets/hand_recording.json in SourceAssetDB has modification time of '2026-01-22T02:57:57.9315501Z' while content on disk has modification time of '2026-01-22T02:58:25.2516622Z'
Number of updated asset objects reloaded before import = 0
Number of asset objects unloaded after import = 0
========================================================================
Received Import Request.
  Time since last request: 0.054435 seconds.
  path: Assets/hand_recording.json
  artifactKey: Guid(1648982fab729f64ba373628dce343c1) Importer(815301076,1909f56bfc062723c751e8b465ee728b)
Start importing Assets/hand_recording.json using Guid(1648982fab729f64ba373628dce343c1) Importer(815301076,1909f56bfc062723c751e8b465ee728b) [PhysX] Initialized MultithreadedTaskDispatcher with 20 workers.
 -> (artifact id: '00000000000000000000000000000000') in 0.001944 seconds
Import Error Code:(4)
Message: Build asset version error: assets/hand_recording.json in SourceAssetDB has modification time of '2026-01-22T02:57:57.9315501Z' while content on disk has modification time of '2026-01-22T02:58:25.2516622Z'
  ERROR: Build asset version error: assets/hand_recording.json in SourceAssetDB has modification time of '2026-01-22T02:57:57.9315501Z' while content on disk has modification time of '2026-01-22T02:58:25.2516622Z'
Number of updated asset objects reloaded before import = 0
Number of asset objects unloaded after import = 0
========================================================================
Received Import Request.
  Time since last request: 0.056039 seconds.
  path: Assets/hand_recording.json
  artifactKey: Guid(1648982fab729f64ba373628dce343c1) Importer(815301076,1909f56bfc062723c751e8b465ee728b)
Start importing Assets/hand_recording.json using Guid(1648982fab729f64ba373628dce343c1) Importer(815301076,1909f56bfc062723c751e8b465ee728b) [PhysX] Initialized MultithreadedTaskDispatcher with 20 workers.
 -> (artifact id: '00000000000000000000000000000000') in 0.002339 seconds
Import Error Code:(4)
Message: Build asset version error: assets/hand_recording.json in SourceAssetDB has modification time of '2026-01-22T02:57:57.9315501Z' while content on disk has modification time of '2026-01-22T02:58:25.2516622Z'
  ERROR: Build asset version error: assets/hand_recording.json in SourceAssetDB has modification time of '2026-01-22T02:57:57.9315501Z' while content on disk has modification time of '2026-01-22T02:58:25.2516622Z'
Number of updated asset objects reloaded before import = 0
Number of asset objects unloaded after import = 0
========================================================================
Received Import Request.
  Time since last request: 0.000654 seconds.
  path: Assets/hand_recording.json
  artifactKey: Guid(1648982fab729f64ba373628dce343c1) Importer(815301076,1909f56bfc062723c751e8b465ee728b)
Start importing Assets/hand_recording.json using Guid(1648982fab729f64ba373628dce343c1) Importer(815301076,1909f56bfc062723c751e8b465ee728b) [PhysX] Initialized MultithreadedTaskDispatcher with 20 workers.
 -> (artifact id: '00000000000000000000000000000000') in 0.002058 seconds
Import Error Code:(4)
Message: Build asset version error: assets/hand_recording.json in SourceAssetDB has modification time of '2026-01-22T02:57:57.9315501Z' while content on disk has modification time of '2026-01-22T02:58:25.2516622Z'
  ERROR: Build asset version error: assets/hand_recording.json in SourceAssetDB has modification time of '2026-01-22T02:57:57.9315501Z' while content on disk has modification time of '2026-01-22T02:58:25.2516622Z'
Number of updated asset objects reloaded before import = 0
Number of asset objects unloaded after import = 0
========================================================================
Received Import Request.
  Time since last request: 0.052228 seconds.
  path: Assets/hand_recording.json
  artifactKey: Guid(1648982fab729f64ba373628dce343c1) Importer(815301076,1909f56bfc062723c751e8b465ee728b)
Start importing Assets/hand_recording.json using Guid(1648982fab729f64ba373628dce343c1) Importer(815301076,1909f56bfc062723c751e8b465ee728b) [PhysX] Initialized MultithreadedTaskDispatcher with 20 workers.
 -> (artifact id: '00000000000000000000000000000000') in 0.002194 seconds
Import Error Code:(4)
Message: Build asset version error: assets/hand_recording.json in SourceAssetDB has modification time of '2026-01-22T02:57:57.9315501Z' while content on disk has modification time of '2026-01-22T02:58:25.2516622Z'
  ERROR: Build asset version error: assets/hand_recording.json in SourceAssetDB has modification time of '2026-01-22T02:57:57.9315501Z' while content on disk has modification time of '2026-01-22T02:58:25.2516622Z'
Number of updated asset objects reloaded before import = 0
Number of asset objects unloaded after import = 0
========================================================================
Received Import Request.
  Time since last request: 0.055917 seconds.
  path: Assets/hand_recording.json
  artifactKey: Guid(1648982fab729f64ba373628dce343c1) Importer(815301076,1909f56bfc062723c751e8b465ee728b)
Start importing Assets/hand_recording.json using Guid(1648982fab729f64ba373628dce343c1) Importer(815301076,1909f56bfc062723c751e8b465ee728b) [PhysX] Initialized MultithreadedTaskDispatcher with 20 workers.
 -> (artifact id: '00000000000000000000000000000000') in 0.002878 seconds
Import Error Code:(4)
Message: Build asset version error: assets/hand_recording.json in SourceAssetDB has modification time of '2026-01-22T02:57:57.9315501Z' while content on disk has modification time of '2026-01-22T02:58:25.2516622Z'
  ERROR: Build asset version error: assets/hand_recording.json in SourceAssetDB has modification time of '2026-01-22T02:57:57.9315501Z' while content on disk has modification time of '2026-01-22T02:58:25.2516622Z'
Number of updated asset objects reloaded before import = 0
Number of asset objects unloaded after import = 0
========================================================================
Received Import Request.
  Time since last request: 0.063211 seconds.
  path: Assets/hand_recording.json
  artifactKey: Guid(1648982fab729f64ba373628dce343c1) Importer(815301076,1909f56bfc062723c751e8b465ee728b)
Start importing Assets/hand_recording.json using Guid(1648982fab729f64ba373628dce343c1) Importer(815301076,1909f56bfc062723c751e8b465ee728b) [PhysX] Initialized MultithreadedTaskDispatcher with 20 workers.
 -> (artifact id: '00000000000000000000000000000000') in 0.002412 seconds
Import Error Code:(4)
Message: Build asset version error: assets/hand_recording.json in SourceAssetDB has modification time of '2026-01-22T02:57:57.9315501Z' while content on disk has modification time of '2026-01-22T02:58:25.2516622Z'
  ERROR: Build asset version error: assets/hand_recording.json in SourceAssetDB has modification time of '2026-01-22T02:57:57.9315501Z' while content on disk has modification time of '2026-01-22T02:58:25.2516622Z'
Number of updated asset objects reloaded before import = 0
Number of asset objects unloaded after import = 0
========================================================================
Received Import Request.
  Time since last request: 0.054123 seconds.
  path: Assets/hand_recording.json
  artifactKey: Guid(1648982fab729f64ba373628dce343c1) Importer(815301076,1909f56bfc062723c751e8b465ee728b)
Start importing Assets/hand_recording.json using Guid(1648982fab729f64ba373628dce343c1) Importer(815301076,1909f56bfc062723c751e8b465ee728b) [PhysX] Initialized MultithreadedTaskDispatcher with 20 workers.
 -> (artifact id: '00000000000000000000000000000000') in 0.002245 seconds
Import Error Code:(4)
Message: Build asset version error: assets/hand_recording.json in SourceAssetDB has modification time of '2026-01-22T02:57:57.9315501Z' while content on disk has modification time of '2026-01-22T02:58:25.2516622Z'
  ERROR: Build asset version error: assets/hand_recording.json in SourceAssetDB has modification time of '2026-01-22T02:57:57.9315501Z' while content on disk has modification time of '2026-01-22T02:58:25.2516622Z'
Number of updated asset objects reloaded before import = 0
Number of asset objects unloaded after import = 0
========================================================================
Received Import Request.
  Time since last request: 0.054698 seconds.
  path: Assets/hand_recording.json
  artifactKey: Guid(1648982fab729f64ba373628dce343c1) Importer(815301076,1909f56bfc062723c751e8b465ee728b)
Start importing Assets/hand_recording.json using Guid(1648982fab729f64ba373628dce343c1) Importer(815301076,1909f56bfc062723c751e8b465ee728b) [PhysX] Initialized MultithreadedTaskDispatcher with 20 workers.
 -> (artifact id: '00000000000000000000000000000000') in 0.002340 seconds
Import Error Code:(4)
Message: Build asset version error: assets/hand_recording.json in SourceAssetDB has modification time of '2026-01-22T02:57:57.9315501Z' while content on disk has modification time of '2026-01-22T02:58:25.2516622Z'
  ERROR: Build asset version error: assets/hand_recording.json in SourceAssetDB has modification time of '2026-01-22T02:57:57.9315501Z' while content on disk has modification time of '2026-01-22T02:58:25.2516622Z'
Number of updated asset objects reloaded before import = 0
Number of asset objects unloaded after import = 0
========================================================================
Received Import Request.
  Time since last request: 0.058197 seconds.
  path: Assets/hand_recording.json
  artifactKey: Guid(1648982fab729f64ba373628dce343c1) Importer(815301076,1909f56bfc062723c751e8b465ee728b)
Start importing Assets/hand_recording.json using Guid(1648982fab729f64ba373628dce343c1) Importer(815301076,1909f56bfc062723c751e8b465ee728b) [PhysX] Initialized MultithreadedTaskDispatcher with 20 workers.
 -> (artifact id: '00000000000000000000000000000000') in 0.002148 seconds
Import Error Code:(4)
Message: Build asset version error: assets/hand_recording.json in SourceAssetDB has modification time of '2026-01-22T02:57:57.9315501Z' while content on disk has modification time of '2026-01-22T02:58:25.2516622Z'
  ERROR: Build asset version error: assets/hand_recording.json in SourceAssetDB has modification time of '2026-01-22T02:57:57.9315501Z' while content on disk has modification time of '2026-01-22T02:58:25.2516622Z'
Number of updated asset objects reloaded before import = 0
Number of asset objects unloaded after import = 0
========================================================================
Received Import Request.
  Time since last request: 0.055267 seconds.
  path: Assets/hand_recording.json
  artifactKey: Guid(1648982fab729f64ba373628dce343c1) Importer(815301076,1909f56bfc062723c751e8b465ee728b)
Start importing Assets/hand_recording.json using Guid(1648982fab729f64ba373628dce343c1) Importer(815301076,1909f56bfc062723c751e8b465ee728b) [PhysX] Initialized MultithreadedTaskDispatcher with 20 workers.
 -> (artifact id: '00000000000000000000000000000000') in 0.002082 seconds
Import Error Code:(4)
Message: Build asset version error: assets/hand_recording.json in SourceAssetDB has modification time of '2026-01-22T02:57:57.9315501Z' while content on disk has modification time of '2026-01-22T02:58:25.2516622Z'
  ERROR: Build asset version error: assets/hand_recording.json in SourceAssetDB has modification time of '2026-01-22T02:57:57.9315501Z' while content on disk has modification time of '2026-01-22T02:58:25.2516622Z'
Number of updated asset objects reloaded before import = 0
Number of asset objects unloaded after import = 0
========================================================================
Received Import Request.
  Time since last request: 0.000861 seconds.
  path: Assets/hand_recording.json
  artifactKey: Guid(1648982fab729f64ba373628dce343c1) Importer(815301076,1909f56bfc062723c751e8b465ee728b)
Start importing Assets/hand_recording.json using Guid(1648982fab729f64ba373628dce343c1) Importer(815301076,1909f56bfc062723c751e8b465ee728b) [PhysX] Initialized MultithreadedTaskDispatcher with 20 workers.
 -> (artifact id: '00000000000000000000000000000000') in 0.002303 seconds
Import Error Code:(4)
Message: Build asset version error: assets/hand_recording.json in SourceAssetDB has modification time of '2026-01-22T02:57:57.9315501Z' while content on disk has modification time of '2026-01-22T02:58:25.2516622Z'
  ERROR: Build asset version error: assets/hand_recording.json in SourceAssetDB has modification time of '2026-01-22T02:57:57.9315501Z' while content on disk has modification time of '2026-01-22T02:58:25.2516622Z'
Number of updated asset objects reloaded before import = 0
Number of asset objects unloaded after import = 0
========================================================================
Received Import Request.
  Time since last request: 0.051724 seconds.
  path: Assets/hand_recording.json
  artifactKey: Guid(1648982fab729f64ba373628dce343c1) Importer(815301076,1909f56bfc062723c751e8b465ee728b)
Start importing Assets/hand_recording.json using Guid(1648982fab729f64ba373628dce343c1) Importer(815301076,1909f56bfc062723c751e8b465ee728b) [PhysX] Initialized MultithreadedTaskDispatcher with 20 workers.
 -> (artifact id: '00000000000000000000000000000000') in 0.001958 seconds
Import Error Code:(4)
Message: Build asset version error: assets/hand_recording.json in SourceAssetDB has modification time of '2026-01-22T02:57:57.9315501Z' while content on disk has modification time of '2026-01-22T02:58:25.2516622Z'
  ERROR: Build asset version error: assets/hand_recording.json in SourceAssetDB has modification time of '2026-01-22T02:57:57.9315501Z' while content on disk has modification time of '2026-01-22T02:58:25.2516622Z'
Number of updated asset objects reloaded before import = 0
Number of asset objects unloaded after import = 0
========================================================================
Received Import Request.
  Time since last request: 0.055838 seconds.
  path: Assets/hand_recording.json
  artifactKey: Guid(1648982fab729f64ba373628dce343c1) Importer(815301076,1909f56bfc062723c751e8b465ee728b)
Start importing Assets/hand_recording.json using Guid(1648982fab729f64ba373628dce343c1) Importer(815301076,1909f56bfc062723c751e8b465ee728b) [PhysX] Initialized MultithreadedTaskDispatcher with 20 workers.
 -> (artifact id: '00000000000000000000000000000000') in 0.002004 seconds
Import Error Code:(4)
Message: Build asset version error: assets/hand_recording.json in SourceAssetDB has modification time of '2026-01-22T02:57:57.9315501Z' while content on disk has modification time of '2026-01-22T02:58:25.2516622Z'
  ERROR: Build asset version error: assets/hand_recording.json in SourceAssetDB has modification time of '2026-01-22T02:57:57.9315501Z' while content on disk has modification time of '2026-01-22T02:58:25.2516622Z'
Number of updated asset objects reloaded before import = 0
Number of asset objects unloaded after import = 0
========================================================================
Received Import Request.
  Time since last request: 0.055182 seconds.
  path: Assets/hand_recording.json
  artifactKey: Guid(1648982fab729f64ba373628dce343c1) Importer(815301076,1909f56bfc062723c751e8b465ee728b)
Start importing Assets/hand_recording.json using Guid(1648982fab729f64ba373628dce343c1) Importer(815301076,1909f56bfc062723c751e8b465ee728b) [PhysX] Initialized MultithreadedTaskDispatcher with 20 workers.
 -> (artifact id: '00000000000000000000000000000000') in 0.002410 seconds
Import Error Code:(4)
Message: Build asset version error: assets/hand_recording.json in SourceAssetDB has modification time of '2026-01-22T02:57:57.9315501Z' while content on disk has modification time of '2026-01-22T02:58:25.2516622Z'
  ERROR: Build asset version error: assets/hand_recording.json in SourceAssetDB has modification time of '2026-01-22T02:57:57.9315501Z' while content on disk has modification time of '2026-01-22T02:58:25.2516622Z'
Number of updated asset objects reloaded before import = 0
Number of asset objects unloaded after import = 0
========================================================================
Received Import Request.
  Time since last request: 0.054948 seconds.
  path: Assets/hand_recording.json
  artifactKey: Guid(1648982fab729f64ba373628dce343c1) Importer(815301076,1909f56bfc062723c751e8b465ee728b)
Start importing Assets/hand_recording.json using Guid(1648982fab729f64ba373628dce343c1) Importer(815301076,1909f56bfc062723c751e8b465ee728b) [PhysX] Initialized MultithreadedTaskDispatcher with 20 workers.
 -> (artifact id: '00000000000000000000000000000000') in 0.002187 seconds
Import Error Code:(4)
Message: Build asset version error: assets/hand_recording.json in SourceAssetDB has modification time of '2026-01-22T02:57:57.9315501Z' while content on disk has modification time of '2026-01-22T02:58:25.2516622Z'
  ERROR: Build asset version error: assets/hand_recording.json in SourceAssetDB has modification time of '2026-01-22T02:57:57.9315501Z' while content on disk has modification time of '2026-01-22T02:58:25.2516622Z'
Number of updated asset objects reloaded before import = 0
Number of asset objects unloaded after import = 0
========================================================================
Received Import Request.
  Time since last request: 0.061852 seconds.
  path: Assets/hand_recording.json
  artifactKey: Guid(1648982fab729f64ba373628dce343c1) Importer(815301076,1909f56bfc062723c751e8b465ee728b)
Start importing Assets/hand_recording.json using Guid(1648982fab729f64ba373628dce343c1) Importer(815301076,1909f56bfc062723c751e8b465ee728b) [PhysX] Initialized MultithreadedTaskDispatcher with 20 workers.
 -> (artifact id: '00000000000000000000000000000000') in 0.001949 seconds
Import Error Code:(4)
Message: Build asset version error: assets/hand_recording.json in SourceAssetDB has modification time of '2026-01-22T02:57:57.9315501Z' while content on disk has modification time of '2026-01-22T02:58:25.2516622Z'
  ERROR: Build asset version error: assets/hand_recording.json in SourceAssetDB has modification time of '2026-01-22T02:57:57.9315501Z' while content on disk has modification time of '2026-01-22T02:58:25.2516622Z'
Number of updated asset objects reloaded before import = 0
Number of asset objects unloaded after import = 0
========================================================================
Received Import Request.
  Time since last request: 0.000912 seconds.
  path: Assets/hand_recording.json
  artifactKey: Guid(1648982fab729f64ba373628dce343c1) Importer(815301076,1909f56bfc062723c751e8b465ee728b)
Start importing Assets/hand_recording.json using Guid(1648982fab729f64ba373628dce343c1) Importer(815301076,1909f56bfc062723c751e8b465ee728b) [PhysX] Initialized MultithreadedTaskDispatcher with 20 workers.
 -> (artifact id: '00000000000000000000000000000000') in 0.001878 seconds
Import Error Code:(4)
Message: Build asset version error: assets/hand_recording.json in SourceAssetDB has modification time of '2026-01-22T02:57:57.9315501Z' while content on disk has modification time of '2026-01-22T02:58:25.2516622Z'
  ERROR: Build asset version error: assets/hand_recording.json in SourceAssetDB has modification time of '2026-01-22T02:57:57.9315501Z' while content on disk has modification time of '2026-01-22T02:58:25.2516622Z'
Number of updated asset objects reloaded before import = 0
Number of asset objects unloaded after import = 0
========================================================================
Received Import Request.
  Time since last request: 0.052629 seconds.
  path: Assets/hand_recording.json
  artifactKey: Guid(1648982fab729f64ba373628dce343c1) Importer(815301076,1909f56bfc062723c751e8b465ee728b)
Start importing Assets/hand_recording.json using Guid(1648982fab729f64ba373628dce343c1) Importer(815301076,1909f56bfc062723c751e8b465ee728b) [PhysX] Initialized MultithreadedTaskDispatcher with 20 workers.
 -> (artifact id: '00000000000000000000000000000000') in 0.001925 seconds
Import Error Code:(4)
Message: Build asset version error: assets/hand_recording.json in SourceAssetDB has modification time of '2026-01-22T02:57:57.9315501Z' while content on disk has modification time of '2026-01-22T02:58:25.2516622Z'
  ERROR: Build asset version error: assets/hand_recording.json in SourceAssetDB has modification time of '2026-01-22T02:57:57.9315501Z' while content on disk has modification time of '2026-01-22T02:58:25.2516622Z'
Number of updated asset objects reloaded before import = 0
Number of asset objects unloaded after import = 0
========================================================================
Received Import Request.
  Time since last request: 0.000859 seconds.
  path: Assets/hand_recording.json
  artifactKey: Guid(1648982fab729f64ba373628dce343c1) Importer(815301076,1909f56bfc062723c751e8b465ee728b)
Start importing Assets/hand_recording.json using Guid(1648982fab729f64ba373628dce343c1) Importer(815301076,1909f56bfc062723c751e8b465ee728b) [PhysX] Initialized MultithreadedTaskDispatcher with 20 workers.
 -> (artifact id: '00000000000000000000000000000000') in 0.001620 seconds
Import Error Code:(4)
Message: Build asset version error: assets/hand_recording.json in SourceAssetDB has modification time of '2026-01-22T02:57:57.9315501Z' while content on disk has modification time of '2026-01-22T02:58:25.2516622Z'
  ERROR: Build asset version error: assets/hand_recording.json in SourceAssetDB has modification time of '2026-01-22T02:57:57.9315501Z' while content on disk has modification time of '2026-01-22T02:58:25.2516622Z'
Number of updated asset objects reloaded before import = 0
Number of asset objects unloaded after import = 0
========================================================================
Received Import Request.
  Time since last request: 0.052547 seconds.
  path: Assets/hand_recording.json
  artifactKey: Guid(1648982fab729f64ba373628dce343c1) Importer(815301076,1909f56bfc062723c751e8b465ee728b)
Start importing Assets/hand_recording.json using Guid(1648982fab729f64ba373628dce343c1) Importer(815301076,1909f56bfc062723c751e8b465ee728b) [PhysX] Initialized MultithreadedTaskDispatcher with 20 workers.
 -> (artifact id: '00000000000000000000000000000000') in 0.002408 seconds
Import Error Code:(4)
Message: Build asset version error: assets/hand_recording.json in SourceAssetDB has modification time of '2026-01-22T02:57:57.9315501Z' while content on disk has modification time of '2026-01-22T02:58:25.2516622Z'
  ERROR: Build asset version error: assets/hand_recording.json in SourceAssetDB has modification time of '2026-01-22T02:57:57.9315501Z' while content on disk has modification time of '2026-01-22T02:58:25.2516622Z'
Number of updated asset objects reloaded before import = 0
Number of asset objects unloaded after import = 0
========================================================================
Received Import Request.
  Time since last request: 0.054811 seconds.
  path: Assets/hand_recording.json
  artifactKey: Guid(1648982fab729f64ba373628dce343c1) Importer(815301076,1909f56bfc062723c751e8b465ee728b)
Start importing Assets/hand_recording.json using Guid(1648982fab729f64ba373628dce343c1) Importer(815301076,1909f56bfc062723c751e8b465ee728b) [PhysX] Initialized MultithreadedTaskDispatcher with 20 workers.
 -> (artifact id: '00000000000000000000000000000000') in 0.001976 seconds
Import Error Code:(4)
Message: Build asset version error: assets/hand_recording.json in SourceAssetDB has modification time of '2026-01-22T02:57:57.9315501Z' while content on disk has modification time of '2026-01-22T02:58:25.2516622Z'
  ERROR: Build asset version error: assets/hand_recording.json in SourceAssetDB has modification time of '2026-01-22T02:57:57.9315501Z' while content on disk has modification time of '2026-01-22T02:58:25.2516622Z'
Number of updated asset objects reloaded before import = 0
Number of asset objects unloaded after import = 0
========================================================================
Received Import Request.
  Time since last request: 0.056191 seconds.
  path: Assets/hand_recording.json
  artifactKey: Guid(1648982fab729f64ba373628dce343c1) Importer(815301076,1909f56bfc062723c751e8b465ee728b)
Start importing Assets/hand_recording.json using Guid(1648982fab729f64ba373628dce343c1) Importer(815301076,1909f56bfc062723c751e8b465ee728b) [PhysX] Initialized MultithreadedTaskDispatcher with 20 workers.
 -> (artifact id: '00000000000000000000000000000000') in 0.002368 seconds
Import Error Code:(4)
Message: Build asset version error: assets/hand_recording.json in SourceAssetDB has modification time of '2026-01-22T02:57:57.9315501Z' while content on disk has modification time of '2026-01-22T02:58:25.2516622Z'
  ERROR: Build asset version error: assets/hand_recording.json in SourceAssetDB has modification time of '2026-01-22T02:57:57.9315501Z' while content on disk has modification time of '2026-01-22T02:58:25.2516622Z'
Number of updated asset objects reloaded before import = 0
Number of asset objects unloaded after import = 0
========================================================================
Received Import Request.
  Time since last request: 0.054760 seconds.
  path: Assets/hand_recording.json
  artifactKey: Guid(1648982fab729f64ba373628dce343c1) Importer(815301076,1909f56bfc062723c751e8b465ee728b)
Start importing Assets/hand_recording.json using Guid(1648982fab729f64ba373628dce343c1) Importer(815301076,1909f56bfc062723c751e8b465ee728b) [PhysX] Initialized MultithreadedTaskDispatcher with 20 workers.
 -> (artifact id: '00000000000000000000000000000000') in 0.001936 seconds
Import Error Code:(4)
Message: Build asset version error: assets/hand_recording.json in SourceAssetDB has modification time of '2026-01-22T02:57:57.9315501Z' while content on disk has modification time of '2026-01-22T02:58:25.2516622Z'
  ERROR: Build asset version error: assets/hand_recording.json in SourceAssetDB has modification time of '2026-01-22T02:57:57.9315501Z' while content on disk has modification time of '2026-01-22T02:58:25.2516622Z'
Number of updated asset objects reloaded before import = 0
Number of asset objects unloaded after import = 0
========================================================================
Received Import Request.
  Time since last request: 0.055590 seconds.
  path: Assets/hand_recording.json
  artifactKey: Guid(1648982fab729f64ba373628dce343c1) Importer(815301076,1909f56bfc062723c751e8b465ee728b)
Start importing Assets/hand_recording.json using Guid(1648982fab729f64ba373628dce343c1) Importer(815301076,1909f56bfc062723c751e8b465ee728b) [PhysX] Initialized MultithreadedTaskDispatcher with 20 workers.
 -> (artifact id: '00000000000000000000000000000000') in 0.002160 seconds
Import Error Code:(4)
Message: Build asset version error: assets/hand_recording.json in SourceAssetDB has modification time of '2026-01-22T02:57:57.9315501Z' while content on disk has modification time of '2026-01-22T02:58:25.2516622Z'
  ERROR: Build asset version error: assets/hand_recording.json in SourceAssetDB has modification time of '2026-01-22T02:57:57.9315501Z' while content on disk has modification time of '2026-01-22T02:58:25.2516622Z'
Number of updated asset objects reloaded before import = 0
Number of asset objects unloaded after import = 0
========================================================================
Received Import Request.
  Time since last request: 0.055109 seconds.
  path: Assets/hand_recording.json
  artifactKey: Guid(1648982fab729f64ba373628dce343c1) Importer(815301076,1909f56bfc062723c751e8b465ee728b)
Start importing Assets/hand_recording.json using Guid(1648982fab729f64ba373628dce343c1) Importer(815301076,1909f56bfc062723c751e8b465ee728b) [PhysX] Initialized MultithreadedTaskDispatcher with 20 workers.
 -> (artifact id: '00000000000000000000000000000000') in 0.002099 seconds
Import Error Code:(4)
Message: Build asset version error: assets/hand_recording.json in SourceAssetDB has modification time of '2026-01-22T02:57:57.9315501Z' while content on disk has modification time of '2026-01-22T02:58:25.2516622Z'
  ERROR: Build asset version error: assets/hand_recording.json in SourceAssetDB has modification time of '2026-01-22T02:57:57.9315501Z' while content on disk has modification time of '2026-01-22T02:58:25.2516622Z'
Number of updated asset objects reloaded before import = 0
Number of asset objects unloaded after import = 0
========================================================================
Received Import Request.
  Time since last request: 0.055219 seconds.
  path: Assets/hand_recording.json
  artifactKey: Guid(1648982fab729f64ba373628dce343c1) Importer(815301076,1909f56bfc062723c751e8b465ee728b)
Start importing Assets/hand_recording.json using Guid(1648982fab729f64ba373628dce343c1) Importer(815301076,1909f56bfc062723c751e8b465ee728b) [PhysX] Initialized MultithreadedTaskDispatcher with 20 workers.
 -> (artifact id: '00000000000000000000000000000000') in 0.002038 seconds
Import Error Code:(4)
Message: Build asset version error: assets/hand_recording.json in SourceAssetDB has modification time of '2026-01-22T02:57:57.9315501Z' while content on disk has modification time of '2026-01-22T02:58:25.2516622Z'
  ERROR: Build asset version error: assets/hand_recording.json in SourceAssetDB has modification time of '2026-01-22T02:57:57.9315501Z' while content on disk has modification time of '2026-01-22T02:58:25.2516622Z'
Number of updated asset objects reloaded before import = 0
Number of asset objects unloaded after import = 0
========================================================================
Received Import Request.
  Time since last request: 0.055704 seconds.
  path: Assets/hand_recording.json
  artifactKey: Guid(1648982fab729f64ba373628dce343c1) Importer(815301076,1909f56bfc062723c751e8b465ee728b)
Start importing Assets/hand_recording.json using Guid(1648982fab729f64ba373628dce343c1) Importer(815301076,1909f56bfc062723c751e8b465ee728b) [PhysX] Initialized MultithreadedTaskDispatcher with 20 workers.
 -> (artifact id: '00000000000000000000000000000000') in 0.002465 seconds
Import Error Code:(4)
Message: Build asset version error: assets/hand_recording.json in SourceAssetDB has modification time of '2026-01-22T02:57:57.9315501Z' while content on disk has modification time of '2026-01-22T02:58:25.2516622Z'
  ERROR: Build asset version error: assets/hand_recording.json in SourceAssetDB has modification time of '2026-01-22T02:57:57.9315501Z' while content on disk has modification time of '2026-01-22T02:58:25.2516622Z'
Number of updated asset objects reloaded before import = 0
Number of asset objects unloaded after import = 0
========================================================================
Received Import Request.
  Time since last request: 0.055755 seconds.
  path: Assets/hand_recording.json
  artifactKey: Guid(1648982fab729f64ba373628dce343c1) Importer(815301076,1909f56bfc062723c751e8b465ee728b)
Start importing Assets/hand_recording.json using Guid(1648982fab729f64ba373628dce343c1) Importer(815301076,1909f56bfc062723c751e8b465ee728b) [PhysX] Initialized MultithreadedTaskDispatcher with 20 workers.
 -> (artifact id: '00000000000000000000000000000000') in 0.002927 seconds
Import Error Code:(4)
Message: Build asset version error: assets/hand_recording.json in SourceAssetDB has modification time of '2026-01-22T02:57:57.9315501Z' while content on disk has modification time of '2026-01-22T02:58:25.2516622Z'
  ERROR: Build asset version error: assets/hand_recording.json in SourceAssetDB has modification time of '2026-01-22T02:57:57.9315501Z' while content on disk has modification time of '2026-01-22T02:58:25.2516622Z'
Number of updated asset objects reloaded before import = 0
Number of asset objects unloaded after import = 0
========================================================================
Received Import Request.
  Time since last request: 0.053927 seconds.
  path: Assets/hand_recording.json
  artifactKey: Guid(1648982fab729f64ba373628dce343c1) Importer(815301076,1909f56bfc062723c751e8b465ee728b)
Start importing Assets/hand_recording.json using Guid(1648982fab729f64ba373628dce343c1) Importer(815301076,1909f56bfc062723c751e8b465ee728b) [PhysX] Initialized MultithreadedTaskDispatcher with 20 workers.
 -> (artifact id: '00000000000000000000000000000000') in 0.001978 seconds
Import Error Code:(4)
Message: Build asset version error: assets/hand_recording.json in SourceAssetDB has modification time of '2026-01-22T02:57:57.9315501Z' while content on disk has modification time of '2026-01-22T02:58:25.2516622Z'
  ERROR: Build asset version error: assets/hand_recording.json in SourceAssetDB has modification time of '2026-01-22T02:57:57.9315501Z' while content on disk has modification time of '2026-01-22T02:58:25.2516622Z'
Number of updated asset objects reloaded before import = 0
Number of asset objects unloaded after import = 0
========================================================================
Received Import Request.
  Time since last request: 0.055729 seconds.
  path: Assets/hand_recording.json
  artifactKey: Guid(1648982fab729f64ba373628dce343c1) Importer(815301076,1909f56bfc062723c751e8b465ee728b)
Start importing Assets/hand_recording.json using Guid(1648982fab729f64ba373628dce343c1) Importer(815301076,1909f56bfc062723c751e8b465ee728b) [PhysX] Initialized MultithreadedTaskDispatcher with 20 workers.
 -> (artifact id: '00000000000000000000000000000000') in 0.002133 seconds
Import Error Code:(4)
Message: Build asset version error: assets/hand_recording.json in SourceAssetDB has modification time of '2026-01-22T02:57:57.9315501Z' while content on disk has modification time of '2026-01-22T02:58:25.2516622Z'
  ERROR: Build asset version error: assets/hand_recording.json in SourceAssetDB has modification time of '2026-01-22T02:57:57.9315501Z' while content on disk has modification time of '2026-01-22T02:58:25.2516622Z'
Number of updated asset objects reloaded before import = 0
Number of asset objects unloaded after import = 0
========================================================================
Received Import Request.
  Time since last request: 0.055240 seconds.
  path: Assets/hand_recording.json
  artifactKey: Guid(1648982fab729f64ba373628dce343c1) Importer(815301076,1909f56bfc062723c751e8b465ee728b)
Start importing Assets/hand_recording.json using Guid(1648982fab729f64ba373628dce343c1) Importer(815301076,1909f56bfc062723c751e8b465ee728b) [PhysX] Initialized MultithreadedTaskDispatcher with 20 workers.
 -> (artifact id: '00000000000000000000000000000000') in 0.002008 seconds
Import Error Code:(4)
Message: Build asset version error: assets/hand_recording.json in SourceAssetDB has modification time of '2026-01-22T02:57:57.9315501Z' while content on disk has modification time of '2026-01-22T02:58:25.2516622Z'
  ERROR: Build asset version error: assets/hand_recording.json in SourceAssetDB has modification time of '2026-01-22T02:57:57.9315501Z' while content on disk has modification time of '2026-01-22T02:58:25.2516622Z'
Number of updated asset objects reloaded before import = 0
Number of asset objects unloaded after import = 0
========================================================================
Received Import Request.
  Time since last request: 0.055635 seconds.
  path: Assets/hand_recording.json
  artifactKey: Guid(1648982fab729f64ba373628dce343c1) Importer(815301076,1909f56bfc062723c751e8b465ee728b)
Start importing Assets/hand_recording.json using Guid(1648982fab729f64ba373628dce343c1) Importer(815301076,1909f56bfc062723c751e8b465ee728b) [PhysX] Initialized MultithreadedTaskDispatcher with 20 workers.
 -> (artifact id: '00000000000000000000000000000000') in 0.002778 seconds
Import Error Code:(4)
Message: Build asset version error: assets/hand_recording.json in SourceAssetDB has modification time of '2026-01-22T02:57:57.9315501Z' while content on disk has modification time of '2026-01-22T02:58:25.2516622Z'
  ERROR: Build asset version error: assets/hand_recording.json in SourceAssetDB has modification time of '2026-01-22T02:57:57.9315501Z' while content on disk has modification time of '2026-01-22T02:58:25.2516622Z'
Number of updated asset objects reloaded before import = 0
Number of asset objects unloaded after import = 0
========================================================================
Received Import Request.
  Time since last request: 0.068027 seconds.
  path: Assets/hand_recording.json
  artifactKey: Guid(1648982fab729f64ba373628dce343c1) Importer(815301076,1909f56bfc062723c751e8b465ee728b)
Start importing Assets/hand_recording.json using Guid(1648982fab729f64ba373628dce343c1) Importer(815301076,1909f56bfc062723c751e8b465ee728b) [PhysX] Initialized MultithreadedTaskDispatcher with 20 workers.
 -> (artifact id: '00000000000000000000000000000000') in 0.001995 seconds
Import Error Code:(4)
Message: Build asset version error: assets/hand_recording.json in SourceAssetDB has modification time of '2026-01-22T02:57:57.9315501Z' while content on disk has modification time of '2026-01-22T02:58:25.2516622Z'
  ERROR: Build asset version error: assets/hand_recording.json in SourceAssetDB has modification time of '2026-01-22T02:57:57.9315501Z' while content on disk has modification time of '2026-01-22T02:58:25.2516622Z'
Number of updated asset objects reloaded before import = 0
Number of asset objects unloaded after import = 0
========================================================================
Received Import Request.
  Time since last request: 0.057317 seconds.
  path: Assets/hand_recording.json
  artifactKey: Guid(1648982fab729f64ba373628dce343c1) Importer(815301076,1909f56bfc062723c751e8b465ee728b)
Start importing Assets/hand_recording.json using Guid(1648982fab729f64ba373628dce343c1) Importer(815301076,1909f56bfc062723c751e8b465ee728b) [PhysX] Initialized MultithreadedTaskDispatcher with 20 workers.
 -> (artifact id: '00000000000000000000000000000000') in 0.002230 seconds
Import Error Code:(4)
Message: Build asset version error: assets/hand_recording.json in SourceAssetDB has modification time of '2026-01-22T02:57:57.9315501Z' while content on disk has modification time of '2026-01-22T02:58:25.2516622Z'
  ERROR: Build asset version error: assets/hand_recording.json in SourceAssetDB has modification time of '2026-01-22T02:57:57.9315501Z' while content on disk has modification time of '2026-01-22T02:58:25.2516622Z'
Number of updated asset objects reloaded before import = 0
Number of asset objects unloaded after import = 0
========================================================================
Received Import Request.
  Time since last request: 0.087681 seconds.
  path: Assets/hand_recording.json
  artifactKey: Guid(1648982fab729f64ba373628dce343c1) Importer(815301076,1909f56bfc062723c751e8b465ee728b)
Start importing Assets/hand_recording.json using Guid(1648982fab729f64ba373628dce343c1) Importer(815301076,1909f56bfc062723c751e8b465ee728b) [PhysX] Initialized MultithreadedTaskDispatcher with 20 workers.
 -> (artifact id: '00000000000000000000000000000000') in 0.002838 seconds
Import Error Code:(4)
Message: Build asset version error: assets/hand_recording.json in SourceAssetDB has modification time of '2026-01-22T02:57:57.9315501Z' while content on disk has modification time of '2026-01-22T02:58:25.2516622Z'
  ERROR: Build asset version error: assets/hand_recording.json in SourceAssetDB has modification time of '2026-01-22T02:57:57.9315501Z' while content on disk has modification time of '2026-01-22T02:58:25.2516622Z'
Number of updated asset objects reloaded before import = 0
Number of asset objects unloaded after import = 0
========================================================================
Received Import Request.
  Time since last request: 0.054237 seconds.
  path: Assets/hand_recording.json
  artifactKey: Guid(1648982fab729f64ba373628dce343c1) Importer(815301076,1909f56bfc062723c751e8b465ee728b)
Start importing Assets/hand_recording.json using Guid(1648982fab729f64ba373628dce343c1) Importer(815301076,1909f56bfc062723c751e8b465ee728b) [PhysX] Initialized MultithreadedTaskDispatcher with 20 workers.
 -> (artifact id: '00000000000000000000000000000000') in 0.002646 seconds
Import Error Code:(4)
Message: Build asset version error: assets/hand_recording.json in SourceAssetDB has modification time of '2026-01-22T02:57:57.9315501Z' while content on disk has modification time of '2026-01-22T02:58:25.2516622Z'
  ERROR: Build asset version error: assets/hand_recording.json in SourceAssetDB has modification time of '2026-01-22T02:57:57.9315501Z' while content on disk has modification time of '2026-01-22T02:58:25.2516622Z'
Number of updated asset objects reloaded before import = 0
Number of asset objects unloaded after import = 0
========================================================================
Received Import Request.
  Time since last request: 0.055688 seconds.
  path: Assets/hand_recording.json
  artifactKey: Guid(1648982fab729f64ba373628dce343c1) Importer(815301076,1909f56bfc062723c751e8b465ee728b)
Start importing Assets/hand_recording.json using Guid(1648982fab729f64ba373628dce343c1) Importer(815301076,1909f56bfc062723c751e8b465ee728b) [PhysX] Initialized MultithreadedTaskDispatcher with 20 workers.
 -> (artifact id: '00000000000000000000000000000000') in 0.001919 seconds
Import Error Code:(4)
Message: Build asset version error: assets/hand_recording.json in SourceAssetDB has modification time of '2026-01-22T02:57:57.9315501Z' while content on disk has modification time of '2026-01-22T02:58:25.2516622Z'
  ERROR: Build asset version error: assets/hand_recording.json in SourceAssetDB has modification time of '2026-01-22T02:57:57.9315501Z' while content on disk has modification time of '2026-01-22T02:58:25.2516622Z'
Number of updated asset objects reloaded before import = 0
Number of asset objects unloaded after import = 0
========================================================================
Received Import Request.
  Time since last request: 0.054712 seconds.
  path: Assets/hand_recording.json
  artifactKey: Guid(1648982fab729f64ba373628dce343c1) Importer(815301076,1909f56bfc062723c751e8b465ee728b)
Start importing Assets/hand_recording.json using Guid(1648982fab729f64ba373628dce343c1) Importer(815301076,1909f56bfc062723c751e8b465ee728b) [PhysX] Initialized MultithreadedTaskDispatcher with 20 workers.
 -> (artifact id: '00000000000000000000000000000000') in 0.002816 seconds
Import Error Code:(4)
Message: Build asset version error: assets/hand_recording.json in SourceAssetDB has modification time of '2026-01-22T02:57:57.9315501Z' while content on disk has modification time of '2026-01-22T02:58:25.2516622Z'
  ERROR: Build asset version error: assets/hand_recording.json in SourceAssetDB has modification time of '2026-01-22T02:57:57.9315501Z' while content on disk has modification time of '2026-01-22T02:58:25.2516622Z'
Number of updated asset objects reloaded before import = 0
Number of asset objects unloaded after import = 0
========================================================================
Received Import Request.
  Time since last request: 0.058642 seconds.
  path: Assets/hand_recording.json
  artifactKey: Guid(1648982fab729f64ba373628dce343c1) Importer(815301076,1909f56bfc062723c751e8b465ee728b)
Start importing Assets/hand_recording.json using Guid(1648982fab729f64ba373628dce343c1) Importer(815301076,1909f56bfc062723c751e8b465ee728b) [PhysX] Initialized MultithreadedTaskDispatcher with 20 workers.
 -> (artifact id: '00000000000000000000000000000000') in 0.003226 seconds
Import Error Code:(4)
Message: Build asset version error: assets/hand_recording.json in SourceAssetDB has modification time of '2026-01-22T02:57:57.9315501Z' while content on disk has modification time of '2026-01-22T02:58:25.2516622Z'
  ERROR: Build asset version error: assets/hand_recording.json in SourceAssetDB has modification time of '2026-01-22T02:57:57.9315501Z' while content on disk has modification time of '2026-01-22T02:58:25.2516622Z'
Number of updated asset objects reloaded before import = 0
Number of asset objects unloaded after import = 0
========================================================================
Received Import Request.
  Time since last request: 0.054052 seconds.
  path: Assets/hand_recording.json
  artifactKey: Guid(1648982fab729f64ba373628dce343c1) Importer(815301076,1909f56bfc062723c751e8b465ee728b)
Start importing Assets/hand_recording.json using Guid(1648982fab729f64ba373628dce343c1) Importer(815301076,1909f56bfc062723c751e8b465ee728b) [PhysX] Initialized MultithreadedTaskDispatcher with 20 workers.
 -> (artifact id: '00000000000000000000000000000000') in 0.001987 seconds
Import Error Code:(4)
Message: Build asset version error: assets/hand_recording.json in SourceAssetDB has modification time of '2026-01-22T02:57:57.9315501Z' while content on disk has modification time of '2026-01-22T02:58:25.2516622Z'
  ERROR: Build asset version error: assets/hand_recording.json in SourceAssetDB has modification time of '2026-01-22T02:57:57.9315501Z' while content on disk has modification time of '2026-01-22T02:58:25.2516622Z'
Number of updated asset objects reloaded before import = 0
Number of asset objects unloaded after import = 0
========================================================================
Received Import Request.
  Time since last request: 0.055205 seconds.
  path: Assets/hand_recording.json
  artifactKey: Guid(1648982fab729f64ba373628dce343c1) Importer(815301076,1909f56bfc062723c751e8b465ee728b)
Start importing Assets/hand_recording.json using Guid(1648982fab729f64ba373628dce343c1) Importer(815301076,1909f56bfc062723c751e8b465ee728b) [PhysX] Initialized MultithreadedTaskDispatcher with 20 workers.
 -> (artifact id: '00000000000000000000000000000000') in 0.002197 seconds
Import Error Code:(4)
Message: Build asset version error: assets/hand_recording.json in SourceAssetDB has modification time of '2026-01-22T02:57:57.9315501Z' while content on disk has modification time of '2026-01-22T02:58:25.2516622Z'
  ERROR: Build asset version error: assets/hand_recording.json in SourceAssetDB has modification time of '2026-01-22T02:57:57.9315501Z' while content on disk has modification time of '2026-01-22T02:58:25.2516622Z'
Number of updated asset objects reloaded before import = 0
Number of asset objects unloaded after import = 0
========================================================================
Received Import Request.
  Time since last request: 0.055993 seconds.
  path: Assets/hand_recording.json
  artifactKey: Guid(1648982fab729f64ba373628dce343c1) Importer(815301076,1909f56bfc062723c751e8b465ee728b)
Start importing Assets/hand_recording.json using Guid(1648982fab729f64ba373628dce343c1) Importer(815301076,1909f56bfc062723c751e8b465ee728b) [PhysX] Initialized MultithreadedTaskDispatcher with 20 workers.
 -> (artifact id: '00000000000000000000000000000000') in 0.002624 seconds
Import Error Code:(4)
Message: Build asset version error: assets/hand_recording.json in SourceAssetDB has modification time of '2026-01-22T02:57:57.9315501Z' while content on disk has modification time of '2026-01-22T02:58:25.2516622Z'
  ERROR: Build asset version error: assets/hand_recording.json in SourceAssetDB has modification time of '2026-01-22T02:57:57.9315501Z' while content on disk has modification time of '2026-01-22T02:58:25.2516622Z'
Number of updated asset objects reloaded before import = 0
Number of asset objects unloaded after import = 0
========================================================================
Received Import Request.
  Time since last request: 0.054522 seconds.
  path: Assets/hand_recording.json
  artifactKey: Guid(1648982fab729f64ba373628dce343c1) Importer(815301076,1909f56bfc062723c751e8b465ee728b)
Start importing Assets/hand_recording.json using Guid(1648982fab729f64ba373628dce343c1) Importer(815301076,1909f56bfc062723c751e8b465ee728b) [PhysX] Initialized MultithreadedTaskDispatcher with 20 workers.
 -> (artifact id: '00000000000000000000000000000000') in 0.002137 seconds
Import Error Code:(4)
Message: Build asset version error: assets/hand_recording.json in SourceAssetDB has modification time of '2026-01-22T02:57:57.9315501Z' while content on disk has modification time of '2026-01-22T02:58:25.2516622Z'
  ERROR: Build asset version error: assets/hand_recording.json in SourceAssetDB has modification time of '2026-01-22T02:57:57.9315501Z' while content on disk has modification time of '2026-01-22T02:58:25.2516622Z'
Number of updated asset objects reloaded before import = 0
Number of asset objects unloaded after import = 0
========================================================================
Received Import Request.
  Time since last request: 0.056870 seconds.
  path: Assets/hand_recording.json
  artifactKey: Guid(1648982fab729f64ba373628dce343c1) Importer(815301076,1909f56bfc062723c751e8b465ee728b)
Start importing Assets/hand_recording.json using Guid(1648982fab729f64ba373628dce343c1) Importer(815301076,1909f56bfc062723c751e8b465ee728b) [PhysX] Initialized MultithreadedTaskDispatcher with 20 workers.
 -> (artifact id: '00000000000000000000000000000000') in 0.002873 seconds
Import Error Code:(4)
Message: Build asset version error: assets/hand_recording.json in SourceAssetDB has modification time of '2026-01-22T02:57:57.9315501Z' while content on disk has modification time of '2026-01-22T02:58:25.2516622Z'
  ERROR: Build asset version error: assets/hand_recording.json in SourceAssetDB has modification time of '2026-01-22T02:57:57.9315501Z' while content on disk has modification time of '2026-01-22T02:58:25.2516622Z'
Number of updated asset objects reloaded before import = 0
Number of asset objects unloaded after import = 0
========================================================================
Received Import Request.
  Time since last request: 0.053821 seconds.
  path: Assets/hand_recording.json
  artifactKey: Guid(1648982fab729f64ba373628dce343c1) Importer(815301076,1909f56bfc062723c751e8b465ee728b)
Start importing Assets/hand_recording.json using Guid(1648982fab729f64ba373628dce343c1) Importer(815301076,1909f56bfc062723c751e8b465ee728b) [PhysX] Initialized MultithreadedTaskDispatcher with 20 workers.
 -> (artifact id: '00000000000000000000000000000000') in 0.002296 seconds
Import Error Code:(4)
Message: Build asset version error: assets/hand_recording.json in SourceAssetDB has modification time of '2026-01-22T02:57:57.9315501Z' while content on disk has modification time of '2026-01-22T02:58:25.2516622Z'
  ERROR: Build asset version error: assets/hand_recording.json in SourceAssetDB has modification time of '2026-01-22T02:57:57.9315501Z' while content on disk has modification time of '2026-01-22T02:58:25.2516622Z'
Number of updated asset objects reloaded before import = 0
Number of asset objects unloaded after import = 0
========================================================================
Received Import Request.
  Time since last request: 0.055690 seconds.
  path: Assets/hand_recording.json
  artifactKey: Guid(1648982fab729f64ba373628dce343c1) Importer(815301076,1909f56bfc062723c751e8b465ee728b)
Start importing Assets/hand_recording.json using Guid(1648982fab729f64ba373628dce343c1) Importer(815301076,1909f56bfc062723c751e8b465ee728b) [PhysX] Initialized MultithreadedTaskDispatcher with 20 workers.
 -> (artifact id: '00000000000000000000000000000000') in 0.002060 seconds
Import Error Code:(4)
Message: Build asset version error: assets/hand_recording.json in SourceAssetDB has modification time of '2026-01-22T02:57:57.9315501Z' while content on disk has modification time of '2026-01-22T02:58:25.2516622Z'
  ERROR: Build asset version error: assets/hand_recording.json in SourceAssetDB has modification time of '2026-01-22T02:57:57.9315501Z' while content on disk has modification time of '2026-01-22T02:58:25.2516622Z'
Number of updated asset objects reloaded before import = 0
Number of asset objects unloaded after import = 0
========================================================================
Received Import Request.
  Time since last request: 0.055424 seconds.
  path: Assets/hand_recording.json
  artifactKey: Guid(1648982fab729f64ba373628dce343c1) Importer(815301076,1909f56bfc062723c751e8b465ee728b)
Start importing Assets/hand_recording.json using Guid(1648982fab729f64ba373628dce343c1) Importer(815301076,1909f56bfc062723c751e8b465ee728b) [PhysX] Initialized MultithreadedTaskDispatcher with 20 workers.
 -> (artifact id: '00000000000000000000000000000000') in 0.001926 seconds
Import Error Code:(4)
Message: Build asset version error: assets/hand_recording.json in SourceAssetDB has modification time of '2026-01-22T02:57:57.9315501Z' while content on disk has modification time of '2026-01-22T02:58:25.2516622Z'
  ERROR: Build asset version error: assets/hand_recording.json in SourceAssetDB has modification time of '2026-01-22T02:57:57.9315501Z' while content on disk has modification time of '2026-01-22T02:58:25.2516622Z'
Number of updated asset objects reloaded before import = 0
Number of asset objects unloaded after import = 0
========================================================================
Received Import Request.
  Time since last request: 0.056245 seconds.
  path: Assets/hand_recording.json
  artifactKey: Guid(1648982fab729f64ba373628dce343c1) Importer(815301076,1909f56bfc062723c751e8b465ee728b)
Start importing Assets/hand_recording.json using Guid(1648982fab729f64ba373628dce343c1) Importer(815301076,1909f56bfc062723c751e8b465ee728b) [PhysX] Initialized MultithreadedTaskDispatcher with 20 workers.
 -> (artifact id: '00000000000000000000000000000000') in 0.002070 seconds
Import Error Code:(4)
Message: Build asset version error: assets/hand_recording.json in SourceAssetDB has modification time of '2026-01-22T02:57:57.9315501Z' while content on disk has modification time of '2026-01-22T02:58:25.2516622Z'
  ERROR: Build asset version error: assets/hand_recording.json in SourceAssetDB has modification time of '2026-01-22T02:57:57.9315501Z' while content on disk has modification time of '2026-01-22T02:58:25.2516622Z'
Number of updated asset objects reloaded before import = 0
Number of asset objects unloaded after import = 0
========================================================================
Received Import Request.
  Time since last request: 0.054728 seconds.
  path: Assets/hand_recording.json
  artifactKey: Guid(1648982fab729f64ba373628dce343c1) Importer(815301076,1909f56bfc062723c751e8b465ee728b)
Start importing Assets/hand_recording.json using Guid(1648982fab729f64ba373628dce343c1) Importer(815301076,1909f56bfc062723c751e8b465ee728b) [PhysX] Initialized MultithreadedTaskDispatcher with 20 workers.
 -> (artifact id: '00000000000000000000000000000000') in 0.002061 seconds
Import Error Code:(4)
Message: Build asset version error: assets/hand_recording.json in SourceAssetDB has modification time of '2026-01-22T02:57:57.9315501Z' while content on disk has modification time of '2026-01-22T02:58:25.2516622Z'
  ERROR: Build asset version error: assets/hand_recording.json in SourceAssetDB has modification time of '2026-01-22T02:57:57.9315501Z' while content on disk has modification time of '2026-01-22T02:58:25.2516622Z'
Number of updated asset objects reloaded before import = 0
Number of asset objects unloaded after import = 0
========================================================================
Received Import Request.
  Time since last request: 0.055835 seconds.
  path: Assets/hand_recording.json
  artifactKey: Guid(1648982fab729f64ba373628dce343c1) Importer(815301076,1909f56bfc062723c751e8b465ee728b)
Start importing Assets/hand_recording.json using Guid(1648982fab729f64ba373628dce343c1) Importer(815301076,1909f56bfc062723c751e8b465ee728b) [PhysX] Initialized MultithreadedTaskDispatcher with 20 workers.
 -> (artifact id: '00000000000000000000000000000000') in 0.002646 seconds
Import Error Code:(4)
Message: Build asset version error: assets/hand_recording.json in SourceAssetDB has modification time of '2026-01-22T02:57:57.9315501Z' while content on disk has modification time of '2026-01-22T02:58:25.2516622Z'
  ERROR: Build asset version error: assets/hand_recording.json in SourceAssetDB has modification time of '2026-01-22T02:57:57.9315501Z' while content on disk has modification time of '2026-01-22T02:58:25.2516622Z'
Number of updated asset objects reloaded before import = 0
Number of asset objects unloaded after import = 0
========================================================================
Received Import Request.
  Time since last request: 0.054621 seconds.
  path: Assets/hand_recording.json
  artifactKey: Guid(1648982fab729f64ba373628dce343c1) Importer(815301076,1909f56bfc062723c751e8b465ee728b)
Start importing Assets/hand_recording.json using Guid(1648982fab729f64ba373628dce343c1) Importer(815301076,1909f56bfc062723c751e8b465ee728b) [PhysX] Initialized MultithreadedTaskDispatcher with 20 workers.
 -> (artifact id: '00000000000000000000000000000000') in 0.002137 seconds
Import Error Code:(4)
Message: Build asset version error: assets/hand_recording.json in SourceAssetDB has modification time of '2026-01-22T02:57:57.9315501Z' while content on disk has modification time of '2026-01-22T02:58:25.2516622Z'
  ERROR: Build asset version error: assets/hand_recording.json in SourceAssetDB has modification time of '2026-01-22T02:57:57.9315501Z' while content on disk has modification time of '2026-01-22T02:58:25.2516622Z'
Number of updated asset objects reloaded before import = 0
Number of asset objects unloaded after import = 0
========================================================================
Received Import Request.
  Time since last request: 149.840562 seconds.
  path: Assets/latency_log.csv
  artifactKey: Guid(c287aee21e7014b44862a86f06873de3) Importer(815301076,1909f56bfc062723c751e8b465ee728b)
Start importing Assets/latency_log.csv using Guid(c287aee21e7014b44862a86f06873de3) Importer(815301076,1909f56bfc062723c751e8b465ee728b) [PhysX] Initialized MultithreadedTaskDispatcher with 20 workers.
 -> (artifact id: 'c48f39ac1b7daf1f82de71dd403422d4') in 0.002134 seconds
Number of updated asset objects reloaded before import = 0
Number of asset objects unloaded after import = 1
========================================================================
Received Import Request.
  Time since last request: 15.416182 seconds.
  path: Assets/hand_recording.json
  artifactKey: Guid(1648982fab729f64ba373628dce343c1) Importer(815301076,1909f56bfc062723c751e8b465ee728b)
Start importing Assets/hand_recording.json using Guid(1648982fab729f64ba373628dce343c1) Importer(815301076,1909f56bfc062723c751e8b465ee728b) [PhysX] Initialized MultithreadedTaskDispatcher with 20 workers.
 -> (artifact id: 'ffd0bb8a531841e45ba4550930142d1c') in 0.001210 seconds
Number of updated asset objects reloaded before import = 0
Number of asset objects unloaded after import = 1
========================================================================
Received Prepare
Caller must complete domain reload
Begin MonoManager ReloadAssembly
Symbol file LoadedFromMemory is not a mono symbol file
- Loaded All Assemblies, in  0.337 seconds
Native extension for WindowsStandalone target not found
Native extension for Android target not found
Mono: successfully reloaded assembly
- Finished resetting the current domain, in  0.730 seconds
Domain Reload Profiling: 1065ms
	BeginReloadAssembly (109ms)
		ExecutionOrderSort (0ms)
		DisableScriptedObjects (3ms)
		BackupInstance (0ms)
		ReleaseScriptingObjects (0ms)
		CreateAndSetChildDomain (23ms)
	RebuildCommonClasses (22ms)
	RebuildNativeTypeToScriptingClass (7ms)
	initialDomainReloadingComplete (22ms)
	LoadAllAssembliesAndSetupDomain (176ms)
		LoadAssemblies (222ms)
		RebuildTransferFunctionScriptingTraits (0ms)
		AnalyzeDomain (12ms)
			TypeCache.Refresh (6ms)
				TypeCache.ScanAssembly (0ms)
			ScanForSourceGeneratedMonoScriptInfo (0ms)
			ResolveRequiredComponents (5ms)
	FinalizeReload (730ms)
		ReleaseScriptCaches (0ms)
		RebuildScriptCaches (0ms)
		SetupLoadedEditorAssemblies (313ms)
			LogAssemblyErrors (0ms)
			InitializePlatformSupportModulesInManaged (14ms)
			SetLoadedEditorAssemblies (3ms)
			RefreshPlugins (0ms)
			BeforeProcessingInitializeOnLoad (50ms)
			ProcessInitializeOnLoadAttributes (215ms)
			ProcessInitializeOnLoadMethodAttributes (24ms)
			AfterProcessingInitializeOnLoad (6ms)
			EditorAssembliesLoaded (0ms)
		ExecutionOrderSort2 (0ms)
		AwakeInstancesAfterBackupRestoration (6ms)
Refreshing native plugins compatible for Editor in 3.07 ms, found 3 plugins.
Preloading 0 native plugins for Editor in 0.00 ms.
Unloading 3295 Unused Serialized files (Serialized files now loaded: 0)
Unloading 15 unused Assets / (29.0 KB). Loaded Objects now: 3782.
Memory consumption went from 123.6 MB to 123.5 MB.
Total: 3.107000 ms (FindLiveObjects: 0.254300 ms CreateObjectMapping: 0.073400 ms MarkObjects: 2.737500 ms  DeleteObjects: 0.040500 ms)

Prepare: number of updated asset objects reloaded= 0
AssetImportParameters requested are different than current active one (requested -> active):
  custom:container-demuxer-ogg: 62fdf1f143b41e24485cea50d1cbac27 -> 
  custom:video-codec-MediaFoundation-h265: 746d11721c4dcdbdad8f713fa42b33f4 -> 
  custom:video-decoder-ogg-theora: a1e56fd34408186e4bbccfd4996cb3dc -> 
  custom:framework-win-MediaFoundation: 216162199b28c13a410421893ffa2e32 -> 
  custom:CustomObjectIndexerAttribute: 9a22284fe3817be447336de3de66b15e -> 
  custom:container-demuxer-webm: 4f35f7cbe854078d1ac9338744f61a02 -> 
  custom:container-muxer-webm: aa71ff27fc2769a1b78a27578f13a17b -> 
  custom:video-decoder-webm-vp8: 9c59270c3fd7afecdb556c50c9e8de78 -> 
  custom:SearchIndexIgnoredProperties: e643bd26f0fe6173181afceb89e7c659 -> 
  custom:AudioImporter_EditorPlatform: d09bf68614088b80899f8185d706f6e7 -> 
  custom:video-encoder-webm-vp8: eb34c28f22e8b96e1ab97ce403110664 -> 
  custom:audio-decoder-ogg-vorbis: bf7c407c2cedff20999df2af8eb42d56 -> 
  custom:audio-encoder-webm-vorbis: bf7c407c2cedff20999df2af8eb42d56 -> 
========================================================================
Received Import Request.
  Time since last request: 405.717589 seconds.
  path: Assets/latency_log.csv
  artifactKey: Guid(c287aee21e7014b44862a86f06873de3) Importer(815301076,1909f56bfc062723c751e8b465ee728b)
Start importing Assets/latency_log.csv using Guid(c287aee21e7014b44862a86f06873de3) Importer(815301076,1909f56bfc062723c751e8b465ee728b) [PhysX] Initialized MultithreadedTaskDispatcher with 20 workers.
 -> (artifact id: '6e9d5aebc1487f57a7a54026651a20c0') in 0.016674 seconds
Number of updated asset objects reloaded before import = 0
Number of asset objects unloaded after import = 1
========================================================================
Received Import Request.
  Time since last request: 52.518995 seconds.
  path: Assets/latency_log.csv
  artifactKey: Guid(c287aee21e7014b44862a86f06873de3) Importer(815301076,1909f56bfc062723c751e8b465ee728b)
Start importing Assets/latency_log.csv using Guid(c287aee21e7014b44862a86f06873de3) Importer(815301076,1909f56bfc062723c751e8b465ee728b) [PhysX] Initialized MultithreadedTaskDispatcher with 20 workers.
 -> (artifact id: '83fa758bcc677f26bddf9692c53a69d3') in 0.000945 seconds
Number of updated asset objects reloaded before import = 0
Number of asset objects unloaded after import = 1
========================================================================
Received Import Request.
  Time since last request: 29.723009 seconds.
  path: Assets/latency_log.csv
  artifactKey: Guid(c287aee21e7014b44862a86f06873de3) Importer(815301076,1909f56bfc062723c751e8b465ee728b)
Start importing Assets/latency_log.csv using Guid(c287aee21e7014b44862a86f06873de3) Importer(815301076,1909f56bfc062723c751e8b465ee728b) [PhysX] Initialized MultithreadedTaskDispatcher with 20 workers.
 -> (artifact id: 'a6ab924f1859eb4a8bc58d2b4c7cbbc8') in 0.000859 seconds
Number of updated asset objects reloaded before import = 0
Number of asset objects unloaded after import = 1
========================================================================
Received Import Request.
  Time since last request: 27.649083 seconds.
  path: Assets/latency_log.csv
  artifactKey: Guid(c287aee21e7014b44862a86f06873de3) Importer(815301076,1909f56bfc062723c751e8b465ee728b)
Start importing Assets/latency_log.csv using Guid(c287aee21e7014b44862a86f06873de3) Importer(815301076,1909f56bfc062723c751e8b465ee728b) [PhysX] Initialized MultithreadedTaskDispatcher with 20 workers.
 -> (artifact id: 'd5bce369fe3afbd23f21fa6e0edae746') in 0.000801 seconds
Number of updated asset objects reloaded before import = 0
Number of asset objects unloaded after import = 1
========================================================================
Received Import Request.
  Time since last request: 79.278917 seconds.
  path: Assets/hand_recording.json
  artifactKey: Guid(1648982fab729f64ba373628dce343c1) Importer(815301076,1909f56bfc062723c751e8b465ee728b)
Start importing Assets/hand_recording.json using Guid(1648982fab729f64ba373628dce343c1) Importer(815301076,1909f56bfc062723c751e8b465ee728b) [PhysX] Initialized MultithreadedTaskDispatcher with 20 workers.
 -> (artifact id: '2490ad486bfc9b92f897eaa74c8bf47f') in 0.000955 seconds
Number of updated asset objects reloaded before import = 0
Number of asset objects unloaded after import = 1
========================================================================
Received Prepare
Caller must complete domain reload
Begin MonoManager ReloadAssembly
Symbol file LoadedFromMemory is not a mono symbol file
- Loaded All Assemblies, in  1.586 seconds
Native extension for WindowsStandalone target not found
Native extension for Android target not found
Mono: successfully reloaded assembly
- Finished resetting the current domain, in  3.719 seconds
Domain Reload Profiling: 5298ms
	BeginReloadAssembly (452ms)
		ExecutionOrderSort (0ms)
		DisableScriptedObjects (14ms)
		BackupInstance (0ms)
		ReleaseScriptingObjects (0ms)
		CreateAndSetChildDomain (82ms)
	RebuildCommonClasses (100ms)
	RebuildNativeTypeToScriptingClass (32ms)
	initialDomainReloadingComplete (109ms)
	LoadAllAssembliesAndSetupDomain (884ms)
		LoadAssemblies (1057ms)
		RebuildTransferFunctionScriptingTraits (0ms)
		AnalyzeDomain (117ms)
			TypeCache.Refresh (39ms)
				TypeCache.ScanAssembly (2ms)
			ScanForSourceGeneratedMonoScriptInfo (27ms)
			ResolveRequiredComponents (44ms)
	FinalizeReload (3721ms)
		ReleaseScriptCaches (0ms)
		RebuildScriptCaches (0ms)
		SetupLoadedEditorAssemblies (1230ms)
			LogAssemblyErrors (0ms)
			InitializePlatformSupportModulesInManaged (59ms)
			SetLoadedEditorAssemblies (14ms)
			RefreshPlugins (0ms)
			BeforeProcessingInitializeOnLoad (188ms)
			ProcessInitializeOnLoadAttributes (852ms)
			ProcessInitializeOnLoadMethodAttributes (85ms)
			AfterProcessingInitializeOnLoad (31ms)
			EditorAssembliesLoaded (0ms)
		ExecutionOrderSort2 (0ms)
		AwakeInstancesAfterBackupRestoration (29ms)
Refreshing native plugins compatible for Editor in 11.55 ms, found 3 plugins.
Preloading 0 native plugins for Editor in 0.00 ms.
Unloading 3295 Unused Serialized files (Serialized files now loaded: 0)
Unloading 15 unused Assets / (29.0 KB). Loaded Objects now: 3785.
Memory consumption went from 123.6 MB to 123.5 MB.
Total: 8.106300 ms (FindLiveObjects: 0.544900 ms CreateObjectMapping: 0.267200 ms MarkObjects: 7.191300 ms  DeleteObjects: 0.100600 ms)

Prepare: number of updated asset objects reloaded= 0
AssetImportParameters requested are different than current active one (requested -> active):
  custom:container-demuxer-ogg: 62fdf1f143b41e24485cea50d1cbac27 -> 
  custom:video-codec-MediaFoundation-h265: 746d11721c4dcdbdad8f713fa42b33f4 -> 
  custom:video-decoder-ogg-theora: a1e56fd34408186e4bbccfd4996cb3dc -> 
  custom:framework-win-MediaFoundation: 216162199b28c13a410421893ffa2e32 -> 
  custom:CustomObjectIndexerAttribute: 9a22284fe3817be447336de3de66b15e -> 
  custom:container-demuxer-webm: 4f35f7cbe854078d1ac9338744f61a02 -> 
  custom:container-muxer-webm: aa71ff27fc2769a1b78a27578f13a17b -> 
  custom:video-decoder-webm-vp8: 9c59270c3fd7afecdb556c50c9e8de78 -> 
  custom:SearchIndexIgnoredProperties: e643bd26f0fe6173181afceb89e7c659 -> 
  custom:AudioImporter_EditorPlatform: d09bf68614088b80899f8185d706f6e7 -> 
  custom:video-encoder-webm-vp8: eb34c28f22e8b96e1ab97ce403110664 -> 
  custom:audio-decoder-ogg-vorbis: bf7c407c2cedff20999df2af8eb42d56 -> 
  custom:audio-encoder-webm-vorbis: bf7c407c2cedff20999df2af8eb42d56 -> 
========================================================================
Received Prepare
Caller must complete domain reload
Begin MonoManager ReloadAssembly
Symbol file LoadedFromMemory is not a mono symbol file
- Loaded All Assemblies, in  0.366 seconds
Native extension for WindowsStandalone target not found
Native extension for Android target not found
Mono: successfully reloaded assembly
- Finished resetting the current domain, in  0.770 seconds
Domain Reload Profiling: 1135ms
	BeginReloadAssembly (106ms)
		ExecutionOrderSort (0ms)
		DisableScriptedObjects (4ms)
		BackupInstance (0ms)
		ReleaseScriptingObjects (0ms)
		CreateAndSetChildDomain (19ms)
	RebuildCommonClasses (22ms)
	RebuildNativeTypeToScriptingClass (7ms)
	initialDomainReloadingComplete (21ms)
	LoadAllAssembliesAndSetupDomain (208ms)
		LoadAssemblies (245ms)
		RebuildTransferFunctionScriptingTraits (0ms)
		AnalyzeDomain (23ms)
			TypeCache.Refresh (10ms)
				TypeCache.ScanAssembly (0ms)
			ScanForSourceGeneratedMonoScriptInfo (6ms)
			ResolveRequiredComponents (6ms)
	FinalizeReload (771ms)
		ReleaseScriptCaches (0ms)
		RebuildScriptCaches (0ms)
		SetupLoadedEditorAssemblies (338ms)
			LogAssemblyErrors (0ms)
			InitializePlatformSupportModulesInManaged (18ms)
			SetLoadedEditorAssemblies (6ms)
			RefreshPlugins (0ms)
			BeforeProcessingInitializeOnLoad (57ms)
			ProcessInitializeOnLoadAttributes (228ms)
			ProcessInitializeOnLoadMethodAttributes (22ms)
			AfterProcessingInitializeOnLoad (6ms)
			EditorAssembliesLoaded (0ms)
		ExecutionOrderSort2 (0ms)
		AwakeInstancesAfterBackupRestoration (7ms)
Refreshing native plugins compatible for Editor in 2.18 ms, found 3 plugins.
Preloading 0 native plugins for Editor in 0.00 ms.
Unloading 3296 Unused Serialized files (Serialized files now loaded: 0)
Unloading 15 unused Assets / (29.0 KB). Loaded Objects now: 3788.
Memory consumption went from 123.8 MB to 123.8 MB.
Total: 3.298700 ms (FindLiveObjects: 0.206200 ms CreateObjectMapping: 0.088100 ms MarkObjects: 2.939500 ms  DeleteObjects: 0.063300 ms)

Prepare: number of updated asset objects reloaded= 0
AssetImportParameters requested are different than current active one (requested -> active):
  custom:container-demuxer-ogg: 62fdf1f143b41e24485cea50d1cbac27 -> 
  custom:video-codec-MediaFoundation-h265: 746d11721c4dcdbdad8f713fa42b33f4 -> 
  custom:video-decoder-ogg-theora: a1e56fd34408186e4bbccfd4996cb3dc -> 
  custom:framework-win-MediaFoundation: 216162199b28c13a410421893ffa2e32 -> 
  custom:CustomObjectIndexerAttribute: 9a22284fe3817be447336de3de66b15e -> 
  custom:container-demuxer-webm: 4f35f7cbe854078d1ac9338744f61a02 -> 
  custom:container-muxer-webm: aa71ff27fc2769a1b78a27578f13a17b -> 
  custom:video-decoder-webm-vp8: 9c59270c3fd7afecdb556c50c9e8de78 -> 
  custom:SearchIndexIgnoredProperties: e643bd26f0fe6173181afceb89e7c659 -> 
  custom:AudioImporter_EditorPlatform: d09bf68614088b80899f8185d706f6e7 -> 
  custom:video-encoder-webm-vp8: eb34c28f22e8b96e1ab97ce403110664 -> 
  custom:audio-decoder-ogg-vorbis: bf7c407c2cedff20999df2af8eb42d56 -> 
  custom:audio-encoder-webm-vorbis: bf7c407c2cedff20999df2af8eb42d56 -> 
========================================================================
Received Prepare
Caller must complete domain reload
Begin MonoManager ReloadAssembly
Symbol file LoadedFromMemory is not a mono symbol file
- Loaded All Assemblies, in  1.205 seconds
Native extension for WindowsStandalone target not found
Native extension for Android target not found
Mono: successfully reloaded assembly
- Finished resetting the current domain, in  3.127 seconds
Domain Reload Profiling: 4328ms
	BeginReloadAssembly (333ms)
		ExecutionOrderSort (0ms)
		DisableScriptedObjects (14ms)
		BackupInstance (0ms)
		ReleaseScriptingObjects (0ms)
		CreateAndSetChildDomain (61ms)
	RebuildCommonClasses (88ms)
	RebuildNativeTypeToScriptingClass (30ms)
	initialDomainReloadingComplete (68ms)
	LoadAllAssembliesAndSetupDomain (681ms)
		LoadAssemblies (820ms)
		RebuildTransferFunctionScriptingTraits (0ms)
		AnalyzeDomain (61ms)
			TypeCache.Refresh (21ms)
				TypeCache.ScanAssembly (0ms)
			ScanForSourceGeneratedMonoScriptInfo (1ms)
			ResolveRequiredComponents (33ms)
	FinalizeReload (3128ms)
		ReleaseScriptCaches (0ms)
		RebuildScriptCaches (0ms)
		SetupLoadedEditorAssemblies (1110ms)
			LogAssemblyErrors (0ms)
			InitializePlatformSupportModulesInManaged (44ms)
			SetLoadedEditorAssemblies (10ms)
			RefreshPlugins (0ms)
			BeforeProcessingInitializeOnLoad (186ms)
			ProcessInitializeOnLoadAttributes (775ms)
			ProcessInitializeOnLoadMethodAttributes (75ms)
			AfterProcessingInitializeOnLoad (20ms)
			EditorAssembliesLoaded (0ms)
		ExecutionOrderSort2 (0ms)
		AwakeInstancesAfterBackupRestoration (24ms)
Refreshing native plugins compatible for Editor in 13.12 ms, found 3 plugins.
Preloading 0 native plugins for Editor in 0.00 ms.
Unloading 3296 Unused Serialized files (Serialized files now loaded: 0)
Unloading 15 unused Assets / (29.0 KB). Loaded Objects now: 3791.
Memory consumption went from 123.8 MB to 123.8 MB.
Total: 10.427600 ms (FindLiveObjects: 0.724000 ms CreateObjectMapping: 0.574100 ms MarkObjects: 8.953300 ms  DeleteObjects: 0.173300 ms)

Prepare: number of updated asset objects reloaded= 0
AssetImportParameters requested are different than current active one (requested -> active):
  custom:container-demuxer-ogg: 62fdf1f143b41e24485cea50d1cbac27 -> 
  custom:video-codec-MediaFoundation-h265: 746d11721c4dcdbdad8f713fa42b33f4 -> 
  custom:video-decoder-ogg-theora: a1e56fd34408186e4bbccfd4996cb3dc -> 
  custom:framework-win-MediaFoundation: 216162199b28c13a410421893ffa2e32 -> 
  custom:CustomObjectIndexerAttribute: 9a22284fe3817be447336de3de66b15e -> 
  custom:container-demuxer-webm: 4f35f7cbe854078d1ac9338744f61a02 -> 
  custom:container-muxer-webm: aa71ff27fc2769a1b78a27578f13a17b -> 
  custom:video-decoder-webm-vp8: 9c59270c3fd7afecdb556c50c9e8de78 -> 
  custom:SearchIndexIgnoredProperties: e643bd26f0fe6173181afceb89e7c659 -> 
  custom:AudioImporter_EditorPlatform: d09bf68614088b80899f8185d706f6e7 -> 
  custom:video-encoder-webm-vp8: eb34c28f22e8b96e1ab97ce403110664 -> 
  custom:audio-decoder-ogg-vorbis: bf7c407c2cedff20999df2af8eb42d56 -> 
  custom:audio-encoder-webm-vorbis: bf7c407c2cedff20999df2af8eb42d56 -> 
========================================================================
Received Import Request.
  Time since last request: 3767.036946 seconds.
  path: Assets/hand_recording.json
  artifactKey: Guid(1648982fab729f64ba373628dce343c1) Importer(815301076,1909f56bfc062723c751e8b465ee728b)
Start importing Assets/hand_recording.json using Guid(1648982fab729f64ba373628dce343c1) Importer(815301076,1909f56bfc062723c751e8b465ee728b) [PhysX] Initialized MultithreadedTaskDispatcher with 20 workers.
 -> (artifact id: 'bf14713caf986de65236570c2f0de2f0') in 0.012445 seconds
Number of updated asset objects reloaded before import = 0
Number of asset objects unloaded after import = 1
========================================================================
Received Import Request.
  Time since last request: 16.621601 seconds.
  path: Assets/latency_log.csv
  artifactKey: Guid(c287aee21e7014b44862a86f06873de3) Importer(815301076,1909f56bfc062723c751e8b465ee728b)
Start importing Assets/latency_log.csv using Guid(c287aee21e7014b44862a86f06873de3) Importer(815301076,1909f56bfc062723c751e8b465ee728b) [PhysX] Initialized MultithreadedTaskDispatcher with 20 workers.
 -> (artifact id: 'd77f4c0627595623fc97e014b89cec42') in 0.002028 seconds
Number of updated asset objects reloaded before import = 0
Number of asset objects unloaded after import = 1
========================================================================
Received Prepare
Caller must complete domain reload
Begin MonoManager ReloadAssembly
Symbol file LoadedFromMemory is not a mono symbol file
- Loaded All Assemblies, in  1.149 seconds
Native extension for WindowsStandalone target not found
Native extension for Android target not found
Mono: successfully reloaded assembly
- Finished resetting the current domain, in  2.852 seconds
Domain Reload Profiling: 3993ms
	BeginReloadAssembly (333ms)
		ExecutionOrderSort (0ms)
		DisableScriptedObjects (12ms)
		BackupInstance (0ms)
		ReleaseScriptingObjects (0ms)
		CreateAndSetChildDomain (60ms)
	RebuildCommonClasses (87ms)
	RebuildNativeTypeToScriptingClass (29ms)
	initialDomainReloadingComplete (83ms)
	LoadAllAssembliesAndSetupDomain (608ms)
		LoadAssemblies (772ms)
		RebuildTransferFunctionScriptingTraits (0ms)
		AnalyzeDomain (42ms)
			TypeCache.Refresh (16ms)
				TypeCache.ScanAssembly (0ms)
			ScanForSourceGeneratedMonoScriptInfo (0ms)
			ResolveRequiredComponents (20ms)
	FinalizeReload (2854ms)
		ReleaseScriptCaches (0ms)
		RebuildScriptCaches (0ms)
		SetupLoadedEditorAssemblies (1057ms)
			LogAssemblyErrors (0ms)
			InitializePlatformSupportModulesInManaged (48ms)
			SetLoadedEditorAssemblies (11ms)
			RefreshPlugins (0ms)
			BeforeProcessingInitializeOnLoad (168ms)
			ProcessInitializeOnLoadAttributes (732ms)
			ProcessInitializeOnLoadMethodAttributes (73ms)
			AfterProcessingInitializeOnLoad (25ms)
			EditorAssembliesLoaded (1ms)
		ExecutionOrderSort2 (0ms)
		AwakeInstancesAfterBackupRestoration (22ms)
Refreshing native plugins compatible for Editor in 12.19 ms, found 3 plugins.
Preloading 0 native plugins for Editor in 0.00 ms.
Unloading 3295 Unused Serialized files (Serialized files now loaded: 0)
Unloading 15 unused Assets / (29.0 KB). Loaded Objects now: 3794.
Memory consumption went from 123.6 MB to 123.6 MB.
Total: 8.810900 ms (FindLiveObjects: 0.560700 ms CreateObjectMapping: 0.175900 ms MarkObjects: 7.947400 ms  DeleteObjects: 0.123700 ms)

Prepare: number of updated asset objects reloaded= 0
AssetImportParameters requested are different than current active one (requested -> active):
  custom:container-demuxer-ogg: 62fdf1f143b41e24485cea50d1cbac27 -> 
  custom:video-codec-MediaFoundation-h265: 746d11721c4dcdbdad8f713fa42b33f4 -> 
  custom:video-decoder-ogg-theora: a1e56fd34408186e4bbccfd4996cb3dc -> 
  custom:framework-win-MediaFoundation: 216162199b28c13a410421893ffa2e32 -> 
  custom:CustomObjectIndexerAttribute: 9a22284fe3817be447336de3de66b15e -> 
  custom:container-demuxer-webm: 4f35f7cbe854078d1ac9338744f61a02 -> 
  custom:container-muxer-webm: aa71ff27fc2769a1b78a27578f13a17b -> 
  custom:video-decoder-webm-vp8: 9c59270c3fd7afecdb556c50c9e8de78 -> 
  custom:SearchIndexIgnoredProperties: e643bd26f0fe6173181afceb89e7c659 -> 
  custom:AudioImporter_EditorPlatform: d09bf68614088b80899f8185d706f6e7 -> 
  custom:video-encoder-webm-vp8: eb34c28f22e8b96e1ab97ce403110664 -> 
  custom:audio-decoder-ogg-vorbis: bf7c407c2cedff20999df2af8eb42d56 -> 
  custom:audio-encoder-webm-vorbis: bf7c407c2cedff20999df2af8eb42d56 -> 
========================================================================
Received Import Request.
  Time since last request: 753.946390 seconds.
  path: Assets/latency_log.csv
  artifactKey: Guid(c287aee21e7014b44862a86f06873de3) Importer(815301076,1909f56bfc062723c751e8b465ee728b)
Start importing Assets/latency_log.csv using Guid(c287aee21e7014b44862a86f06873de3) Importer(815301076,1909f56bfc062723c751e8b465ee728b) [PhysX] Initialized MultithreadedTaskDispatcher with 20 workers.
 -> (artifact id: 'bdae39c290879ecb6c0ea32cd70765b8') in 0.010279 seconds
Number of updated asset objects reloaded before import = 0
Number of asset objects unloaded after import = 1
========================================================================
Received Import Request.
  Time since last request: 31.909482 seconds.
  path: Assets/latency_log.csv
  artifactKey: Guid(c287aee21e7014b44862a86f06873de3) Importer(815301076,1909f56bfc062723c751e8b465ee728b)
Start importing Assets/latency_log.csv using Guid(c287aee21e7014b44862a86f06873de3) Importer(815301076,1909f56bfc062723c751e8b465ee728b) [PhysX] Initialized MultithreadedTaskDispatcher with 20 workers.
 -> (artifact id: '778560e91fecc4108d29c73ac5183506') in 0.001618 seconds
Number of updated asset objects reloaded before import = 0
Number of asset objects unloaded after import = 1
========================================================================
Received Prepare
Caller must complete domain reload
Begin MonoManager ReloadAssembly
Symbol file LoadedFromMemory is not a mono symbol file
- Loaded All Assemblies, in  0.382 seconds
Native extension for WindowsStandalone target not found
Native extension for Android target not found
Mono: successfully reloaded assembly
- Finished resetting the current domain, in  0.866 seconds
Domain Reload Profiling: 1246ms
	BeginReloadAssembly (123ms)
		ExecutionOrderSort (0ms)
		DisableScriptedObjects (4ms)
		BackupInstance (0ms)
		ReleaseScriptingObjects (0ms)
		CreateAndSetChildDomain (25ms)
	RebuildCommonClasses (24ms)
	RebuildNativeTypeToScriptingClass (7ms)
	initialDomainReloadingComplete (25ms)
	LoadAllAssembliesAndSetupDomain (201ms)
		LoadAssemblies (255ms)
		RebuildTransferFunctionScriptingTraits (0ms)
		AnalyzeDomain (14ms)
			TypeCache.Refresh (5ms)
				TypeCache.ScanAssembly (0ms)
			ScanForSourceGeneratedMonoScriptInfo (0ms)
			ResolveRequiredComponents (6ms)
	FinalizeReload (866ms)
		ReleaseScriptCaches (0ms)
		RebuildScriptCaches (0ms)
		SetupLoadedEditorAssemblies (359ms)
			LogAssemblyErrors (0ms)
			InitializePlatformSupportModulesInManaged (17ms)
			SetLoadedEditorAssemblies (5ms)
			RefreshPlugins (0ms)
			BeforeProcessingInitializeOnLoad (54ms)
			ProcessInitializeOnLoadAttributes (250ms)
			ProcessInitializeOnLoadMethodAttributes (27ms)
			AfterProcessingInitializeOnLoad (6ms)
			EditorAssembliesLoaded (0ms)
		ExecutionOrderSort2 (0ms)
		AwakeInstancesAfterBackupRestoration (7ms)
Refreshing native plugins compatible for Editor in 18.57 ms, found 3 plugins.
Preloading 0 native plugins for Editor in 0.00 ms.
Unloading 3295 Unused Serialized files (Serialized files now loaded: 0)
Unloading 15 unused Assets / (29.1 KB). Loaded Objects now: 3797.
Memory consumption went from 123.6 MB to 123.6 MB.
Total: 8.711100 ms (FindLiveObjects: 0.827900 ms CreateObjectMapping: 0.341500 ms MarkObjects: 7.430500 ms  DeleteObjects: 0.109300 ms)

Prepare: number of updated asset objects reloaded= 0
AssetImportParameters requested are different than current active one (requested -> active):
  custom:container-demuxer-ogg: 62fdf1f143b41e24485cea50d1cbac27 -> 
  custom:video-codec-MediaFoundation-h265: 746d11721c4dcdbdad8f713fa42b33f4 -> 
  custom:video-decoder-ogg-theora: a1e56fd34408186e4bbccfd4996cb3dc -> 
  custom:framework-win-MediaFoundation: 216162199b28c13a410421893ffa2e32 -> 
  custom:CustomObjectIndexerAttribute: 9a22284fe3817be447336de3de66b15e -> 
  custom:container-demuxer-webm: 4f35f7cbe854078d1ac9338744f61a02 -> 
  custom:container-muxer-webm: aa71ff27fc2769a1b78a27578f13a17b -> 
  custom:video-decoder-webm-vp8: 9c59270c3fd7afecdb556c50c9e8de78 -> 
  custom:SearchIndexIgnoredProperties: e643bd26f0fe6173181afceb89e7c659 -> 
  custom:AudioImporter_EditorPlatform: d09bf68614088b80899f8185d706f6e7 -> 
  custom:video-encoder-webm-vp8: eb34c28f22e8b96e1ab97ce403110664 -> 
  custom:audio-decoder-ogg-vorbis: bf7c407c2cedff20999df2af8eb42d56 -> 
  custom:audio-encoder-webm-vorbis: bf7c407c2cedff20999df2af8eb42d56 -> 
========================================================================
Received Import Request.
  Time since last request: 496.062878 seconds.
  path: Assets/latency_log.csv
  artifactKey: Guid(c287aee21e7014b44862a86f06873de3) Importer(815301076,1909f56bfc062723c751e8b465ee728b)
Start importing Assets/latency_log.csv using Guid(c287aee21e7014b44862a86f06873de3) Importer(815301076,1909f56bfc062723c751e8b465ee728b) [PhysX] Initialized MultithreadedTaskDispatcher with 20 workers.
 -> (artifact id: 'f2806d5a069d59b3d3e1d4fd2d07d9c4') in 0.015564 seconds
Number of updated asset objects reloaded before import = 0
Number of asset objects unloaded after import = 1
========================================================================
Received Prepare
Caller must complete domain reload
Begin MonoManager ReloadAssembly
Symbol file LoadedFromMemory is not a mono symbol file
- Loaded All Assemblies, in  1.496 seconds
Native extension for WindowsStandalone target not found
Native extension for Android target not found
Mono: successfully reloaded assembly
- Finished resetting the current domain, in  1.179 seconds
Domain Reload Profiling: 2661ms
	BeginReloadAssembly (339ms)
		ExecutionOrderSort (0ms)
		DisableScriptedObjects (14ms)
		BackupInstance (0ms)
		ReleaseScriptingObjects (0ms)
		CreateAndSetChildDomain (63ms)
	RebuildCommonClasses (78ms)
	RebuildNativeTypeToScriptingClass (34ms)
	initialDomainReloadingComplete (133ms)
	LoadAllAssembliesAndSetupDomain (899ms)
		LoadAssemblies (1044ms)
		RebuildTransferFunctionScriptingTraits (0ms)
		AnalyzeDomain (59ms)
			TypeCache.Refresh (21ms)
				TypeCache.ScanAssembly (0ms)
			ScanForSourceGeneratedMonoScriptInfo (1ms)
			ResolveRequiredComponents (27ms)
	FinalizeReload (1179ms)
		ReleaseScriptCaches (0ms)
		RebuildScriptCaches (0ms)
		SetupLoadedEditorAssemblies (404ms)
			LogAssemblyErrors (0ms)
			InitializePlatformSupportModulesInManaged (18ms)
			SetLoadedEditorAssemblies (5ms)
			RefreshPlugins (0ms)
			BeforeProcessingInitializeOnLoad (56ms)
			ProcessInitializeOnLoadAttributes (283ms)
			ProcessInitializeOnLoadMethodAttributes (34ms)
			AfterProcessingInitializeOnLoad (7ms)
			EditorAssembliesLoaded (0ms)
		ExecutionOrderSort2 (0ms)
		AwakeInstancesAfterBackupRestoration (8ms)
Refreshing native plugins compatible for Editor in 8.57 ms, found 3 plugins.
Preloading 0 native plugins for Editor in 0.00 ms.
Unloading 3295 Unused Serialized files (Serialized files now loaded: 0)
Unloading 15 unused Assets / (29.0 KB). Loaded Objects now: 3800.
Memory consumption went from 123.6 MB to 123.6 MB.
Total: 4.573500 ms (FindLiveObjects: 0.253200 ms CreateObjectMapping: 0.099300 ms MarkObjects: 4.161400 ms  DeleteObjects: 0.058100 ms)

Prepare: number of updated asset objects reloaded= 0
AssetImportParameters requested are different than current active one (requested -> active):
  custom:container-demuxer-ogg: 62fdf1f143b41e24485cea50d1cbac27 -> 
  custom:video-codec-MediaFoundation-h265: 746d11721c4dcdbdad8f713fa42b33f4 -> 
  custom:video-decoder-ogg-theora: a1e56fd34408186e4bbccfd4996cb3dc -> 
  custom:framework-win-MediaFoundation: 216162199b28c13a410421893ffa2e32 -> 
  custom:CustomObjectIndexerAttribute: 9a22284fe3817be447336de3de66b15e -> 
  custom:container-demuxer-webm: 4f35f7cbe854078d1ac9338744f61a02 -> 
  custom:container-muxer-webm: aa71ff27fc2769a1b78a27578f13a17b -> 
  custom:video-decoder-webm-vp8: 9c59270c3fd7afecdb556c50c9e8de78 -> 
  custom:SearchIndexIgnoredProperties: e643bd26f0fe6173181afceb89e7c659 -> 
  custom:AudioImporter_EditorPlatform: d09bf68614088b80899f8185d706f6e7 -> 
  custom:video-encoder-webm-vp8: eb34c28f22e8b96e1ab97ce403110664 -> 
  custom:audio-decoder-ogg-vorbis: bf7c407c2cedff20999df2af8eb42d56 -> 
  custom:audio-encoder-webm-vorbis: bf7c407c2cedff20999df2af8eb42d56 -> 
========================================================================
Received Import Request.
  Time since last request: 302.594252 seconds.
  path: Assets/latency_log.csv
  artifactKey: Guid(c287aee21e7014b44862a86f06873de3) Importer(815301076,1909f56bfc062723c751e8b465ee728b)
Start importing Assets/latency_log.csv using Guid(c287aee21e7014b44862a86f06873de3) Importer(815301076,1909f56bfc062723c751e8b465ee728b) [PhysX] Initialized MultithreadedTaskDispatcher with 20 workers.
 -> (artifact id: 'c1e878447a58be969094818f2ffb522e') in 0.009534 seconds
Number of updated asset objects reloaded before import = 0
Number of asset objects unloaded after import = 1
========================================================================
Received Prepare
Caller must complete domain reload
Begin MonoManager ReloadAssembly
Symbol file LoadedFromMemory is not a mono symbol file
- Loaded All Assemblies, in  1.033 seconds
Native extension for WindowsStandalone target not found
Native extension for Android target not found
Mono: successfully reloaded assembly
- Finished resetting the current domain, in  3.069 seconds
Domain Reload Profiling: 4097ms
	BeginReloadAssembly (335ms)
		ExecutionOrderSort (0ms)
		DisableScriptedObjects (11ms)
		BackupInstance (0ms)
		ReleaseScriptingObjects (0ms)
		CreateAndSetChildDomain (51ms)
	RebuildCommonClasses (92ms)
	RebuildNativeTypeToScriptingClass (29ms)
	initialDomainReloadingComplete (66ms)
	LoadAllAssembliesAndSetupDomain (503ms)
		LoadAssemblies (688ms)
		RebuildTransferFunctionScriptingTraits (0ms)
		AnalyzeDomain (36ms)
			TypeCache.Refresh (14ms)
				TypeCache.ScanAssembly (0ms)
			ScanForSourceGeneratedMonoScriptInfo (1ms)
			ResolveRequiredComponents (15ms)
	FinalizeReload (3071ms)
		ReleaseScriptCaches (0ms)
		RebuildScriptCaches (0ms)
		SetupLoadedEditorAssemblies (1016ms)
			LogAssemblyErrors (0ms)
			InitializePlatformSupportModulesInManaged (53ms)
			SetLoadedEditorAssemblies (10ms)
			RefreshPlugins (0ms)
			BeforeProcessingInitializeOnLoad (167ms)
			ProcessInitializeOnLoadAttributes (695ms)
			ProcessInitializeOnLoadMethodAttributes (67ms)
			AfterProcessingInitializeOnLoad (23ms)
			EditorAssembliesLoaded (0ms)
		ExecutionOrderSort2 (0ms)
		AwakeInstancesAfterBackupRestoration (19ms)
Refreshing native plugins compatible for Editor in 14.69 ms, found 3 plugins.
Preloading 0 native plugins for Editor in 0.00 ms.
Unloading 3295 Unused Serialized files (Serialized files now loaded: 0)
Unloading 15 unused Assets / (29.0 KB). Loaded Objects now: 3803.
Memory consumption went from 123.6 MB to 123.6 MB.
Total: 7.783300 ms (FindLiveObjects: 0.379900 ms CreateObjectMapping: 0.185100 ms MarkObjects: 7.110900 ms  DeleteObjects: 0.106000 ms)

Prepare: number of updated asset objects reloaded= 0
AssetImportParameters requested are different than current active one (requested -> active):
  custom:container-demuxer-ogg: 62fdf1f143b41e24485cea50d1cbac27 -> 
  custom:video-codec-MediaFoundation-h265: 746d11721c4dcdbdad8f713fa42b33f4 -> 
  custom:video-decoder-ogg-theora: a1e56fd34408186e4bbccfd4996cb3dc -> 
  custom:framework-win-MediaFoundation: 216162199b28c13a410421893ffa2e32 -> 
  custom:CustomObjectIndexerAttribute: 9a22284fe3817be447336de3de66b15e -> 
  custom:container-demuxer-webm: 4f35f7cbe854078d1ac9338744f61a02 -> 
  custom:container-muxer-webm: aa71ff27fc2769a1b78a27578f13a17b -> 
  custom:video-decoder-webm-vp8: 9c59270c3fd7afecdb556c50c9e8de78 -> 
  custom:SearchIndexIgnoredProperties: e643bd26f0fe6173181afceb89e7c659 -> 
  custom:AudioImporter_EditorPlatform: d09bf68614088b80899f8185d706f6e7 -> 
  custom:video-encoder-webm-vp8: eb34c28f22e8b96e1ab97ce403110664 -> 
  custom:audio-decoder-ogg-vorbis: bf7c407c2cedff20999df2af8eb42d56 -> 
  custom:audio-encoder-webm-vorbis: bf7c407c2cedff20999df2af8eb42d56 -> 
========================================================================
Received Import Request.
  Time since last request: 250.391125 seconds.
  path: Assets/hand_recording.json
  artifactKey: Guid(1648982fab729f64ba373628dce343c1) Importer(815301076,1909f56bfc062723c751e8b465ee728b)
Start importing Assets/hand_recording.json using Guid(1648982fab729f64ba373628dce343c1) Importer(815301076,1909f56bfc062723c751e8b465ee728b) [PhysX] Initialized MultithreadedTaskDispatcher with 20 workers.
 -> (artifact id: '1465f089dd09c6ffe8cc40323beaebf9') in 0.023420 seconds
Number of updated asset objects reloaded before import = 0
Number of asset objects unloaded after import = 1
========================================================================
Received Import Request.
  Time since last request: 103.109266 seconds.
  path: Assets/latency_log.csv
  artifactKey: Guid(c287aee21e7014b44862a86f06873de3) Importer(815301076,1909f56bfc062723c751e8b465ee728b)
Start importing Assets/latency_log.csv using Guid(c287aee21e7014b44862a86f06873de3) Importer(815301076,1909f56bfc062723c751e8b465ee728b) [PhysX] Initialized MultithreadedTaskDispatcher with 20 workers.
 -> (artifact id: 'e146351633c50256f4d401dd4f179460') in 0.000968 seconds
Number of updated asset objects reloaded before import = 0
Number of asset objects unloaded after import = 1
========================================================================
Received Prepare
Caller must complete domain reload
Begin MonoManager ReloadAssembly
Symbol file LoadedFromMemory is not a mono symbol file
- Loaded All Assemblies, in  0.321 seconds
Native extension for WindowsStandalone target not found
Native extension for Android target not found
Mono: successfully reloaded assembly
- Finished resetting the current domain, in  0.757 seconds
Domain Reload Profiling: 1077ms
	BeginReloadAssembly (113ms)
		ExecutionOrderSort (0ms)
		DisableScriptedObjects (4ms)
		BackupInstance (0ms)
		ReleaseScriptingObjects (0ms)
		CreateAndSetChildDomain (21ms)
	RebuildCommonClasses (23ms)
	RebuildNativeTypeToScriptingClass (7ms)
	initialDomainReloadingComplete (22ms)
	LoadAllAssembliesAndSetupDomain (154ms)
		LoadAssemblies (208ms)
		RebuildTransferFunctionScriptingTraits (0ms)
		AnalyzeDomain (11ms)
			TypeCache.Refresh (4ms)
				TypeCache.ScanAssembly (0ms)
			ScanForSourceGeneratedMonoScriptInfo (0ms)
			ResolveRequiredComponents (5ms)
	FinalizeReload (757ms)
		ReleaseScriptCaches (0ms)
		RebuildScriptCaches (0ms)
		SetupLoadedEditorAssemblies (359ms)
			LogAssemblyErrors (0ms)
			InitializePlatformSupportModulesInManaged (17ms)
			SetLoadedEditorAssemblies (4ms)
			RefreshPlugins (0ms)
			BeforeProcessingInitializeOnLoad (54ms)
			ProcessInitializeOnLoadAttributes (241ms)
			ProcessInitializeOnLoadMethodAttributes (31ms)
			AfterProcessingInitializeOnLoad (11ms)
			EditorAssembliesLoaded (0ms)
		ExecutionOrderSort2 (0ms)
		AwakeInstancesAfterBackupRestoration (7ms)
Refreshing native plugins compatible for Editor in 3.02 ms, found 3 plugins.
Preloading 0 native plugins for Editor in 0.00 ms.
Unloading 3295 Unused Serialized files (Serialized files now loaded: 0)
Unloading 15 unused Assets / (29.0 KB). Loaded Objects now: 3806.
Memory consumption went from 123.6 MB to 123.6 MB.
Total: 2.390400 ms (FindLiveObjects: 0.164200 ms CreateObjectMapping: 0.061100 ms MarkObjects: 2.131200 ms  DeleteObjects: 0.033200 ms)

Prepare: number of updated asset objects reloaded= 0
AssetImportParameters requested are different than current active one (requested -> active):
  custom:container-demuxer-ogg: 62fdf1f143b41e24485cea50d1cbac27 -> 
  custom:video-codec-MediaFoundation-h265: 746d11721c4dcdbdad8f713fa42b33f4 -> 
  custom:video-decoder-ogg-theora: a1e56fd34408186e4bbccfd4996cb3dc -> 
  custom:framework-win-MediaFoundation: 216162199b28c13a410421893ffa2e32 -> 
  custom:CustomObjectIndexerAttribute: 9a22284fe3817be447336de3de66b15e -> 
  custom:container-demuxer-webm: 4f35f7cbe854078d1ac9338744f61a02 -> 
  custom:container-muxer-webm: aa71ff27fc2769a1b78a27578f13a17b -> 
  custom:video-decoder-webm-vp8: 9c59270c3fd7afecdb556c50c9e8de78 -> 
  custom:SearchIndexIgnoredProperties: e643bd26f0fe6173181afceb89e7c659 -> 
  custom:AudioImporter_EditorPlatform: d09bf68614088b80899f8185d706f6e7 -> 
  custom:video-encoder-webm-vp8: eb34c28f22e8b96e1ab97ce403110664 -> 
  custom:audio-decoder-ogg-vorbis: bf7c407c2cedff20999df2af8eb42d56 -> 
  custom:audio-encoder-webm-vorbis: bf7c407c2cedff20999df2af8eb42d56 -> 
========================================================================
Received Import Request.
  Time since last request: 153.561496 seconds.
  path: Assets/latency_log.csv
  artifactKey: Guid(c287aee21e7014b44862a86f06873de3) Importer(815301076,1909f56bfc062723c751e8b465ee728b)
Start importing Assets/latency_log.csv using Guid(c287aee21e7014b44862a86f06873de3) Importer(815301076,1909f56bfc062723c751e8b465ee728b) [PhysX] Initialized MultithreadedTaskDispatcher with 20 workers.
 -> (artifact id: '8fd9e39e7a47cd48d5a8a4cef8101be4') in 0.009483 seconds
Number of updated asset objects reloaded before import = 0
Number of asset objects unloaded after import = 1
