{"cameraMode":{"drawMode":0,"name":"Shaded","section":"Shading Mode"},"sceneLighting":true,"audioPlay":false,"sceneViewState":{"m_AlwaysRefresh":false,"showFog":true,"showSkybox":true,"showFlares":true,"showImageEffects":true,"showParticleSystems":true,"showVisualEffectGraphs":true,"m_FxEnabled":true},"in2DMode":false,"pivot":{"x":-6.441356658935547,"y":-0.01563933864235878,"z":-15.490484237670899},"rotation":{"x":0.0023653688840568067,"y":-0.980290412902832,"z":0.01177421398460865,"w":0.19729270040988923},"size":8.724459648132325,"orthographic":false}