{"cameraMode":{"drawMode":0,"name":"Shaded","section":"Shading Mode"},"sceneLighting":true,"audioPlay":false,"sceneViewState":{"m_AlwaysRefresh":false,"showFog":true,"showSkybox":true,"showFlares":true,"showImageEffects":true,"showParticleSystems":true,"showVisualEffectGraphs":true,"m_FxEnabled":true},"in2DMode":false,"pivot":{"x":-10.013117790222168,"y":-1.8249683380126954,"z":-12.270720481872559},"rotation":{"x":0.018319858238101007,"y":-0.9424434900283814,"z":0.05237017199397087,"w":0.32978305220603945},"size":8.276508331298829,"orthographic":false}