{"cameraMode":{"drawMode":0,"name":"Shaded","section":"Shading Mode"},"sceneLighting":true,"audioPlay":false,"sceneViewState":{"m_AlwaysRefresh":false,"showFog":true,"showSkybox":true,"showFlares":true,"showImageEffects":true,"showParticleSystems":true,"showVisualEffectGraphs":true,"m_FxEnabled":true},"in2DMode":false,"pivot":{"x":-1.972616195678711,"y":0.2981642782688141,"z":-24.404296875},"rotation":{"x":0.00013317317643668503,"y":0.9990733861923218,"z":0.0029876912012696268,"w":-0.04350055381655693},"size":12.798807144165039,"orthographic":false}