{"cameraMode":{"drawMode":0,"name":"Shaded","section":"Shading Mode"},"sceneLighting":false,"audioPlay":false,"sceneViewState":{"m_AlwaysRefresh":false,"showFog":false,"showSkybox":false,"showFlares":false,"showImageEffects":false,"showParticleSystems":false,"showVisualEffectGraphs":true,"m_FxEnabled":true},"in2DMode":false,"pivot":{"x":-1.278963327407837,"y":2.1256232261657717,"z":-2.914457082748413},"rotation":{"x":0.0007323700119741261,"y":-0.9948724508285523,"z":0.007172212470322847,"w":0.10124953836202622},"size":2.584704637527466,"orthographic":false}